order_id,product_id,quantity,unit_price,discount
1,55,4,16.78,0.0
1,89,2,15.09,0.0
1,3,1,210.73,0.0
2,102,3,104.68,0.0
2,7,1,23.82,0.1
2,65,4,759.55,0.0
2,84,3,62.27,0.0
2,21,4,82.02,0.2
3,114,1,14.07,0.0
3,112,1,10.05,0.0
4,2,4,26.52,0.0
4,93,3,68.0,0.0
5,20,2,17.08,0.1
5,12,3,61.23,0.0
5,84,4,62.27,0.0
5,74,1,36.95,0.0
5,17,4,30.4,0.0
6,10,3,121.49,0.0
6,63,1,19.91,0.0
6,40,3,72.98,0.0
7,37,2,921.79,0.1
8,29,3,102.09,0.0
8,96,1,13.59,0.1
8,64,4,248.26,0.0
9,32,1,37.01,0.0
9,38,1,37.51,0.0
9,64,1,248.26,0.0
9,10,2,121.49,0.0
10,85,4,22.44,0.0
10,115,4,22.31,0.1
10,69,3,149.0,0.0
10,39,1,813.85,0.0
10,42,1,13.33,0.0
11,116,1,340.28,0.15
11,52,3,15.79,0.0
11,14,1,74.09,0.0
12,36,2,76.85,0.0
12,118,2,369.42,0.0
12,47,4,25.63,0.0
13,47,4,25.63,0.0
13,87,1,400.13,0.0
13,43,1,23.13,0.0
13,111,3,36.67,0.0
13,20,1,17.08,0.0
14,20,2,17.08,0.0
14,64,1,248.26,0.0
14,63,1,19.91,0.0
14,95,1,31.66,0.1
14,21,4,82.02,0.0
15,4,1,30.61,0.0
16,2,3,26.52,0.15
17,51,2,37.61,0.0
17,23,4,25.86,0.1
17,75,1,350.21,0.0
17,92,2,66.97,0.0
17,78,3,137.74,0.1
18,99,4,38.04,0.1
18,80,3,21.1,0.2
18,46,4,1072.61,0.0
19,53,3,108.15,0.0
19,35,1,273.54,0.0
19,119,2,44.92,0.0
19,15,4,50.98,0.0
20,3,4,210.73,0.0
21,88,1,13.67,0.0
21,53,4,108.15,0.0
21,26,2,36.15,0.0
21,69,3,149.0,0.0
21,44,4,18.46,0.0
22,60,1,91.68,0.0
22,2,2,26.52,0.0
22,6,3,79.0,0.1
22,9,1,35.83,0.0
22,50,1,36.36,0.0
23,119,2,44.92,0.0
23,81,3,31.68,0.0
24,33,4,19.5,0.0
24,32,3,37.01,0.0
24,84,3,62.27,0.1
24,75,4,350.21,0.1
24,70,3,28.81,0.0
25,78,1,137.74,0.0
26,64,4,248.26,0.0
26,14,1,74.09,0.0
26,59,1,90.35,0.0
26,35,4,273.54,0.1
26,16,3,15.62,0.0
27,38,1,37.51,0.0
27,28,2,93.78,0.0
27,10,1,121.49,0.0
28,76,4,10.64,0.1
28,70,2,28.81,0.15
28,68,1,34.7,0.0
28,4,2,30.61,0.0
29,119,1,44.92,0.0
29,36,4,76.85,0.1
29,76,4,10.64,0.15
30,73,2,111.85,0.0
30,1,1,74.48,0.0
31,106,3,46.75,0.1
32,74,3,36.95,0.0
32,87,4,400.13,0.0
32,48,3,128.2,0.0
32,86,1,230.89,0.0
32,107,1,257.39,0.0
33,55,3,16.78,0.15
34,10,3,121.49,0.0
34,4,1,30.61,0.0
34,77,3,15.68,0.0
34,6,2,79.0,0.0
34,53,3,108.15,0.0
35,54,2,27.62,0.0
35,45,1,28.82,0.1
35,83,1,34.02,0.0
36,66,1,405.53,0.1
37,40,1,72.98,0.1
37,82,1,55.45,0.0
38,38,2,37.51,0.0
38,72,1,27.53,0.2
38,86,2,230.89,0.0
38,78,1,137.74,0.0
39,23,4,25.86,0.0
39,51,3,37.61,0.0
39,94,1,8.62,0.0
39,56,2,180.17,0.0
39,33,4,19.5,0.0
40,101,2,29.93,0.15
40,15,3,50.98,0.0
40,29,1,102.09,0.0
40,55,3,16.78,0.0
40,108,1,27.5,0.15
41,37,1,921.79,0.0
41,35,1,273.54,0.0
42,84,4,62.27,0.0
42,37,4,921.79,0.0
42,51,3,37.61,0.1
43,15,2,50.98,0.0
43,5,2,95.87,0.0
43,94,4,8.62,0.0
43,42,2,13.33,0.1
44,60,2,91.68,0.1
45,14,4,74.09,0.0
46,110,4,59.35,0.0
46,26,1,36.15,0.0
47,45,1,28.82,0.0
47,63,2,19.91,0.1
47,112,1,10.05,0.0
48,52,2,15.79,0.0
48,46,3,1072.61,0.1
48,22,1,133.91,0.0
49,82,4,55.45,0.0
50,116,1,340.28,0.1
50,95,3,31.66,0.1
50,37,1,921.79,0.15
50,99,1,38.04,0.0
51,42,4,13.33,0.0
52,88,1,13.67,0.1
53,25,1,11.98,0.1
53,101,2,29.93,0.0
53,5,3,95.87,0.0
53,49,1,23.55,0.0
53,85,1,22.44,0.0
54,2,3,26.52,0.0
54,108,1,27.5,0.0
54,112,3,10.05,0.0
55,103,4,101.9,0.0
56,60,1,91.68,0.0
56,24,1,20.63,0.0
56,36,2,76.85,0.2
56,33,1,19.5,0.0
56,71,3,114.05,0.0
57,99,2,38.04,0.0
57,60,3,91.68,0.0
58,113,3,570.95,0.1
58,77,2,15.68,0.0
59,61,4,37.44,0.0
60,8,2,274.79,0.0
60,30,1,18.03,0.1
60,53,3,108.15,0.0
61,19,2,207.39,0.0
61,79,1,73.8,0.1
62,74,3,36.95,0.0
62,87,1,400.13,0.0
62,102,3,104.68,0.0
63,13,2,290.11,0.15
63,94,3,8.62,0.0
63,57,2,260.52,0.0
63,8,3,274.79,0.0
63,51,2,37.61,0.0
64,30,4,18.03,0.0
64,85,2,22.44,0.0
64,111,1,36.67,0.0
64,98,2,979.01,0.0
65,118,2,369.42,0.1
66,38,3,37.51,0.0
66,42,3,13.33,0.0
66,118,2,369.42,0.0
66,78,4,137.74,0.0
67,27,2,86.91,0.0
67,77,2,15.68,0.0
67,8,2,274.79,0.0
68,41,1,61.94,0.0
69,12,2,61.23,0.0
69,21,3,82.02,0.0
69,112,2,10.05,0.0
70,112,3,10.05,0.0
71,58,3,22.91,0.2
72,13,1,290.11,0.0
72,111,2,36.67,0.0
73,28,4,93.78,0.0
73,45,1,28.82,0.0
73,88,4,13.67,0.1
73,39,1,813.85,0.0
73,59,3,90.35,0.0
74,66,4,405.53,0.0
74,115,4,22.31,0.15
74,103,2,101.9,0.0
75,33,3,19.5,0.0
75,76,3,10.64,0.0
75,36,2,76.85,0.0
76,81,4,31.68,0.0
77,92,4,66.97,0.0
77,41,4,61.94,0.2
77,25,1,11.98,0.0
78,98,3,979.01,0.15
78,1,1,74.48,0.0
78,10,1,121.49,0.1
78,26,4,36.15,0.0
79,118,2,369.42,0.0
79,120,1,87.36,0.0
79,86,2,230.89,0.0
80,118,3,369.42,0.0
80,21,2,82.02,0.0
80,5,1,95.87,0.0
80,116,1,340.28,0.1
80,89,4,15.09,0.15
81,3,4,210.73,0.0
81,38,3,37.51,0.0
81,85,3,22.44,0.0
81,115,3,22.31,0.0
82,25,3,11.98,0.1
83,30,3,18.03,0.0
83,116,1,340.28,0.0
83,5,4,95.87,0.0
83,96,3,13.59,0.0
83,4,4,30.61,0.0
84,86,4,230.89,0.1
84,2,4,26.52,0.0
85,20,4,17.08,0.0
86,74,2,36.95,0.0
86,13,3,290.11,0.0
86,40,4,72.98,0.0
86,115,4,22.31,0.0
87,86,2,230.89,0.0
87,6,2,79.0,0.0
87,18,2,673.88,0.0
87,1,2,74.48,0.0
88,115,4,22.31,0.0
89,28,4,93.78,0.0
89,81,4,31.68,0.0
89,19,4,207.39,0.0
89,5,2,95.87,0.0
89,74,2,36.95,0.0
90,38,3,37.51,0.0
90,32,4,37.01,0.0
90,87,2,400.13,0.0
91,18,2,673.88,0.2
91,120,2,87.36,0.0
92,99,4,38.04,0.0
93,26,2,36.15,0.0
94,50,1,36.36,0.0
95,46,3,1072.61,0.0
95,56,3,180.17,0.15
95,71,3,114.05,0.0
95,82,3,55.45,0.0
96,26,1,36.15,0.0
96,2,4,26.52,0.0
96,69,3,149.0,0.0
96,58,1,22.91,0.1
96,63,4,19.91,0.0
97,99,3,38.04,0.0
97,83,4,34.02,0.0
98,93,4,68.0,0.1
98,95,4,31.66,0.0
98,5,2,95.87,0.0
98,61,4,37.44,0.0
99,6,3,79.0,0.0
99,101,1,29.93,0.0
99,63,3,19.91,0.0
99,99,1,38.04,0.0
100,38,2,37.51,0.0
101,47,4,25.63,0.0
102,16,1,15.62,0.0
103,101,4,29.93,0.0
103,120,3,87.36,0.1
104,9,2,35.83,0.15
104,31,2,527.26,0.0
105,74,4,36.95,0.0
105,13,4,290.11,0.0
105,52,1,15.79,0.0
105,71,3,114.05,0.15
105,84,2,62.27,0.0
106,14,3,74.09,0.0
107,71,1,114.05,0.1
107,46,3,1072.61,0.0
107,107,4,257.39,0.2
107,96,1,13.59,0.0
108,7,1,23.82,0.0
108,8,3,274.79,0.0
109,4,2,30.61,0.0
109,78,3,137.74,0.0
109,35,3,273.54,0.1
109,106,2,46.75,0.15
109,119,2,44.92,0.15
110,99,2,38.04,0.0
111,30,3,18.03,0.0
112,7,1,23.82,0.1
112,74,3,36.95,0.0
112,107,1,257.39,0.0
113,25,2,11.98,0.0
113,92,1,66.97,0.1
114,12,4,61.23,0.0
114,84,1,62.27,0.1
115,67,1,38.0,0.0
115,86,1,230.89,0.0
115,33,4,19.5,0.15
115,27,4,86.91,0.0
116,90,4,109.37,0.15
116,83,3,34.02,0.0
116,49,4,23.55,0.0
116,39,4,813.85,0.0
116,97,3,15.51,0.0
117,119,3,44.92,0.0
117,10,4,121.49,0.0
117,32,1,37.01,0.1
117,114,2,14.07,0.0
118,105,4,45.11,0.1
118,55,4,16.78,0.0
118,25,3,11.98,0.2
119,86,2,230.89,0.0
119,54,3,27.62,0.0
120,66,2,405.53,0.0
120,95,1,31.66,0.0
120,87,2,400.13,0.2
121,98,1,979.01,0.0
121,93,3,68.0,0.15
121,17,1,30.4,0.0
122,86,1,230.89,0.0
122,13,4,290.11,0.0
122,63,3,19.91,0.0
123,69,3,149.0,0.0
123,51,4,37.61,0.0
123,91,2,128.38,0.0
123,60,4,91.68,0.15
124,112,1,10.05,0.0
124,108,2,27.5,0.0
125,118,3,369.42,0.0
125,90,3,109.37,0.15
125,115,3,22.31,0.0
125,86,2,230.89,0.0
125,9,1,35.83,0.0
126,38,3,37.51,0.0
127,44,4,18.46,0.0
127,76,3,10.64,0.0
128,118,4,369.42,0.2
128,76,4,10.64,0.2
128,3,3,210.73,0.0
128,39,2,813.85,0.0
128,55,1,16.78,0.2
129,109,3,24.7,0.0
130,39,1,813.85,0.0
131,54,4,27.62,0.0
131,10,3,121.49,0.0
131,31,2,527.26,0.0
131,49,2,23.55,0.0
132,17,2,30.4,0.0
133,93,2,68.0,0.2
133,53,2,108.15,0.0
133,43,4,23.13,0.0
134,116,4,340.28,0.0
135,108,2,27.5,0.0
135,82,1,55.45,0.0
135,38,2,37.51,0.0
136,11,2,362.9,0.1
136,25,3,11.98,0.0
136,2,4,26.52,0.1
136,14,4,74.09,0.0
136,107,3,257.39,0.0
137,82,1,55.45,0.0
137,41,4,61.94,0.0
137,47,2,25.63,0.0
138,58,2,22.91,0.0
138,59,4,90.35,0.0
139,58,3,22.91,0.1
139,90,3,109.37,0.0
139,69,4,149.0,0.0
139,72,3,27.53,0.0
139,10,1,121.49,0.0
140,66,4,405.53,0.0
140,57,1,260.52,0.0
140,96,3,13.59,0.0
140,81,1,31.68,0.0
140,78,2,137.74,0.0
141,14,2,74.09,0.2
142,68,1,34.7,0.1
143,104,1,291.82,0.0
143,37,2,921.79,0.0
143,116,2,340.28,0.0
144,97,3,15.51,0.0
145,107,1,257.39,0.0
145,15,3,50.98,0.0
145,47,2,25.63,0.0
145,97,4,15.51,0.0
145,93,3,68.0,0.0
146,14,3,74.09,0.0
146,95,4,31.66,0.0
146,48,4,128.2,0.2
146,51,1,37.61,0.0
147,110,1,59.35,0.0
147,86,1,230.89,0.15
148,22,2,133.91,0.0
148,62,3,151.53,0.0
149,50,4,36.36,0.0
150,109,3,24.7,0.15
150,19,2,207.39,0.1
150,97,4,15.51,0.0
151,67,4,38.0,0.0
152,56,2,180.17,0.0
152,53,2,108.15,0.2
152,9,3,35.83,0.0
152,36,2,76.85,0.0
153,88,1,13.67,0.0
153,82,4,55.45,0.0
153,80,3,21.1,0.0
153,119,1,44.92,0.0
154,57,2,260.52,0.0
154,93,3,68.0,0.0
154,34,1,95.61,0.0
154,20,3,17.08,0.1
155,93,3,68.0,0.0
155,34,3,95.61,0.0
156,8,1,274.79,0.0
156,46,3,1072.61,0.0
156,118,2,369.42,0.0
156,105,3,45.11,0.0
156,10,3,121.49,0.0
157,116,1,340.28,0.0
157,110,3,59.35,0.0
157,52,1,15.79,0.15
157,82,1,55.45,0.0
158,88,3,13.67,0.0
158,4,2,30.61,0.0
158,83,1,34.02,0.0
158,116,2,340.28,0.0
158,91,1,128.38,0.0
159,30,3,18.03,0.0
159,33,4,19.5,0.1
160,62,1,151.53,0.15
160,58,3,22.91,0.2
160,38,1,37.51,0.0
160,103,4,101.9,0.15
160,73,4,111.85,0.0
161,76,1,10.64,0.0
161,5,4,95.87,0.0
161,72,3,27.53,0.0
161,2,1,26.52,0.15
162,67,3,38.0,0.0
162,97,4,15.51,0.0
163,69,3,149.0,0.15
163,103,4,101.9,0.0
163,90,2,109.37,0.0
164,43,3,23.13,0.0
164,74,1,36.95,0.0
165,27,1,86.91,0.0
166,115,3,22.31,0.0
166,18,1,673.88,0.0
167,50,1,36.36,0.0
167,64,4,248.26,0.0
167,90,3,109.37,0.0
167,103,4,101.9,0.0
167,118,1,369.42,0.0
168,59,2,90.35,0.0
169,112,4,10.05,0.1
169,37,4,921.79,0.0
169,120,4,87.36,0.1
169,118,2,369.42,0.0
170,59,4,90.35,0.0
170,33,1,19.5,0.0
171,84,2,62.27,0.0
171,37,2,921.79,0.2
172,78,4,137.74,0.0
172,51,4,37.61,0.0
172,36,4,76.85,0.0
172,91,3,128.38,0.0
172,55,1,16.78,0.2
173,51,4,37.61,0.0
174,11,4,362.9,0.0
174,88,3,13.67,0.0
175,94,4,8.62,0.0
175,25,2,11.98,0.0
175,77,3,15.68,0.0
175,86,4,230.89,0.0
175,42,3,13.33,0.0
176,82,2,55.45,0.0
176,81,1,31.68,0.0
176,115,4,22.31,0.1
176,74,2,36.95,0.0
176,85,1,22.44,0.0
177,114,1,14.07,0.0
177,113,4,570.95,0.0
177,49,1,23.55,0.0
177,99,4,38.04,0.0
178,69,4,149.0,0.1
178,93,1,68.0,0.15
178,27,4,86.91,0.0
178,21,1,82.02,0.1
178,3,1,210.73,0.0
179,117,1,15.26,0.0
180,87,3,400.13,0.0
180,78,1,137.74,0.1
180,98,1,979.01,0.15
180,30,2,18.03,0.0
181,12,3,61.23,0.0
182,67,1,38.0,0.2
182,90,3,109.37,0.0
183,3,3,210.73,0.0
184,66,3,405.53,0.0
184,45,2,28.82,0.0
184,93,3,68.0,0.2
185,97,3,15.51,0.0
185,111,3,36.67,0.0
185,91,4,128.38,0.0
185,55,1,16.78,0.0
185,98,4,979.01,0.0
186,46,2,1072.61,0.0
187,7,1,23.82,0.0
188,85,2,22.44,0.0
188,118,1,369.42,0.0
188,14,2,74.09,0.0
189,113,2,570.95,0.0
190,32,2,37.01,0.0
190,56,2,180.17,0.0
191,69,4,149.0,0.0
191,62,2,151.53,0.1
191,49,2,23.55,0.0
192,55,2,16.78,0.0
192,56,2,180.17,0.0
193,84,4,62.27,0.0
193,86,3,230.89,0.0
193,49,1,23.55,0.0
194,105,2,45.11,0.0
194,70,1,28.81,0.1
195,55,4,16.78,0.0
195,49,3,23.55,0.0
195,97,3,15.51,0.0
195,3,3,210.73,0.0
196,15,3,50.98,0.0
196,17,1,30.4,0.0
196,38,2,37.51,0.0
196,3,4,210.73,0.1
196,105,3,45.11,0.2
197,76,1,10.64,0.0
198,30,1,18.03,0.0
199,53,1,108.15,0.0
199,63,1,19.91,0.1
200,16,4,15.62,0.0
200,26,3,36.15,0.2
200,55,2,16.78,0.0
200,48,1,128.2,0.1
201,10,4,121.49,0.1
202,5,4,95.87,0.0
202,64,2,248.26,0.1
202,104,1,291.82,0.15
202,15,2,50.98,0.0
202,79,1,73.8,0.0
203,101,3,29.93,0.2
204,64,1,248.26,0.0
204,59,2,90.35,0.1
204,53,3,108.15,0.0
204,93,3,68.0,0.0
205,119,2,44.92,0.0
205,14,4,74.09,0.0
205,42,1,13.33,0.0
205,60,3,91.68,0.1
206,4,2,30.61,0.0
207,1,2,74.48,0.0
207,24,1,20.63,0.0
207,78,4,137.74,0.0
208,71,4,114.05,0.2
208,107,3,257.39,0.0
209,33,4,19.5,0.0
209,104,3,291.82,0.0
210,93,1,68.0,0.15
210,37,4,921.79,0.0
210,90,1,109.37,0.0
211,44,3,18.46,0.1
211,61,4,37.44,0.0
211,86,2,230.89,0.1
211,90,4,109.37,0.0
212,6,1,79.0,0.15
212,117,4,15.26,0.1
212,80,4,21.1,0.0
212,60,4,91.68,0.0
213,23,2,25.86,0.0
214,51,1,37.61,0.0
214,48,4,128.2,0.0
214,7,4,23.82,0.15
214,60,4,91.68,0.0
215,82,3,55.45,0.0
216,73,3,111.85,0.0
216,109,3,24.7,0.0
217,73,1,111.85,0.0
217,113,1,570.95,0.0
217,68,1,34.7,0.0
218,97,3,15.51,0.0
218,18,1,673.88,0.0
218,17,3,30.4,0.0
218,64,4,248.26,0.0
218,4,3,30.61,0.0
219,115,4,22.31,0.0
219,74,4,36.95,0.0
219,86,4,230.89,0.0
220,115,4,22.31,0.0
221,31,4,527.26,0.1
221,46,1,1072.61,0.0
221,71,2,114.05,0.0
221,40,4,72.98,0.0
222,76,3,10.64,0.0
222,36,2,76.85,0.1
222,75,4,350.21,0.0
222,120,3,87.36,0.0
222,40,1,72.98,0.0
223,101,3,29.93,0.1
223,80,4,21.1,0.0
224,14,3,74.09,0.1
225,120,4,87.36,0.0
226,112,1,10.05,0.0
227,58,1,22.91,0.0
227,105,1,45.11,0.0
227,52,3,15.79,0.0
227,94,3,8.62,0.1
228,11,2,362.9,0.0
228,118,4,369.42,0.15
228,56,4,180.17,0.0
228,50,1,36.36,0.0
228,61,2,37.44,0.0
229,29,2,102.09,0.0
230,88,2,13.67,0.0
230,101,2,29.93,0.0
230,93,1,68.0,0.0
230,44,1,18.46,0.0
230,99,3,38.04,0.0
231,88,2,13.67,0.0
231,119,4,44.92,0.15
232,17,4,30.4,0.0
233,16,4,15.62,0.0
234,1,1,74.48,0.0
235,95,4,31.66,0.0
235,82,1,55.45,0.0
235,26,4,36.15,0.0
235,7,4,23.82,0.0
235,4,4,30.61,0.0
236,20,2,17.08,0.0
236,5,2,95.87,0.0
237,100,1,30.75,0.0
237,68,3,34.7,0.0
238,70,1,28.81,0.1
238,57,3,260.52,0.0
238,82,4,55.45,0.0
239,82,4,55.45,0.0
239,27,3,86.91,0.0
239,36,4,76.85,0.2
239,34,1,95.61,0.15
239,52,4,15.79,0.0
240,20,4,17.08,0.0
240,5,3,95.87,0.0
240,6,1,79.0,0.0
240,70,2,28.81,0.1
241,61,3,37.44,0.2
241,11,1,362.9,0.15
241,14,2,74.09,0.0
241,58,3,22.91,0.15
241,40,2,72.98,0.0
242,75,2,350.21,0.0
242,35,4,273.54,0.0
242,76,1,10.64,0.2
242,101,1,29.93,0.1
243,98,4,979.01,0.1
243,105,2,45.11,0.0
243,17,3,30.4,0.0
243,29,3,102.09,0.1
243,22,2,133.91,0.1
244,82,3,55.45,0.1
244,93,3,68.0,0.0
244,10,4,121.49,0.0
244,34,1,95.61,0.0
244,60,4,91.68,0.0
245,112,4,10.05,0.0
245,11,4,362.9,0.0
246,75,3,350.21,0.0
246,111,2,36.67,0.0
246,16,2,15.62,0.1
246,21,2,82.02,0.1
246,48,4,128.2,0.0
247,51,1,37.61,0.0
248,60,3,91.68,0.0
249,110,3,59.35,0.0
249,106,2,46.75,0.0
249,49,4,23.55,0.0
249,6,4,79.0,0.0
249,5,4,95.87,0.0
250,25,1,11.98,0.0
250,105,1,45.11,0.0
251,96,3,13.59,0.0
251,93,1,68.0,0.0
251,73,3,111.85,0.0
251,27,3,86.91,0.2
251,80,3,21.1,0.0
252,11,2,362.9,0.0
252,82,2,55.45,0.0
253,59,2,90.35,0.0
253,81,2,31.68,0.0
253,111,3,36.67,0.2
253,93,1,68.0,0.0
254,72,4,27.53,0.0
254,33,3,19.5,0.0
255,62,3,151.53,0.0
256,52,3,15.79,0.0
256,58,1,22.91,0.0
256,55,2,16.78,0.15
256,22,1,133.91,0.0
257,56,3,180.17,0.0
257,100,1,30.75,0.0
258,23,4,25.86,0.0
258,87,2,400.13,0.0
258,79,3,73.8,0.0
259,6,3,79.0,0.0
259,84,2,62.27,0.0
260,45,4,28.82,0.1
260,53,3,108.15,0.0
261,49,2,23.55,0.15
262,32,4,37.01,0.0
262,120,2,87.36,0.0
262,81,1,31.68,0.0
263,50,4,36.36,0.0
263,40,2,72.98,0.0
263,47,3,25.63,0.0
263,69,2,149.0,0.0
263,60,4,91.68,0.0
264,113,3,570.95,0.0
264,68,4,34.7,0.0
264,55,3,16.78,0.0
264,118,1,369.42,0.0
265,38,3,37.51,0.0
265,11,1,362.9,0.0
265,120,4,87.36,0.0
265,48,3,128.2,0.0
266,68,3,34.7,0.0
267,31,2,527.26,0.2
267,102,2,104.68,0.0
268,58,4,22.91,0.0
268,113,4,570.95,0.0
268,62,4,151.53,0.0
268,19,3,207.39,0.0
269,27,1,86.91,0.1
269,32,2,37.01,0.0
270,99,2,38.04,0.0
270,113,2,570.95,0.0
270,79,4,73.8,0.0
271,104,1,291.82,0.2
272,5,3,95.87,0.0
273,79,3,73.8,0.0
273,78,4,137.74,0.0
273,120,2,87.36,0.0
273,87,1,400.13,0.0
273,76,2,10.64,0.0
274,10,3,121.49,0.0
275,108,1,27.5,0.0
275,44,2,18.46,0.1
275,81,1,31.68,0.0
276,34,1,95.61,0.0
276,80,4,21.1,0.15
276,50,1,36.36,0.1
276,39,4,813.85,0.0
276,47,3,25.63,0.0
277,44,1,18.46,0.0
277,115,3,22.31,0.0
278,63,3,19.91,0.0
278,46,3,1072.61,0.0
278,13,2,290.11,0.0
279,20,2,17.08,0.0
279,57,2,260.52,0.0
279,13,1,290.11,0.0
279,54,3,27.62,0.0
279,95,2,31.66,0.0
280,29,3,102.09,0.0
280,112,1,10.05,0.0
280,103,2,101.9,0.0
280,104,2,291.82,0.0
280,21,2,82.02,0.0
281,58,1,22.91,0.0
281,91,1,128.38,0.0
281,41,3,61.94,0.0
281,40,1,72.98,0.0
282,102,4,104.68,0.1
283,24,3,20.63,0.0
283,95,2,31.66,0.0
283,5,2,95.87,0.0
283,77,3,15.68,0.0
283,86,3,230.89,0.0
284,33,4,19.5,0.0
284,111,2,36.67,0.0
284,49,2,23.55,0.0
284,15,4,50.98,0.0
284,76,4,10.64,0.15
285,64,4,248.26,0.0
285,41,3,61.94,0.0
285,10,4,121.49,0.0
285,119,3,44.92,0.0
286,82,1,55.45,0.0
286,2,2,26.52,0.0
286,12,1,61.23,0.0
286,26,1,36.15,0.0
286,102,2,104.68,0.0
287,89,1,15.09,0.0
287,118,4,369.42,0.0
287,24,1,20.63,0.0
287,78,3,137.74,0.2
287,108,1,27.5,0.0
288,71,2,114.05,0.0
288,54,3,27.62,0.0
288,49,4,23.55,0.0
288,33,2,19.5,0.0
289,116,1,340.28,0.2
289,37,1,921.79,0.15
289,53,4,108.15,0.0
289,113,2,570.95,0.0
289,92,1,66.97,0.0
290,112,3,10.05,0.0
291,18,1,673.88,0.0
291,62,4,151.53,0.0
291,36,1,76.85,0.0
291,68,1,34.7,0.0
292,43,2,23.13,0.0
292,21,1,82.02,0.0
292,112,3,10.05,0.0
292,7,3,23.82,0.0
293,120,2,87.36,0.0
293,71,3,114.05,0.0
294,102,1,104.68,0.0
294,69,3,149.0,0.0
294,6,2,79.0,0.0
294,48,2,128.2,0.0
294,105,2,45.11,0.0
295,1,2,74.48,0.0
295,21,4,82.02,0.0
295,89,1,15.09,0.0
295,90,4,109.37,0.0
296,40,2,72.98,0.0
297,11,2,362.9,0.0
297,37,1,921.79,0.0
297,91,1,128.38,0.1
297,27,1,86.91,0.0
297,80,3,21.1,0.1
298,53,1,108.15,0.2
298,36,4,76.85,0.0
298,62,3,151.53,0.15
298,21,1,82.02,0.0
298,3,2,210.73,0.0
299,86,4,230.89,0.0
299,21,4,82.02,0.0
299,120,4,87.36,0.1
299,9,2,35.83,0.1
300,103,2,101.9,0.2
300,9,3,35.83,0.0
300,44,1,18.46,0.0
300,31,4,527.26,0.0
301,2,4,26.52,0.0
301,109,1,24.7,0.1
301,87,1,400.13,0.0
301,103,1,101.9,0.0
302,23,1,25.86,0.0
302,21,4,82.02,0.0
302,119,2,44.92,0.0
302,5,2,95.87,0.0
302,33,2,19.5,0.0
303,64,3,248.26,0.0
303,116,1,340.28,0.0
303,44,1,18.46,0.0
304,115,4,22.31,0.0
304,13,4,290.11,0.0
304,25,2,11.98,0.0
305,71,2,114.05,0.0
306,16,3,15.62,0.0
306,67,2,38.0,0.0
306,103,2,101.9,0.1
307,50,4,36.36,0.0
307,116,1,340.28,0.0
307,16,1,15.62,0.0
308,58,3,22.91,0.0
309,65,2,759.55,0.1
310,72,1,27.53,0.15
310,99,4,38.04,0.0
310,8,1,274.79,0.0
311,89,3,15.09,0.0
311,55,2,16.78,0.0
311,3,3,210.73,0.0
311,92,2,66.97,0.1
312,74,2,36.95,0.1
313,96,1,13.59,0.0
313,64,3,248.26,0.15
313,42,3,13.33,0.0
313,111,3,36.67,0.0
313,26,1,36.15,0.0
314,40,1,72.98,0.0
314,81,2,31.68,0.0
314,68,2,34.7,0.0
314,113,2,570.95,0.0
315,38,4,37.51,0.0
316,24,4,20.63,0.0
316,63,1,19.91,0.2
316,11,4,362.9,0.0
317,57,2,260.52,0.0
317,117,1,15.26,0.0
317,76,3,10.64,0.0
317,19,3,207.39,0.0
318,20,2,17.08,0.1
318,89,2,15.09,0.1
319,89,3,15.09,0.0
319,43,3,23.13,0.0
319,58,3,22.91,0.0
319,1,1,74.48,0.2
320,80,3,21.1,0.15
320,11,3,362.9,0.0
320,3,3,210.73,0.1
320,93,4,68.0,0.1
321,59,1,90.35,0.2
321,107,3,257.39,0.0
321,25,3,11.98,0.0
321,39,2,813.85,0.0
321,62,4,151.53,0.1
322,1,2,74.48,0.0
322,45,2,28.82,0.2
323,14,3,74.09,0.0
324,49,3,23.55,0.0
325,91,4,128.38,0.1
325,51,2,37.61,0.0
325,111,4,36.67,0.0
325,112,3,10.05,0.0
326,63,1,19.91,0.0
326,50,4,36.36,0.0
326,45,1,28.82,0.0
326,60,3,91.68,0.0
326,55,4,16.78,0.0
327,32,1,37.01,0.0
327,47,2,25.63,0.0
327,31,3,527.26,0.0
327,73,4,111.85,0.0
328,70,3,28.81,0.0
328,46,3,1072.61,0.0
329,37,4,921.79,0.0
329,72,1,27.53,0.2
329,73,1,111.85,0.0
330,27,2,86.91,0.15
330,84,4,62.27,0.0
330,71,3,114.05,0.0
331,89,3,15.09,0.0
331,42,2,13.33,0.0
331,67,1,38.0,0.0
332,100,2,30.75,0.0
332,107,1,257.39,0.0
332,110,4,59.35,0.0
333,9,1,35.83,0.0
333,40,2,72.98,0.0
333,119,4,44.92,0.0
333,31,4,527.26,0.0
333,107,1,257.39,0.1
334,31,3,527.26,0.0
335,23,2,25.86,0.0
336,40,1,72.98,0.1
336,65,1,759.55,0.0
336,50,2,36.36,0.0
336,99,2,38.04,0.0
336,93,4,68.0,0.0
337,18,3,673.88,0.0
338,67,3,38.0,0.0
338,19,2,207.39,0.0
338,48,3,128.2,0.0
338,46,2,1072.61,0.0
339,96,1,13.59,0.0
339,26,2,36.15,0.0
340,45,1,28.82,0.0
340,113,4,570.95,0.0
340,96,1,13.59,0.0
341,1,4,74.48,0.0
341,34,4,95.61,0.0
341,91,4,128.38,0.0
341,107,2,257.39,0.0
342,119,3,44.92,0.1
342,85,2,22.44,0.0
342,81,3,31.68,0.0
343,81,2,31.68,0.1
343,62,2,151.53,0.1
343,60,4,91.68,0.0
343,91,1,128.38,0.0
343,25,4,11.98,0.0
344,72,3,27.53,0.0
344,98,2,979.01,0.0
344,62,3,151.53,0.0
344,47,1,25.63,0.1
344,50,4,36.36,0.0
345,51,2,37.61,0.0
345,119,4,44.92,0.1
345,71,1,114.05,0.0
345,80,2,21.1,0.0
345,27,2,86.91,0.0
346,74,4,36.95,0.0
346,87,1,400.13,0.0
346,42,1,13.33,0.0
346,71,1,114.05,0.0
346,33,1,19.5,0.0
347,90,3,109.37,0.0
347,112,3,10.05,0.0
347,50,1,36.36,0.0
347,37,1,921.79,0.0
348,74,1,36.95,0.0
348,102,2,104.68,0.0
348,4,4,30.61,0.0
348,66,3,405.53,0.15
348,18,2,673.88,0.0
349,54,2,27.62,0.0
349,68,3,34.7,0.0
349,37,2,921.79,0.0
350,17,2,30.4,0.0
350,44,2,18.46,0.0
351,62,1,151.53,0.0
351,32,1,37.01,0.1
351,60,4,91.68,0.0
352,56,3,180.17,0.2
353,33,4,19.5,0.0
354,67,4,38.0,0.0
354,92,3,66.97,0.0
354,5,4,95.87,0.0
354,88,1,13.67,0.0
355,63,3,19.91,0.0
355,104,2,291.82,0.0
355,61,1,37.44,0.0
355,109,4,24.7,0.0
355,70,4,28.81,0.1
356,87,2,400.13,0.0
356,107,1,257.39,0.0
357,19,1,207.39,0.0
357,97,4,15.51,0.1
357,33,2,19.5,0.0
357,14,1,74.09,0.0
357,89,1,15.09,0.15
358,106,1,46.75,0.0
358,99,1,38.04,0.0
359,29,3,102.09,0.0
359,50,2,36.36,0.0
359,69,1,149.0,0.0
360,73,2,111.85,0.0
360,27,4,86.91,0.0
360,109,1,24.7,0.0
360,100,4,30.75,0.15
361,42,4,13.33,0.0
362,83,1,34.02,0.0
362,8,4,274.79,0.15
363,59,4,90.35,0.15
363,79,1,73.8,0.0
363,106,4,46.75,0.0
363,36,2,76.85,0.0
364,60,1,91.68,0.0
364,28,2,93.78,0.0
364,67,3,38.0,0.0
364,34,2,95.61,0.0
365,3,2,210.73,0.0
365,50,3,36.36,0.0
365,5,3,95.87,0.15
366,44,2,18.46,0.0
366,33,1,19.5,0.1
366,113,3,570.95,0.0
367,38,2,37.51,0.0
367,70,1,28.81,0.0
367,65,2,759.55,0.0
368,116,2,340.28,0.0
368,8,3,274.79,0.15
368,47,3,25.63,0.0
368,99,4,38.04,0.0
368,65,4,759.55,0.0
369,17,3,30.4,0.0
369,21,1,82.02,0.0
370,45,2,28.82,0.1
370,34,4,95.61,0.0
371,31,1,527.26,0.0
371,75,3,350.21,0.0
372,23,1,25.86,0.0
372,80,1,21.1,0.1
372,71,4,114.05,0.15
373,7,3,23.82,0.2
373,11,1,362.9,0.15
373,49,1,23.55,0.0
374,114,1,14.07,0.0
374,44,1,18.46,0.0
375,62,4,151.53,0.0
375,49,3,23.55,0.0
375,86,2,230.89,0.0
376,13,1,290.11,0.2
376,78,2,137.74,0.0
377,36,4,76.85,0.1
377,37,1,921.79,0.0
377,45,3,28.82,0.0
378,22,3,133.91,0.0
378,75,2,350.21,0.0
378,76,3,10.64,0.0
378,51,1,37.61,0.15
378,60,3,91.68,0.0
379,23,3,25.86,0.0
379,32,1,37.01,0.15
379,20,4,17.08,0.1
380,71,1,114.05,0.0
380,102,2,104.68,0.0
380,85,1,22.44,0.0
380,98,3,979.01,0.15
380,75,1,350.21,0.0
381,13,2,290.11,0.1
381,2,4,26.52,0.2
381,38,3,37.51,0.0
382,82,1,55.45,0.0
382,2,1,26.52,0.0
383,62,1,151.53,0.0
383,48,2,128.2,0.15
383,1,2,74.48,0.0
383,49,3,23.55,0.0
384,60,1,91.68,0.0
385,6,4,79.0,0.0
385,86,4,230.89,0.1
385,68,4,34.7,0.0
386,98,2,979.01,0.0
386,3,1,210.73,0.0
386,74,1,36.95,0.15
386,78,1,137.74,0.0
386,6,4,79.0,0.0
387,81,1,31.68,0.0
387,78,2,137.74,0.0
388,23,3,25.86,0.15
388,60,3,91.68,0.0
388,62,4,151.53,0.0
388,38,3,37.51,0.0
389,15,4,50.98,0.0
389,56,3,180.17,0.0
389,38,2,37.51,0.0
389,105,1,45.11,0.0
390,70,1,28.81,0.0
390,29,3,102.09,0.0
390,28,3,93.78,0.0
390,9,3,35.83,0.0
391,58,1,22.91,0.0
392,94,1,8.62,0.2
392,39,3,813.85,0.2
392,90,1,109.37,0.0
392,115,4,22.31,0.0
392,75,3,350.21,0.0
393,38,3,37.51,0.0
393,83,4,34.02,0.0
393,66,2,405.53,0.0
393,94,1,8.62,0.0
393,47,1,25.63,0.1
394,87,4,400.13,0.0
394,8,4,274.79,0.1
394,21,3,82.02,0.0
395,106,3,46.75,0.0
395,97,4,15.51,0.0
395,71,1,114.05,0.0
396,29,4,102.09,0.0
396,117,4,15.26,0.0
396,41,2,61.94,0.0
397,71,2,114.05,0.0
397,25,2,11.98,0.0
397,94,2,8.62,0.0
398,23,2,25.86,0.0
398,102,4,104.68,0.0
398,100,3,30.75,0.0
398,71,2,114.05,0.0
398,72,3,27.53,0.0
399,26,3,36.15,0.0
400,10,2,121.49,0.0
400,94,1,8.62,0.1
400,18,1,673.88,0.0
400,30,1,18.03,0.0
400,5,1,95.87,0.15
401,10,3,121.49,0.0
402,53,1,108.15,0.0
402,92,1,66.97,0.0
402,74,3,36.95,0.0
403,96,4,13.59,0.0
403,84,1,62.27,0.0
403,44,1,18.46,0.0
403,45,4,28.82,0.0
404,68,4,34.7,0.0
404,23,2,25.86,0.0
404,13,1,290.11,0.0
404,85,1,22.44,0.0
404,31,4,527.26,0.0
405,31,2,527.26,0.0
405,21,2,82.02,0.0
405,63,3,19.91,0.0
405,64,4,248.26,0.1
406,18,3,673.88,0.0
406,46,3,1072.61,0.1
406,43,3,23.13,0.0
406,86,3,230.89,0.0
406,97,4,15.51,0.0
407,100,4,30.75,0.0
407,38,2,37.51,0.1
408,82,3,55.45,0.0
408,9,4,35.83,0.0
408,18,4,673.88,0.0
408,108,3,27.5,0.0
409,66,2,405.53,0.0
409,104,1,291.82,0.0
410,7,4,23.82,0.0
410,99,1,38.04,0.0
410,52,1,15.79,0.0
410,72,1,27.53,0.2
411,77,3,15.68,0.0
412,64,4,248.26,0.0
413,73,1,111.85,0.0
413,85,4,22.44,0.0
414,80,4,21.1,0.0
414,114,4,14.07,0.0
414,107,1,257.39,0.0
414,46,2,1072.61,0.0
415,94,2,8.62,0.0
415,2,4,26.52,0.0
416,42,3,13.33,0.0
417,76,1,10.64,0.0
417,8,1,274.79,0.0
417,9,3,35.83,0.0
418,73,4,111.85,0.0
418,107,1,257.39,0.0
418,93,3,68.0,0.0
418,53,3,108.15,0.0
418,99,3,38.04,0.1
419,13,3,290.11,0.2
419,43,2,23.13,0.0
419,56,3,180.17,0.0
419,20,1,17.08,0.15
420,76,3,10.64,0.0
420,32,2,37.01,0.0
420,39,3,813.85,0.1
420,20,1,17.08,0.0
420,49,3,23.55,0.0
421,5,3,95.87,0.0
421,24,3,20.63,0.0
422,84,4,62.27,0.0
422,41,4,61.94,0.0
422,57,2,260.52,0.0
422,43,4,23.13,0.0
423,33,1,19.5,0.1
423,115,4,22.31,0.15
423,12,4,61.23,0.1
424,104,2,291.82,0.0
424,88,4,13.67,0.0
425,35,1,273.54,0.0
425,113,1,570.95,0.0
426,108,2,27.5,0.0
427,62,4,151.53,0.0
427,77,2,15.68,0.0
427,50,3,36.36,0.0
428,107,4,257.39,0.1
428,5,4,95.87,0.0
429,97,4,15.51,0.0
429,34,3,95.61,0.1
430,74,3,36.95,0.15
430,88,4,13.67,0.0
430,68,1,34.7,0.2
430,83,1,34.02,0.0
430,12,4,61.23,0.0
431,111,2,36.67,0.0
431,53,2,108.15,0.2
432,59,3,90.35,0.0
432,1,4,74.48,0.15
432,65,3,759.55,0.1
432,103,2,101.9,0.0
432,66,3,405.53,0.0
433,8,3,274.79,0.2
434,4,1,30.61,0.0
434,20,1,17.08,0.0
434,83,4,34.02,0.0
434,55,2,16.78,0.0
434,5,4,95.87,0.0
435,53,3,108.15,0.0
435,112,1,10.05,0.0
436,99,2,38.04,0.0
436,14,3,74.09,0.0
437,90,1,109.37,0.0
437,34,4,95.61,0.0
437,83,4,34.02,0.0
438,87,2,400.13,0.0
439,13,3,290.11,0.0
439,94,4,8.62,0.0
439,93,3,68.0,0.0
439,101,1,29.93,0.0
440,14,2,74.09,0.0
440,103,3,101.9,0.0
440,38,4,37.51,0.0
440,57,2,260.52,0.0
441,112,1,10.05,0.0
441,4,1,30.61,0.0
441,114,1,14.07,0.0
441,93,4,68.0,0.0
442,82,1,55.45,0.0
443,96,2,13.59,0.0
443,75,4,350.21,0.0
443,28,2,93.78,0.0
443,45,1,28.82,0.0
443,79,4,73.8,0.0
444,65,4,759.55,0.0
444,63,2,19.91,0.0
444,77,3,15.68,0.0
445,93,4,68.0,0.0
446,26,1,36.15,0.0
446,10,4,121.49,0.0
447,16,2,15.62,0.0
447,63,1,19.91,0.0
448,37,2,921.79,0.0
449,35,4,273.54,0.2
449,20,3,17.08,0.0
449,117,4,15.26,0.1
450,52,4,15.79,0.0
450,94,4,8.62,0.0
451,119,3,44.92,0.0
452,115,1,22.31,0.0
452,27,3,86.91,0.0
453,25,2,11.98,0.0
454,73,1,111.85,0.0
454,22,4,133.91,0.0
454,53,2,108.15,0.0
454,9,1,35.83,0.0
455,63,3,19.91,0.0
455,84,1,62.27,0.0
456,2,2,26.52,0.0
457,23,4,25.86,0.0
457,120,2,87.36,0.1
458,65,3,759.55,0.0
458,120,2,87.36,0.0
458,71,4,114.05,0.0
458,110,4,59.35,0.0
458,88,2,13.67,0.0
459,34,1,95.61,0.2
459,42,3,13.33,0.2
460,16,2,15.62,0.0
460,49,1,23.55,0.0
460,28,1,93.78,0.0
460,1,2,74.48,0.0
461,87,1,400.13,0.0
461,18,3,673.88,0.0
461,96,4,13.59,0.0
462,72,2,27.53,0.0
462,21,3,82.02,0.0
462,71,2,114.05,0.0
463,79,2,73.8,0.0
463,20,2,17.08,0.0
463,92,1,66.97,0.0
463,118,4,369.42,0.0
464,59,2,90.35,0.0
464,115,3,22.31,0.0
464,18,2,673.88,0.0
465,40,3,72.98,0.0
466,56,4,180.17,0.2
466,4,4,30.61,0.0
467,5,2,95.87,0.0
467,73,3,111.85,0.0
467,34,2,95.61,0.0
467,53,2,108.15,0.0
467,90,1,109.37,0.0
468,7,1,23.82,0.0
468,65,3,759.55,0.0
468,99,1,38.04,0.0
468,106,3,46.75,0.0
468,31,2,527.26,0.1
469,90,3,109.37,0.0
469,76,4,10.64,0.1
469,114,1,14.07,0.2
469,20,2,17.08,0.0
469,6,4,79.0,0.1
470,107,3,257.39,0.1
470,81,4,31.68,0.0
470,93,4,68.0,0.0
470,5,2,95.87,0.0
471,103,4,101.9,0.0
471,93,1,68.0,0.0
471,106,3,46.75,0.0
471,11,3,362.9,0.0
471,14,1,74.09,0.0
472,13,1,290.11,0.0
472,67,4,38.0,0.0
472,45,3,28.82,0.0
472,85,1,22.44,0.15
472,18,2,673.88,0.2
473,84,2,62.27,0.0
473,66,3,405.53,0.0
473,80,3,21.1,0.1
473,63,3,19.91,0.1
474,112,1,10.05,0.0
474,43,4,23.13,0.1
475,44,3,18.46,0.0
475,79,1,73.8,0.0
475,75,2,350.21,0.15
475,34,1,95.61,0.1
476,51,4,37.61,0.0
476,43,3,23.13,0.0
476,26,3,36.15,0.0
477,108,2,27.5,0.0
477,66,2,405.53,0.0
477,92,4,66.97,0.0
477,56,1,180.17,0.0
478,11,3,362.9,0.0
478,15,4,50.98,0.0
478,76,4,10.64,0.0
478,31,2,527.26,0.15
478,83,1,34.02,0.0
479,13,2,290.11,0.0
479,45,4,28.82,0.0
479,57,4,260.52,0.0
480,41,1,61.94,0.0
480,107,1,257.39,0.1
480,32,3,37.01,0.0
480,38,4,37.51,0.0
481,64,2,248.26,0.15
481,13,4,290.11,0.0
482,13,1,290.11,0.15
482,42,4,13.33,0.0
482,68,2,34.7,0.1
482,111,3,36.67,0.0
483,84,1,62.27,0.0
484,82,4,55.45,0.0
485,16,3,15.62,0.0
485,38,3,37.51,0.0
485,100,1,30.75,0.0
485,67,2,38.0,0.0
486,63,4,19.91,0.0
486,67,1,38.0,0.0
486,30,1,18.03,0.0
487,96,2,13.59,0.15
487,39,4,813.85,0.0
488,34,3,95.61,0.0
489,41,4,61.94,0.0
489,107,2,257.39,0.0
489,58,2,22.91,0.0
490,64,3,248.26,0.1
490,4,2,30.61,0.0
491,46,2,1072.61,0.0
491,24,2,20.63,0.1
492,113,4,570.95,0.0
493,78,1,137.74,0.0
493,54,2,27.62,0.0
493,89,1,15.09,0.0
493,35,1,273.54,0.0
494,43,4,23.13,0.0
494,104,3,291.82,0.0
494,98,1,979.01,0.0
494,24,2,20.63,0.0
495,1,2,74.48,0.0
496,25,3,11.98,0.2
497,66,4,405.53,0.0
497,68,1,34.7,0.0
497,59,3,90.35,0.1
497,9,1,35.83,0.0
497,58,4,22.91,0.15
498,77,1,15.68,0.1
498,33,2,19.5,0.0
498,88,2,13.67,0.0
498,90,1,109.37,0.0
498,114,3,14.07,0.0
499,113,2,570.95,0.0
499,99,1,38.04,0.0
499,61,4,37.44,0.0
499,73,4,111.85,0.0
499,31,1,527.26,0.0
500,51,4,37.61,0.15
500,75,3,350.21,0.0
500,56,3,180.17,0.0
500,26,2,36.15,0.0
501,36,4,76.85,0.0
502,29,2,102.09,0.0
502,82,2,55.45,0.0
503,49,4,23.55,0.0
503,15,4,50.98,0.1
503,45,1,28.82,0.0
504,19,4,207.39,0.0
505,105,3,45.11,0.0
506,43,2,23.13,0.0
507,14,2,74.09,0.0
507,46,1,1072.61,0.0
507,85,2,22.44,0.0
508,24,1,20.63,0.0
508,7,2,23.82,0.0
508,94,3,8.62,0.2
509,7,1,23.82,0.0
510,73,3,111.85,0.1
511,115,4,22.31,0.0
511,70,2,28.81,0.0
512,91,2,128.38,0.0
512,107,2,257.39,0.0
512,24,3,20.63,0.0
513,116,4,340.28,0.1
513,87,2,400.13,0.15
513,102,4,104.68,0.0
513,84,3,62.27,0.0
513,110,3,59.35,0.0
514,109,2,24.7,0.1
514,82,2,55.45,0.15
515,29,4,102.09,0.0
515,112,3,10.05,0.0
515,14,4,74.09,0.0
515,68,2,34.7,0.0
515,63,2,19.91,0.0
516,64,1,248.26,0.0
516,7,2,23.82,0.2
516,100,1,30.75,0.0
516,81,3,31.68,0.1
516,24,2,20.63,0.0
517,25,3,11.98,0.0
518,119,4,44.92,0.0
518,59,1,90.35,0.0
518,47,2,25.63,0.0
518,55,4,16.78,0.0
518,2,3,26.52,0.0
519,23,1,25.86,0.0
519,45,3,28.82,0.0
519,30,3,18.03,0.0
519,34,1,95.61,0.0
520,82,4,55.45,0.0
520,111,4,36.67,0.0
520,43,4,23.13,0.15
520,49,2,23.55,0.0
521,87,4,400.13,0.0
521,41,4,61.94,0.0
521,88,4,13.67,0.0
522,79,2,73.8,0.0
522,42,2,13.33,0.15
523,9,2,35.83,0.0
524,112,1,10.05,0.0
524,102,2,104.68,0.1
524,54,2,27.62,0.2
524,73,3,111.85,0.0
524,70,4,28.81,0.0
525,38,1,37.51,0.0
525,7,2,23.82,0.0
526,110,1,59.35,0.0
527,104,1,291.82,0.0
527,24,4,20.63,0.0
527,56,2,180.17,0.2
527,57,3,260.52,0.0
527,84,4,62.27,0.0
528,1,1,74.48,0.0
529,88,4,13.67,0.1
529,86,4,230.89,0.0
529,72,3,27.53,0.0
529,7,1,23.82,0.0
530,26,4,36.15,0.0
530,36,3,76.85,0.0
530,47,3,25.63,0.0
530,8,4,274.79,0.0
531,81,2,31.68,0.0
532,105,2,45.11,0.0
532,33,4,19.5,0.0
533,114,2,14.07,0.0
533,11,2,362.9,0.0
534,10,4,121.49,0.0
534,110,1,59.35,0.0
534,30,4,18.03,0.0
535,80,3,21.1,0.0
535,56,3,180.17,0.1
535,73,3,111.85,0.0
535,118,3,369.42,0.0
535,92,2,66.97,0.1
536,44,3,18.46,0.0
536,72,1,27.53,0.0
537,1,2,74.48,0.0
537,54,1,27.62,0.0
537,118,1,369.42,0.1
537,79,4,73.8,0.0
537,65,4,759.55,0.0
538,74,3,36.95,0.0
538,104,3,291.82,0.0
538,17,2,30.4,0.15
539,56,1,180.17,0.0
539,7,1,23.82,0.0
540,108,3,27.5,0.0
541,56,2,180.17,0.0
542,38,2,37.51,0.0
542,64,1,248.26,0.0
542,1,2,74.48,0.0
542,103,4,101.9,0.0
543,54,1,27.62,0.0
543,23,4,25.86,0.0
543,29,1,102.09,0.0
543,48,1,128.2,0.0
544,4,2,30.61,0.1
544,28,2,93.78,0.0
544,101,2,29.93,0.0
544,36,1,76.85,0.0
545,111,1,36.67,0.0
545,58,3,22.91,0.15
545,50,1,36.36,0.0
546,62,1,151.53,0.0
547,63,3,19.91,0.0
547,62,3,151.53,0.0
547,66,4,405.53,0.0
547,94,2,8.62,0.0
548,95,4,31.66,0.0
549,36,3,76.85,0.0
549,49,1,23.55,0.0
549,60,3,91.68,0.0
550,54,2,27.62,0.1
550,45,2,28.82,0.0
550,117,1,15.26,0.0
550,47,4,25.63,0.15
551,16,1,15.62,0.0
552,19,1,207.39,0.0
552,100,2,30.75,0.1
552,42,4,13.33,0.0
552,85,2,22.44,0.0
553,71,1,114.05,0.0
553,56,4,180.17,0.0
554,25,2,11.98,0.0
554,77,3,15.68,0.0
555,9,2,35.83,0.0
555,82,4,55.45,0.0
556,87,2,400.13,0.0
556,11,2,362.9,0.0
556,107,4,257.39,0.0
556,24,1,20.63,0.0
557,38,3,37.51,0.15
557,110,2,59.35,0.15
557,109,2,24.7,0.1
557,50,4,36.36,0.15
557,96,2,13.59,0.0
558,117,2,15.26,0.0
558,76,4,10.64,0.0
558,108,2,27.5,0.0
558,30,4,18.03,0.0
559,81,4,31.68,0.0
559,56,1,180.17,0.1
559,41,4,61.94,0.0
560,41,3,61.94,0.0
561,46,2,1072.61,0.0
561,115,3,22.31,0.0
561,89,1,15.09,0.0
561,1,3,74.48,0.0
561,61,4,37.44,0.0
562,67,2,38.0,0.1
562,68,1,34.7,0.1
562,112,3,10.05,0.0
562,41,1,61.94,0.0
563,16,2,15.62,0.0
563,86,2,230.89,0.0
563,38,4,37.51,0.1
563,37,1,921.79,0.0
563,87,4,400.13,0.0
564,26,4,36.15,0.0
564,105,2,45.11,0.0
564,94,4,8.62,0.2
564,89,4,15.09,0.0
564,7,3,23.82,0.1
565,101,1,29.93,0.0
565,85,1,22.44,0.0
565,23,3,25.86,0.0
565,90,2,109.37,0.0
565,21,2,82.02,0.0
566,97,3,15.51,0.0
566,32,2,37.01,0.0
566,113,1,570.95,0.15
566,66,3,405.53,0.0
566,99,2,38.04,0.15
567,119,4,44.92,0.0
567,19,4,207.39,0.0
567,12,3,61.23,0.0
568,84,3,62.27,0.0
568,4,3,30.61,0.0
568,53,3,108.15,0.0
569,51,2,37.61,0.0
569,21,1,82.02,0.2
570,4,3,30.61,0.0
570,67,2,38.0,0.0
571,37,3,921.79,0.15
571,75,1,350.21,0.0
571,60,1,91.68,0.0
571,102,2,104.68,0.0
571,26,3,36.15,0.0
572,57,3,260.52,0.0
573,62,4,151.53,0.0
573,60,1,91.68,0.0
573,40,1,72.98,0.0
573,46,2,1072.61,0.0
574,90,3,109.37,0.0
574,55,3,16.78,0.0
574,27,4,86.91,0.0
575,102,4,104.68,0.0
575,2,4,26.52,0.1
575,43,2,23.13,0.0
575,77,3,15.68,0.1
576,96,1,13.59,0.0
576,61,2,37.44,0.0
577,34,1,95.61,0.0
577,74,2,36.95,0.0
577,68,3,34.7,0.15
577,120,3,87.36,0.1
578,109,3,24.7,0.0
578,11,4,362.9,0.1
578,92,4,66.97,0.0
578,104,1,291.82,0.1
578,94,3,8.62,0.1
579,115,1,22.31,0.0
579,58,3,22.91,0.1
579,53,2,108.15,0.1
579,13,3,290.11,0.1
579,52,4,15.79,0.2
580,105,1,45.11,0.1
581,38,4,37.51,0.15
581,37,1,921.79,0.0
581,110,4,59.35,0.1
582,13,2,290.11,0.0
582,72,1,27.53,0.0
582,56,1,180.17,0.0
582,79,2,73.8,0.0
582,28,3,93.78,0.0
583,51,2,37.61,0.0
583,78,4,137.74,0.1
583,75,2,350.21,0.0
583,88,3,13.67,0.0
583,80,3,21.1,0.0
584,90,4,109.37,0.0
585,102,1,104.68,0.0
585,45,3,28.82,0.0
585,44,3,18.46,0.0
585,69,1,149.0,0.1
586,109,2,24.7,0.0
586,7,2,23.82,0.0
587,41,1,61.94,0.15
587,103,1,101.9,0.0
587,89,1,15.09,0.0
587,116,1,340.28,0.0
587,78,2,137.74,0.0
588,37,1,921.79,0.0
588,3,1,210.73,0.0
588,120,3,87.36,0.0
588,7,3,23.82,0.0
589,113,3,570.95,0.0
589,84,4,62.27,0.0
589,49,2,23.55,0.1
590,98,2,979.01,0.0
591,119,3,44.92,0.0
591,113,4,570.95,0.0
592,43,2,23.13,0.0
592,3,3,210.73,0.0
592,87,1,400.13,0.0
593,16,2,15.62,0.1
594,54,3,27.62,0.0
595,71,2,114.05,0.0
595,95,2,31.66,0.0
595,117,4,15.26,0.0
596,101,4,29.93,0.1
596,97,3,15.51,0.0
596,115,3,22.31,0.0
596,11,3,362.9,0.0
596,58,4,22.91,0.0
597,120,3,87.36,0.0
597,96,4,13.59,0.15
597,38,2,37.51,0.0
597,100,3,30.75,0.0
597,13,2,290.11,0.0
598,39,1,813.85,0.1
598,10,3,121.49,0.0
598,8,2,274.79,0.0
598,111,3,36.67,0.0
598,82,4,55.45,0.15
599,46,4,1072.61,0.0
599,104,2,291.82,0.0
599,103,2,101.9,0.0
599,97,2,15.51,0.0
600,94,1,8.62,0.0
601,16,4,15.62,0.1
601,49,1,23.55,0.0
601,99,2,38.04,0.15
601,36,4,76.85,0.0
602,21,4,82.02,0.0
602,67,3,38.0,0.0
602,47,1,25.63,0.0
602,30,1,18.03,0.0
603,40,4,72.98,0.1
603,12,3,61.23,0.0
604,19,4,207.39,0.15
604,5,4,95.87,0.0
604,28,1,93.78,0.1
604,75,1,350.21,0.0
605,37,1,921.79,0.1
606,31,4,527.26,0.0
607,2,2,26.52,0.0
607,8,3,274.79,0.2
607,110,3,59.35,0.1
607,62,1,151.53,0.15
608,81,4,31.68,0.0
608,1,2,74.48,0.0
608,90,4,109.37,0.15
608,43,4,23.13,0.0
608,58,3,22.91,0.15
609,90,1,109.37,0.0
609,29,3,102.09,0.0
609,22,4,133.91,0.1
610,70,2,28.81,0.0
610,51,1,37.61,0.0
611,10,3,121.49,0.0
611,43,3,23.13,0.0
611,2,3,26.52,0.0
611,104,3,291.82,0.0
612,114,3,14.07,0.0
612,74,2,36.95,0.0
613,21,4,82.02,0.1
613,76,3,10.64,0.0
613,100,1,30.75,0.0
613,87,2,400.13,0.0
614,45,3,28.82,0.0
614,33,3,19.5,0.0
615,57,2,260.52,0.0
616,30,3,18.03,0.0
616,27,2,86.91,0.0
616,109,2,24.7,0.0
617,108,1,27.5,0.0
617,114,3,14.07,0.0
618,9,2,35.83,0.0
618,36,3,76.85,0.0
618,97,4,15.51,0.0
618,34,2,95.61,0.1
619,101,4,29.93,0.1
619,93,4,68.0,0.0
619,19,3,207.39,0.0
619,40,4,72.98,0.1
619,74,3,36.95,0.0
620,67,1,38.0,0.1
620,90,1,109.37,0.0
620,41,4,61.94,0.0
620,115,2,22.31,0.0
621,79,1,73.8,0.1
621,67,4,38.0,0.0
621,13,2,290.11,0.0
621,54,4,27.62,0.2
622,56,4,180.17,0.0
622,59,3,90.35,0.0
622,32,1,37.01,0.0
622,9,2,35.83,0.0
622,73,4,111.85,0.1
623,24,1,20.63,0.0
623,2,1,26.52,0.0
624,86,3,230.89,0.1
624,25,2,11.98,0.0
624,83,2,34.02,0.0
625,65,3,759.55,0.0
625,68,4,34.7,0.1
626,103,1,101.9,0.15
627,46,2,1072.61,0.0
627,68,4,34.7,0.0
628,61,2,37.44,0.2
628,19,1,207.39,0.0
629,100,2,30.75,0.0
629,89,3,15.09,0.0
629,115,3,22.31,0.0
630,6,3,79.0,0.1
630,51,2,37.61,0.0
630,3,1,210.73,0.0
630,97,2,15.51,0.0
631,25,3,11.98,0.0
631,105,4,45.11,0.1
631,50,4,36.36,0.0
631,101,4,29.93,0.0
632,14,3,74.09,0.0
632,27,4,86.91,0.15
632,73,4,111.85,0.0
632,101,1,29.93,0.1
632,32,2,37.01,0.0
633,80,2,21.1,0.0
634,38,4,37.51,0.0
634,4,2,30.61,0.0
634,28,4,93.78,0.0
635,20,4,17.08,0.0
635,59,4,90.35,0.15
635,66,3,405.53,0.0
636,40,1,72.98,0.0
637,31,4,527.26,0.2
637,74,3,36.95,0.0
637,59,3,90.35,0.0
637,38,4,37.51,0.1
638,93,2,68.0,0.0
638,18,1,673.88,0.0
638,73,2,111.85,0.0
638,27,3,86.91,0.0
638,28,1,93.78,0.0
639,17,4,30.4,0.1
639,107,3,257.39,0.0
639,81,2,31.68,0.0
640,26,3,36.15,0.0
641,72,4,27.53,0.0
641,108,3,27.5,0.0
642,56,4,180.17,0.1
642,117,2,15.26,0.0
642,81,2,31.68,0.15
642,118,4,369.42,0.2
643,83,1,34.02,0.0
643,8,3,274.79,0.1
643,112,3,10.05,0.0
644,94,3,8.62,0.0
644,34,4,95.61,0.0
645,82,1,55.45,0.0
645,60,2,91.68,0.0
646,107,4,257.39,0.0
646,39,1,813.85,0.0
646,17,4,30.4,0.0
646,77,3,15.68,0.0
647,9,1,35.83,0.0
647,38,4,37.51,0.0
647,91,3,128.38,0.0
647,21,3,82.02,0.0
648,96,1,13.59,0.2
648,73,4,111.85,0.0
648,77,2,15.68,0.0
649,61,2,37.44,0.0
649,103,4,101.9,0.0
649,89,3,15.09,0.0
649,65,1,759.55,0.15
649,38,1,37.51,0.0
650,5,2,95.87,0.1
650,92,2,66.97,0.0
650,51,4,37.61,0.0
650,23,1,25.86,0.0
650,83,3,34.02,0.0
651,104,4,291.82,0.0
651,48,3,128.2,0.0
651,13,4,290.11,0.0
651,43,4,23.13,0.0
652,58,1,22.91,0.0
653,14,4,74.09,0.0
653,36,2,76.85,0.0
653,87,3,400.13,0.0
654,50,3,36.36,0.0
655,57,3,260.52,0.0
656,48,1,128.2,0.0
656,34,2,95.61,0.1
656,7,4,23.82,0.0
656,18,3,673.88,0.0
656,112,3,10.05,0.0
657,1,2,74.48,0.0
657,28,4,93.78,0.0
657,92,4,66.97,0.15
657,49,4,23.55,0.0
658,68,2,34.7,0.1
658,82,1,55.45,0.0
658,26,1,36.15,0.0
658,10,2,121.49,0.0
658,119,2,44.92,0.0
659,83,1,34.02,0.0
659,16,4,15.62,0.0
659,13,3,290.11,0.0
660,31,1,527.26,0.0
660,33,1,19.5,0.0
661,112,1,10.05,0.0
661,35,4,273.54,0.0
661,50,4,36.36,0.0
662,31,3,527.26,0.0
662,81,4,31.68,0.0
662,55,1,16.78,0.0
663,31,2,527.26,0.1
664,107,2,257.39,0.15
664,79,2,73.8,0.15
665,50,1,36.36,0.0
666,81,2,31.68,0.0
667,57,3,260.52,0.0
667,21,2,82.02,0.2
667,9,1,35.83,0.0
668,19,3,207.39,0.0
668,61,2,37.44,0.0
669,13,4,290.11,0.0
669,75,2,350.21,0.2
670,26,4,36.15,0.0
670,106,2,46.75,0.1
671,83,3,34.02,0.0
671,96,2,13.59,0.1
671,108,4,27.5,0.0
671,42,1,13.33,0.0
671,95,4,31.66,0.0
672,53,2,108.15,0.0
672,34,3,95.61,0.0
672,98,3,979.01,0.0
672,80,3,21.1,0.0
672,7,3,23.82,0.0
673,23,2,25.86,0.0
673,3,4,210.73,0.0
673,105,4,45.11,0.0
673,69,2,149.0,0.0
674,109,1,24.7,0.0
674,11,4,362.9,0.1
675,48,2,128.2,0.0
675,84,3,62.27,0.1
676,80,2,21.1,0.0
677,85,3,22.44,0.0
677,82,2,55.45,0.0
678,97,3,15.51,0.0
678,35,4,273.54,0.0
679,49,1,23.55,0.0
679,106,3,46.75,0.0
679,61,3,37.44,0.1
679,91,1,128.38,0.0
679,83,1,34.02,0.0
680,37,3,921.79,0.1
680,104,3,291.82,0.1
681,1,3,74.48,0.0
681,101,2,29.93,0.0
681,119,1,44.92,0.1
681,105,4,45.11,0.0
682,49,2,23.55,0.0
682,93,4,68.0,0.1
682,35,2,273.54,0.0
683,47,3,25.63,0.0
683,17,2,30.4,0.1
683,73,1,111.85,0.0
683,105,3,45.11,0.0
684,90,4,109.37,0.0
684,16,1,15.62,0.0
684,119,2,44.92,0.1
684,5,1,95.87,0.15
684,107,2,257.39,0.15
685,111,1,36.67,0.0
685,84,4,62.27,0.0
686,54,2,27.62,0.0
687,53,4,108.15,0.0
687,1,3,74.48,0.1
687,103,4,101.9,0.0
687,3,4,210.73,0.15
687,69,3,149.0,0.0
688,51,2,37.61,0.0
688,1,1,74.48,0.0
688,103,3,101.9,0.0
688,21,1,82.02,0.0
688,25,4,11.98,0.0
689,87,2,400.13,0.0
689,74,2,36.95,0.15
689,77,2,15.68,0.0
689,54,3,27.62,0.0
690,116,1,340.28,0.15
690,8,1,274.79,0.0
690,14,2,74.09,0.0
690,78,1,137.74,0.1
690,68,2,34.7,0.0
691,14,1,74.09,0.0
691,16,4,15.62,0.0
691,25,3,11.98,0.0
692,95,3,31.66,0.0
692,44,3,18.46,0.0
692,69,1,149.0,0.15
692,9,1,35.83,0.0
693,101,1,29.93,0.2
693,3,1,210.73,0.0
693,16,3,15.62,0.0
693,120,4,87.36,0.15
694,110,4,59.35,0.0
694,102,2,104.68,0.1
694,21,1,82.02,0.0
695,37,3,921.79,0.1
696,116,3,340.28,0.15
696,101,1,29.93,0.0
696,23,3,25.86,0.0
696,11,2,362.9,0.0
696,107,3,257.39,0.0
697,70,4,28.81,0.0
697,118,3,369.42,0.0
697,39,1,813.85,0.0
698,63,2,19.91,0.0
698,18,4,673.88,0.0
699,29,1,102.09,0.0
699,91,1,128.38,0.0
699,44,3,18.46,0.0
700,87,2,400.13,0.0
700,90,1,109.37,0.0
700,22,1,133.91,0.15
700,66,1,405.53,0.0
700,98,2,979.01,0.0
701,14,3,74.09,0.0
701,111,3,36.67,0.0
701,85,4,22.44,0.0
702,12,3,61.23,0.0
703,70,4,28.81,0.2
704,93,2,68.0,0.0
704,72,1,27.53,0.0
704,102,1,104.68,0.0
704,117,1,15.26,0.0
704,120,1,87.36,0.0
705,56,4,180.17,0.1
705,108,3,27.5,0.15
706,17,1,30.4,0.0
706,32,1,37.01,0.0
706,38,2,37.51,0.0
706,34,4,95.61,0.0
707,53,4,108.15,0.0
707,42,2,13.33,0.1
707,75,2,350.21,0.0
707,32,4,37.01,0.0
708,59,3,90.35,0.0
709,28,4,93.78,0.0
709,56,3,180.17,0.0
710,9,3,35.83,0.0
711,37,1,921.79,0.0
712,85,1,22.44,0.0
712,106,4,46.75,0.0
712,6,4,79.0,0.0
712,103,2,101.9,0.0
713,55,3,16.78,0.0
713,22,1,133.91,0.0
713,70,1,28.81,0.0
713,44,4,18.46,0.1
713,86,2,230.89,0.0
714,51,2,37.61,0.15
715,98,4,979.01,0.2
715,25,1,11.98,0.0
715,102,1,104.68,0.0
716,67,1,38.0,0.0
716,99,4,38.04,0.0
716,43,4,23.13,0.0
716,60,4,91.68,0.0
716,34,2,95.61,0.15
717,12,4,61.23,0.0
717,65,4,759.55,0.0
717,80,2,21.1,0.0
717,60,3,91.68,0.1
717,40,2,72.98,0.0
718,27,4,86.91,0.0
719,52,2,15.79,0.0
720,46,2,1072.61,0.2
720,34,3,95.61,0.0
721,81,1,31.68,0.0
722,59,1,90.35,0.0
722,66,3,405.53,0.0
722,11,1,362.9,0.0
722,83,4,34.02,0.1
723,115,1,22.31,0.0
724,41,4,61.94,0.0
724,111,2,36.67,0.1
724,96,4,13.59,0.2
724,68,3,34.7,0.0
724,81,3,31.68,0.0
725,81,4,31.68,0.0
725,83,4,34.02,0.0
725,120,2,87.36,0.0
726,73,3,111.85,0.0
726,48,3,128.2,0.0
726,18,4,673.88,0.0
727,114,4,14.07,0.0
727,115,4,22.31,0.0
727,111,3,36.67,0.0
727,116,4,340.28,0.2
727,66,4,405.53,0.0
728,37,1,921.79,0.0
729,64,4,248.26,0.0
729,6,2,79.0,0.1
729,113,4,570.95,0.0
729,51,3,37.61,0.0
729,3,3,210.73,0.0
730,74,4,36.95,0.0
730,27,2,86.91,0.0
730,68,3,34.7,0.0
730,51,2,37.61,0.0
730,56,3,180.17,0.0
731,89,4,15.09,0.0
731,92,4,66.97,0.1
731,26,2,36.15,0.1
731,61,2,37.44,0.0
732,48,2,128.2,0.0
732,39,2,813.85,0.0
732,65,1,759.55,0.0
732,109,3,24.7,0.0
733,56,3,180.17,0.0
733,24,3,20.63,0.0
734,95,2,31.66,0.0
735,59,2,90.35,0.0
735,110,3,59.35,0.0
735,106,2,46.75,0.0
735,28,3,93.78,0.0
735,119,4,44.92,0.0
736,9,4,35.83,0.0
737,24,1,20.63,0.0
737,39,4,813.85,0.0
737,68,4,34.7,0.0
738,88,3,13.67,0.0
738,69,2,149.0,0.0
738,67,1,38.0,0.0
738,46,1,1072.61,0.1
739,69,4,149.0,0.0
739,8,1,274.79,0.0
739,66,3,405.53,0.0
739,98,2,979.01,0.0
739,111,4,36.67,0.0
740,63,2,19.91,0.0
740,19,4,207.39,0.0
740,8,1,274.79,0.0
740,115,3,22.31,0.1
740,41,2,61.94,0.0
741,28,1,93.78,0.0
741,10,1,121.49,0.0
742,44,4,18.46,0.0
742,3,4,210.73,0.2
743,32,2,37.01,0.1
743,83,3,34.02,0.0
744,3,3,210.73,0.0
744,6,3,79.0,0.0
744,30,1,18.03,0.2
744,55,1,16.78,0.2
745,16,4,15.62,0.0
746,2,3,26.52,0.0
746,29,3,102.09,0.0
746,59,1,90.35,0.0
746,105,1,45.11,0.2
747,35,4,273.54,0.1
747,25,3,11.98,0.0
748,83,1,34.02,0.0
748,63,1,19.91,0.15
748,1,4,74.48,0.1
748,42,1,13.33,0.0
749,74,1,36.95,0.0
749,8,1,274.79,0.0
749,64,4,248.26,0.0
750,84,2,62.27,0.0
750,30,3,18.03,0.0
750,79,4,73.8,0.2
750,118,3,369.42,0.2
750,92,2,66.97,0.0
751,113,3,570.95,0.2
751,27,4,86.91,0.1
752,42,1,13.33,0.15
752,22,2,133.91,0.0
752,73,3,111.85,0.1
752,58,4,22.91,0.1
752,51,1,37.61,0.0
753,5,3,95.87,0.0
753,90,1,109.37,0.0
753,10,1,121.49,0.1
753,41,3,61.94,0.15
754,59,1,90.35,0.0
754,3,4,210.73,0.0
755,9,1,35.83,0.0
755,46,4,1072.61,0.0
755,100,2,30.75,0.0
755,35,3,273.54,0.0
756,108,4,27.5,0.0
756,84,3,62.27,0.0
756,94,4,8.62,0.0
756,15,2,50.98,0.0
756,13,3,290.11,0.0
757,2,4,26.52,0.0
757,78,1,137.74,0.0
757,94,2,8.62,0.15
757,101,4,29.93,0.0
758,109,3,24.7,0.0
758,48,4,128.2,0.0
759,2,3,26.52,0.0
759,1,1,74.48,0.0
759,47,4,25.63,0.0
759,45,2,28.82,0.15
760,56,3,180.17,0.0
760,95,4,31.66,0.0
760,112,3,10.05,0.0
761,28,4,93.78,0.0
762,8,1,274.79,0.0
762,24,2,20.63,0.0
763,31,3,527.26,0.0
764,103,1,101.9,0.0
764,75,3,350.21,0.0
764,99,3,38.04,0.0
764,60,4,91.68,0.0
764,2,4,26.52,0.0
765,116,4,340.28,0.0
765,45,4,28.82,0.0
766,78,1,137.74,0.0
766,72,2,27.53,0.0
766,56,4,180.17,0.0
766,38,4,37.51,0.0
766,91,4,128.38,0.0
767,100,3,30.75,0.0
767,108,1,27.5,0.1
767,106,2,46.75,0.0
768,111,1,36.67,0.0
768,6,4,79.0,0.0
768,92,4,66.97,0.0
769,52,3,15.79,0.0
770,91,2,128.38,0.0
770,107,1,257.39,0.0
770,27,3,86.91,0.1
770,68,2,34.7,0.0
770,7,4,23.82,0.0
771,25,2,11.98,0.0
772,23,3,25.86,0.0
772,68,1,34.7,0.15
773,75,2,350.21,0.0
774,28,4,93.78,0.0
774,91,2,128.38,0.0
775,90,4,109.37,0.0
775,98,2,979.01,0.0
775,37,2,921.79,0.0
776,49,2,23.55,0.0
776,82,1,55.45,0.0
776,31,1,527.26,0.0
777,88,1,13.67,0.0
777,96,4,13.59,0.1
777,78,3,137.74,0.1
777,79,2,73.8,0.2
778,10,2,121.49,0.0
778,57,4,260.52,0.2
779,51,3,37.61,0.0
779,63,1,19.91,0.0
779,65,2,759.55,0.0
780,107,1,257.39,0.15
780,41,2,61.94,0.1
780,58,2,22.91,0.0
780,42,1,13.33,0.0
780,46,3,1072.61,0.0
781,94,1,8.62,0.1
781,102,2,104.68,0.0
781,21,4,82.02,0.0
781,64,4,248.26,0.0
782,93,4,68.0,0.0
783,89,3,15.09,0.0
783,109,1,24.7,0.0
784,4,1,30.61,0.0
784,30,4,18.03,0.2
784,82,2,55.45,0.0
785,101,3,29.93,0.0
785,40,4,72.98,0.1
785,19,3,207.39,0.1
785,69,2,149.0,0.0
786,118,1,369.42,0.0
787,76,2,10.64,0.15
787,111,2,36.67,0.0
787,67,2,38.0,0.0
787,109,2,24.7,0.0
788,65,3,759.55,0.0
788,97,2,15.51,0.2
788,16,3,15.62,0.0
789,110,2,59.35,0.0
789,14,2,74.09,0.0
789,78,2,137.74,0.0
789,79,3,73.8,0.0
789,86,3,230.89,0.0
790,35,2,273.54,0.0
791,24,1,20.63,0.0
792,36,4,76.85,0.2
793,55,2,16.78,0.0
793,101,3,29.93,0.0
793,3,4,210.73,0.0
793,120,1,87.36,0.0
793,12,1,61.23,0.0
794,100,1,30.75,0.15
795,108,3,27.5,0.1
795,33,1,19.5,0.0
796,93,3,68.0,0.0
796,52,1,15.79,0.0
796,70,3,28.81,0.0
796,77,4,15.68,0.1
796,110,4,59.35,0.0
797,120,4,87.36,0.0
798,94,3,8.62,0.0
798,82,2,55.45,0.2
798,106,4,46.75,0.0
798,75,1,350.21,0.0
799,17,3,30.4,0.0
800,90,4,109.37,0.0
801,13,2,290.11,0.0
801,40,3,72.98,0.0
802,35,2,273.54,0.1
802,25,2,11.98,0.0
803,10,4,121.49,0.0
804,95,3,31.66,0.0
805,113,3,570.95,0.0
806,41,1,61.94,0.2
807,3,3,210.73,0.0
807,79,3,73.8,0.0
808,84,1,62.27,0.0
808,42,2,13.33,0.15
808,46,2,1072.61,0.0
808,62,3,151.53,0.1
808,89,4,15.09,0.1
809,72,4,27.53,0.0
809,118,3,369.42,0.1
809,50,1,36.36,0.0
809,63,3,19.91,0.0
809,82,1,55.45,0.0
810,19,1,207.39,0.0
810,26,2,36.15,0.0
811,81,1,31.68,0.0
811,80,2,21.1,0.0
811,89,2,15.09,0.0
812,102,1,104.68,0.0
812,120,4,87.36,0.0
813,2,1,26.52,0.0
813,19,1,207.39,0.0
813,115,4,22.31,0.0
813,69,4,149.0,0.0
814,5,4,95.87,0.0
814,16,1,15.62,0.0
814,119,1,44.92,0.1
814,20,1,17.08,0.15
815,101,2,29.93,0.0
815,34,1,95.61,0.0
816,33,1,19.5,0.2
817,26,3,36.15,0.0
817,30,3,18.03,0.0
817,37,2,921.79,0.0
818,64,3,248.26,0.0
818,56,4,180.17,0.0
818,79,3,73.8,0.0
818,103,4,101.9,0.0
818,90,1,109.37,0.2
819,4,3,30.61,0.0
820,14,4,74.09,0.0
820,45,4,28.82,0.0
820,39,3,813.85,0.15
820,67,1,38.0,0.0
821,14,4,74.09,0.0
822,9,1,35.83,0.0
822,56,3,180.17,0.2
822,53,2,108.15,0.0
823,31,1,527.26,0.2
823,118,4,369.42,0.0
823,108,1,27.5,0.0
823,55,3,16.78,0.0
823,92,4,66.97,0.0
824,15,2,50.98,0.0
824,94,4,8.62,0.0
824,100,1,30.75,0.0
824,98,3,979.01,0.2
824,30,1,18.03,0.0
825,89,1,15.09,0.0
825,82,4,55.45,0.0
825,31,3,527.26,0.0
825,108,2,27.5,0.0
825,102,2,104.68,0.0
826,50,4,36.36,0.0
827,1,4,74.48,0.0
827,117,1,15.26,0.0
827,53,3,108.15,0.0
828,42,3,13.33,0.15
828,61,2,37.44,0.0
828,26,2,36.15,0.0
828,111,3,36.67,0.0
828,38,3,37.51,0.0
829,102,4,104.68,0.0
829,38,2,37.51,0.15
829,27,2,86.91,0.1
829,108,2,27.5,0.0
830,88,1,13.67,0.0
831,19,3,207.39,0.0
831,113,4,570.95,0.0
832,41,3,61.94,0.0
833,16,1,15.62,0.0
833,23,4,25.86,0.2
834,21,4,82.02,0.1
834,88,4,13.67,0.0
834,60,2,91.68,0.0
835,51,1,37.61,0.0
835,89,1,15.09,0.0
835,79,1,73.8,0.0
835,68,4,34.7,0.0
836,24,1,20.63,0.0
836,54,2,27.62,0.0
836,31,1,527.26,0.0
836,116,2,340.28,0.1
836,46,3,1072.61,0.1
837,45,4,28.82,0.0
838,54,3,27.62,0.0
838,84,2,62.27,0.0
838,120,3,87.36,0.0
839,79,1,73.8,0.0
840,27,1,86.91,0.0
841,50,4,36.36,0.1
841,1,2,74.48,0.0
841,97,4,15.51,0.0
841,118,3,369.42,0.0
841,120,1,87.36,0.0
842,46,2,1072.61,0.0
842,5,4,95.87,0.15
842,114,3,14.07,0.0
842,73,4,111.85,0.0
842,44,4,18.46,0.0
843,46,1,1072.61,0.0
843,12,1,61.23,0.1
843,102,1,104.68,0.15
844,80,3,21.1,0.0
844,120,3,87.36,0.0
845,69,3,149.0,0.0
845,72,1,27.53,0.0
845,108,4,27.5,0.0
845,116,2,340.28,0.1
845,26,1,36.15,0.0
846,32,2,37.01,0.0
846,106,2,46.75,0.0
847,71,1,114.05,0.15
848,58,1,22.91,0.2
848,89,1,15.09,0.0
849,105,2,45.11,0.1
849,51,2,37.61,0.15
849,81,1,31.68,0.15
850,70,3,28.81,0.0
850,92,4,66.97,0.0
850,46,1,1072.61,0.15
851,114,4,14.07,0.0
852,103,2,101.9,0.1
853,94,1,8.62,0.0
853,30,1,18.03,0.0
853,42,2,13.33,0.0
854,37,3,921.79,0.0
854,7,1,23.82,0.0
854,27,1,86.91,0.0
854,70,2,28.81,0.0
854,40,4,72.98,0.0
855,7,1,23.82,0.0
855,115,1,22.31,0.0
855,111,4,36.67,0.0
855,26,2,36.15,0.0
855,118,1,369.42,0.1
856,11,2,362.9,0.0
856,6,1,79.0,0.0
857,47,3,25.63,0.0
857,39,3,813.85,0.0
857,73,2,111.85,0.0
857,23,2,25.86,0.2
858,89,1,15.09,0.0
858,19,1,207.39,0.0
858,24,1,20.63,0.0
859,99,1,38.04,0.0
859,92,1,66.97,0.0
860,51,2,37.61,0.0
861,23,4,25.86,0.2
861,2,2,26.52,0.0
861,40,4,72.98,0.2
861,1,1,74.48,0.0
861,71,2,114.05,0.0
862,50,3,36.36,0.0
862,82,2,55.45,0.0
862,107,2,257.39,0.15
862,32,1,37.01,0.0
863,61,1,37.44,0.0
863,54,1,27.62,0.1
863,34,4,95.61,0.1
863,30,4,18.03,0.0
864,108,3,27.5,0.0
864,2,2,26.52,0.0
864,18,2,673.88,0.1
864,86,3,230.89,0.0
865,10,4,121.49,0.1
865,90,3,109.37,0.0
866,4,2,30.61,0.0
866,3,4,210.73,0.0
866,65,2,759.55,0.0
866,1,1,74.48,0.0
867,91,3,128.38,0.0
867,64,2,248.26,0.0
867,99,1,38.04,0.0
867,24,4,20.63,0.1
867,57,4,260.52,0.0
868,17,2,30.4,0.0
868,7,1,23.82,0.0
868,1,2,74.48,0.0
868,12,2,61.23,0.0
868,41,3,61.94,0.0
869,118,4,369.42,0.0
869,61,1,37.44,0.0
870,120,4,87.36,0.0
870,50,1,36.36,0.0
870,4,2,30.61,0.0
870,49,4,23.55,0.0
871,79,3,73.8,0.0
871,42,2,13.33,0.1
871,96,3,13.59,0.0
872,80,4,21.1,0.2
872,57,4,260.52,0.1
872,1,2,74.48,0.0
872,55,2,16.78,0.0
873,43,1,23.13,0.0
874,6,3,79.0,0.0
875,46,3,1072.61,0.0
875,117,3,15.26,0.0
875,9,4,35.83,0.0
875,76,2,10.64,0.0
875,55,3,16.78,0.0
876,19,2,207.39,0.0
876,61,3,37.44,0.0
877,54,4,27.62,0.0
877,33,3,19.5,0.15
877,51,4,37.61,0.0
877,94,3,8.62,0.0
877,82,2,55.45,0.0
878,42,2,13.33,0.0
878,21,1,82.02,0.0
878,65,2,759.55,0.0
878,94,2,8.62,0.0
879,120,1,87.36,0.0
879,101,4,29.93,0.0
879,73,1,111.85,0.0
879,37,2,921.79,0.0
879,25,1,11.98,0.1
880,80,4,21.1,0.0
880,12,1,61.23,0.0
880,86,4,230.89,0.0
881,114,1,14.07,0.0
881,80,1,21.1,0.0
882,34,1,95.61,0.0
882,12,4,61.23,0.15
882,49,4,23.55,0.0
883,19,3,207.39,0.0
883,118,1,369.42,0.0
883,36,1,76.85,0.0
883,103,4,101.9,0.0
883,113,1,570.95,0.0
884,91,2,128.38,0.0
884,69,2,149.0,0.1
884,29,1,102.09,0.0
884,34,3,95.61,0.0
884,8,3,274.79,0.0
885,94,1,8.62,0.1
886,118,4,369.42,0.0
886,119,4,44.92,0.0
886,48,3,128.2,0.0
886,90,3,109.37,0.0
887,106,3,46.75,0.0
887,31,4,527.26,0.0
887,116,3,340.28,0.0
887,111,3,36.67,0.0
887,46,1,1072.61,0.1
888,100,2,30.75,0.2
888,23,2,25.86,0.0
888,25,4,11.98,0.0
888,24,3,20.63,0.0
889,19,3,207.39,0.0
889,3,4,210.73,0.0
889,68,1,34.7,0.0
889,36,4,76.85,0.0
890,51,4,37.61,0.0
890,1,4,74.48,0.0
890,116,1,340.28,0.0
891,85,2,22.44,0.0
891,47,4,25.63,0.0
891,115,2,22.31,0.0
891,27,3,86.91,0.0
891,32,1,37.01,0.0
892,25,3,11.98,0.0
892,54,3,27.62,0.0
893,67,1,38.0,0.0
893,35,1,273.54,0.0
893,3,4,210.73,0.0
893,31,2,527.26,0.0
893,60,4,91.68,0.1
894,29,1,102.09,0.0
894,85,2,22.44,0.0
894,68,3,34.7,0.0
894,78,3,137.74,0.0
895,61,3,37.44,0.0
895,88,2,13.67,0.1
895,26,1,36.15,0.0
895,22,3,133.91,0.1
896,55,2,16.78,0.1
896,37,3,921.79,0.0
897,92,2,66.97,0.15
898,93,2,68.0,0.0
898,96,4,13.59,0.0
898,58,2,22.91,0.0
899,55,1,16.78,0.0
899,39,2,813.85,0.0
899,44,3,18.46,0.0
899,42,2,13.33,0.0
900,112,1,10.05,0.1
900,42,4,13.33,0.0
901,119,2,44.92,0.0
901,93,2,68.0,0.0
901,33,1,19.5,0.0
901,45,1,28.82,0.0
901,89,2,15.09,0.0
902,18,1,673.88,0.0
903,63,4,19.91,0.1
903,10,3,121.49,0.1
903,39,3,813.85,0.0
903,57,2,260.52,0.1
904,5,4,95.87,0.0
904,91,2,128.38,0.0
904,17,3,30.4,0.0
904,119,4,44.92,0.0
904,45,4,28.82,0.0
905,18,4,673.88,0.0
905,92,3,66.97,0.0
905,93,1,68.0,0.0
905,103,2,101.9,0.0
905,67,4,38.0,0.2
906,69,3,149.0,0.1
907,27,2,86.91,0.0
907,64,2,248.26,0.0
907,9,1,35.83,0.0
907,12,4,61.23,0.0
907,20,1,17.08,0.1
908,114,3,14.07,0.1
908,23,2,25.86,0.0
908,63,3,19.91,0.0
908,13,1,290.11,0.0
908,107,1,257.39,0.0
909,91,3,128.38,0.0
909,79,1,73.8,0.0
910,72,3,27.53,0.0
910,18,1,673.88,0.0
910,5,4,95.87,0.0
910,117,3,15.26,0.0
911,87,2,400.13,0.2
911,95,4,31.66,0.0
912,25,3,11.98,0.0
913,41,1,61.94,0.0
914,55,3,16.78,0.1
914,21,2,82.02,0.1
914,57,4,260.52,0.0
914,113,4,570.95,0.0
915,86,4,230.89,0.0
915,32,3,37.01,0.0
916,6,1,79.0,0.1
916,96,1,13.59,0.0
916,59,3,90.35,0.0
916,103,3,101.9,0.0
916,47,3,25.63,0.15
917,12,4,61.23,0.0
918,76,4,10.64,0.0
918,111,1,36.67,0.0
918,26,3,36.15,0.0
919,110,3,59.35,0.0
919,97,2,15.51,0.0
919,86,1,230.89,0.0
919,24,3,20.63,0.0
919,74,1,36.95,0.0
920,84,1,62.27,0.0
921,111,1,36.67,0.0
921,52,3,15.79,0.0
921,44,3,18.46,0.0
922,10,1,121.49,0.15
922,17,1,30.4,0.0
922,61,3,37.44,0.0
923,100,2,30.75,0.1
923,54,3,27.62,0.0
923,49,4,23.55,0.0
923,29,2,102.09,0.0
923,91,1,128.38,0.0
924,95,2,31.66,0.0
924,84,2,62.27,0.0
925,67,2,38.0,0.0
925,106,3,46.75,0.1
925,76,4,10.64,0.0
925,86,3,230.89,0.0
926,70,1,28.81,0.0
927,69,2,149.0,0.0
927,47,1,25.63,0.0
927,67,2,38.0,0.0
927,23,2,25.86,0.0
928,51,4,37.61,0.0
928,80,2,21.1,0.0
928,9,3,35.83,0.0
928,49,3,23.55,0.0
929,3,1,210.73,0.0
929,101,3,29.93,0.0
929,21,2,82.02,0.0
929,110,4,59.35,0.0
929,87,2,400.13,0.0
930,75,4,350.21,0.0
930,19,3,207.39,0.1
930,87,4,400.13,0.0
931,104,3,291.82,0.0
931,24,2,20.63,0.0
932,69,2,149.0,0.2
933,79,1,73.8,0.0
933,101,3,29.93,0.0
933,82,4,55.45,0.15
933,31,3,527.26,0.2
933,35,3,273.54,0.0
934,107,1,257.39,0.0
935,100,4,30.75,0.0
935,76,4,10.64,0.0
936,59,4,90.35,0.0
936,109,4,24.7,0.0
936,35,1,273.54,0.1
937,90,3,109.37,0.0
937,18,1,673.88,0.0
937,7,4,23.82,0.0
937,52,4,15.79,0.0
937,46,3,1072.61,0.0
938,103,2,101.9,0.0
938,11,3,362.9,0.2
938,89,1,15.09,0.0
938,4,2,30.61,0.0
938,84,2,62.27,0.0
939,81,2,31.68,0.0
939,25,3,11.98,0.0
939,108,3,27.5,0.1
939,58,3,22.91,0.0
940,53,2,108.15,0.0
940,32,4,37.01,0.0
940,5,4,95.87,0.0
941,90,1,109.37,0.0
941,93,1,68.0,0.0
941,27,2,86.91,0.0
941,8,2,274.79,0.0
941,30,3,18.03,0.0
942,1,4,74.48,0.0
943,101,1,29.93,0.0
943,6,1,79.0,0.0
943,90,1,109.37,0.2
943,81,1,31.68,0.0
943,85,4,22.44,0.1
944,86,4,230.89,0.1
944,72,2,27.53,0.0
944,17,1,30.4,0.0
945,100,1,30.75,0.0
945,53,3,108.15,0.0
946,86,1,230.89,0.0
947,82,1,55.45,0.0
947,56,2,180.17,0.0
947,79,3,73.8,0.0
947,101,3,29.93,0.0
948,102,3,104.68,0.0
948,30,2,18.03,0.0
949,117,1,15.26,0.0
949,21,2,82.02,0.0
949,14,1,74.09,0.0
949,68,2,34.7,0.0
949,92,4,66.97,0.1
950,39,1,813.85,0.0
950,56,3,180.17,0.0
950,81,1,31.68,0.0
950,100,3,30.75,0.0
950,91,2,128.38,0.0
951,64,4,248.26,0.0
951,23,4,25.86,0.0
951,24,3,20.63,0.0
952,114,1,14.07,0.2
952,31,4,527.26,0.0
952,14,2,74.09,0.0
952,89,3,15.09,0.0
952,33,4,19.5,0.0
953,95,1,31.66,0.1
953,107,1,257.39,0.0
953,47,1,25.63,0.15
954,49,2,23.55,0.0
954,63,1,19.91,0.0
955,9,1,35.83,0.0
955,77,1,15.68,0.15
955,66,2,405.53,0.0
956,5,3,95.87,0.0
956,26,1,36.15,0.1
956,52,2,15.79,0.2
956,91,2,128.38,0.0
956,7,2,23.82,0.0
957,93,3,68.0,0.0
957,95,3,31.66,0.0
958,17,2,30.4,0.0
958,84,3,62.27,0.0
959,113,3,570.95,0.2
959,41,3,61.94,0.0
959,73,4,111.85,0.1
959,55,4,16.78,0.0
960,30,4,18.03,0.0
960,79,1,73.8,0.0
960,75,3,350.21,0.0
960,14,3,74.09,0.0
960,96,4,13.59,0.15
961,5,3,95.87,0.0
962,54,1,27.62,0.0
963,39,2,813.85,0.0
963,47,4,25.63,0.0
963,25,3,11.98,0.0
964,109,1,24.7,0.0
964,96,1,13.59,0.0
964,59,1,90.35,0.0
965,16,2,15.62,0.0
965,111,3,36.67,0.0
966,1,4,74.48,0.15
966,89,4,15.09,0.0
966,15,3,50.98,0.0
966,86,2,230.89,0.0
966,14,2,74.09,0.0
967,47,1,25.63,0.0
967,114,2,14.07,0.0
967,60,3,91.68,0.0
967,120,1,87.36,0.0
967,40,2,72.98,0.0
968,54,3,27.62,0.0
968,21,1,82.02,0.0
968,29,4,102.09,0.0
968,93,1,68.0,0.0
968,14,3,74.09,0.1
969,52,2,15.79,0.0
969,66,3,405.53,0.0
969,44,2,18.46,0.0
969,75,4,350.21,0.0
969,46,4,1072.61,0.15
970,52,2,15.79,0.0
971,44,3,18.46,0.0
972,70,3,28.81,0.0
972,66,2,405.53,0.0
973,26,2,36.15,0.0
974,15,3,50.98,0.1
974,18,2,673.88,0.0
974,108,3,27.5,0.0
975,100,4,30.75,0.0
975,113,1,570.95,0.0
976,108,4,27.5,0.0
976,34,3,95.61,0.0
976,50,1,36.36,0.0
977,48,2,128.2,0.0
978,113,1,570.95,0.0
979,76,1,10.64,0.0
980,11,4,362.9,0.0
981,17,4,30.4,0.0
982,86,4,230.89,0.0
982,66,4,405.53,0.0
982,92,3,66.97,0.0
983,106,3,46.75,0.0
983,100,3,30.75,0.0
983,27,1,86.91,0.0
984,60,4,91.68,0.0
985,24,1,20.63,0.0
985,112,3,10.05,0.2
985,52,3,15.79,0.0
985,63,2,19.91,0.0
985,15,4,50.98,0.0
986,14,4,74.09,0.0
986,39,2,813.85,0.0
987,42,4,13.33,0.0
988,74,2,36.95,0.0
988,21,2,82.02,0.0
988,113,2,570.95,0.0
989,88,3,13.67,0.0
989,15,4,50.98,0.0
989,112,2,10.05,0.15
989,12,4,61.23,0.0
990,81,3,31.68,0.0
991,27,1,86.91,0.0
991,85,4,22.44,0.0
991,61,1,37.44,0.0
991,38,1,37.51,0.0
991,119,2,44.92,0.0
992,22,4,133.91,0.0
992,120,3,87.36,0.0
992,36,2,76.85,0.0
992,49,2,23.55,0.2
993,105,1,45.11,0.0
993,50,2,36.36,0.0
993,77,4,15.68,0.0
993,107,3,257.39,0.2
994,49,3,23.55,0.0
994,118,3,369.42,0.0
994,62,4,151.53,0.0
994,21,3,82.02,0.0
994,65,4,759.55,0.0
995,20,3,17.08,0.0
995,13,1,290.11,0.0
995,17,1,30.4,0.0
995,55,2,16.78,0.0
995,25,2,11.98,0.0
996,91,4,128.38,0.0
997,71,1,114.05,0.0
997,53,2,108.15,0.0
997,17,3,30.4,0.0
997,111,4,36.67,0.0
997,93,3,68.0,0.0
998,64,4,248.26,0.0
998,9,3,35.83,0.0
998,94,4,8.62,0.0
998,83,1,34.02,0.0
998,67,2,38.0,0.0
999,9,1,35.83,0.0
999,61,4,37.44,0.0
1000,3,4,210.73,0.0
1000,103,1,101.9,0.0
1000,63,1,19.91,0.1
1001,14,4,74.09,0.15
1001,100,2,30.75,0.0
1002,87,2,400.13,0.0
1002,44,4,18.46,0.0
1003,87,3,400.13,0.0
1003,101,4,29.93,0.0
1003,86,4,230.89,0.0
1004,116,1,340.28,0.0
1004,111,3,36.67,0.0
1004,68,4,34.7,0.0
1005,30,1,18.03,0.1
1005,21,2,82.02,0.0
1005,34,2,95.61,0.0
1005,16,3,15.62,0.0
1005,115,2,22.31,0.0
1006,26,2,36.15,0.0
1006,42,1,13.33,0.1
1007,102,1,104.68,0.0
1008,62,4,151.53,0.15
1008,94,1,8.62,0.0
1009,70,4,28.81,0.0
1009,63,3,19.91,0.0
1009,76,4,10.64,0.0
1009,97,4,15.51,0.0
1009,47,1,25.63,0.0
1010,32,2,37.01,0.0
1010,110,4,59.35,0.0
1011,46,4,1072.61,0.0
1011,66,3,405.53,0.0
1011,16,1,15.62,0.0
1011,110,4,59.35,0.0
1012,98,2,979.01,0.0
1013,85,4,22.44,0.0
1014,56,3,180.17,0.1
1015,114,3,14.07,0.0
1015,45,4,28.82,0.0
1015,33,2,19.5,0.0
1015,20,2,17.08,0.1
1015,25,2,11.98,0.0
1016,63,3,19.91,0.0
1016,4,1,30.61,0.0
1017,4,4,30.61,0.1
1017,108,1,27.5,0.0
1017,18,3,673.88,0.0
1017,63,3,19.91,0.0
1018,20,3,17.08,0.0
1018,15,3,50.98,0.0
1019,12,2,61.23,0.0
1020,88,2,13.67,0.0
1021,61,4,37.44,0.0
1022,17,4,30.4,0.0
1022,104,1,291.82,0.0
1022,39,4,813.85,0.1
1022,42,1,13.33,0.0
1023,19,4,207.39,0.15
1023,61,1,37.44,0.0
1023,30,3,18.03,0.2
1023,84,4,62.27,0.1
1024,50,3,36.36,0.15
1025,90,3,109.37,0.1
1025,34,4,95.61,0.0
1025,107,2,257.39,0.0
1025,65,2,759.55,0.15
1026,114,1,14.07,0.0
1027,58,2,22.91,0.1
1027,88,1,13.67,0.0
1028,26,3,36.15,0.2
1029,43,4,23.13,0.15
1030,109,4,24.7,0.0
1030,103,3,101.9,0.0
1030,110,1,59.35,0.0
1031,101,1,29.93,0.0
1031,95,2,31.66,0.0
1032,104,1,291.82,0.1
1032,18,2,673.88,0.1
1032,47,2,25.63,0.0
1032,115,3,22.31,0.15
1033,65,1,759.55,0.2
1033,8,4,274.79,0.0
1033,111,2,36.67,0.0
1034,71,1,114.05,0.1
1034,3,3,210.73,0.2
1034,107,2,257.39,0.0
1035,36,3,76.85,0.1
1035,28,1,93.78,0.2
1035,98,4,979.01,0.0
1035,101,1,29.93,0.0
1036,102,3,104.68,0.0
1036,67,4,38.0,0.0
1037,10,4,121.49,0.0
1037,111,1,36.67,0.0
1037,32,3,37.01,0.0
1037,39,2,813.85,0.0
1038,113,3,570.95,0.0
1038,86,4,230.89,0.0
1038,21,1,82.02,0.0
1038,84,1,62.27,0.0
1038,36,2,76.85,0.1
1039,23,4,25.86,0.0
1039,83,3,34.02,0.0
1039,14,3,74.09,0.0
1039,30,1,18.03,0.0
1039,51,4,37.61,0.0
1040,94,4,8.62,0.0
1040,26,2,36.15,0.2
1040,16,1,15.62,0.0
1040,103,4,101.9,0.0
1040,115,4,22.31,0.0
1041,45,3,28.82,0.0
1041,8,4,274.79,0.0
1041,107,1,257.39,0.0
1042,114,3,14.07,0.0
1042,2,3,26.52,0.0
1043,110,4,59.35,0.15
1044,113,4,570.95,0.2
1044,107,2,257.39,0.0
1045,9,1,35.83,0.0
1045,29,2,102.09,0.0
1045,46,2,1072.61,0.15
1045,66,2,405.53,0.0
1046,16,2,15.62,0.0
1046,57,3,260.52,0.0
1046,21,4,82.02,0.0
1046,45,2,28.82,0.0
1046,11,1,362.9,0.0
1047,61,1,37.44,0.0
1048,35,4,273.54,0.0
1048,1,3,74.48,0.0
1048,108,4,27.5,0.0
1049,102,1,104.68,0.0
1049,94,2,8.62,0.1
1050,110,3,59.35,0.0
1050,17,1,30.4,0.15
1050,96,2,13.59,0.0
1050,39,4,813.85,0.0
1050,89,3,15.09,0.0
1051,16,3,15.62,0.0
1052,5,3,95.87,0.15
1052,76,4,10.64,0.0
1052,102,2,104.68,0.0
1053,105,1,45.11,0.0
1054,73,4,111.85,0.1
1055,5,4,95.87,0.0
1055,57,2,260.52,0.1
1056,79,1,73.8,0.0
1057,19,1,207.39,0.0
1058,75,1,350.21,0.0
1058,77,2,15.68,0.0
1058,82,1,55.45,0.0
1058,110,4,59.35,0.0
1058,63,2,19.91,0.0
1059,25,1,11.98,0.0
1059,21,1,82.02,0.0
1059,90,2,109.37,0.0
1060,54,2,27.62,0.2
1060,61,4,37.44,0.0
1060,70,2,28.81,0.0
1061,6,1,79.0,0.0
1061,2,3,26.52,0.0
1061,77,2,15.68,0.15
1061,85,4,22.44,0.0
1062,88,4,13.67,0.15
1062,4,1,30.61,0.0
1062,87,4,400.13,0.0
1062,13,1,290.11,0.0
1063,10,1,121.49,0.0
1064,78,3,137.74,0.2
1064,75,1,350.21,0.0
1065,82,2,55.45,0.0
1065,109,2,24.7,0.0
1065,103,2,101.9,0.0
1065,118,4,369.42,0.0
1065,30,1,18.03,0.0
1066,107,3,257.39,0.0
1066,114,3,14.07,0.0
1066,84,3,62.27,0.0
1067,90,3,109.37,0.0
1067,42,1,13.33,0.1
1068,14,2,74.09,0.0
1068,119,2,44.92,0.0
1069,1,2,74.48,0.0
1069,54,1,27.62,0.0
1069,58,1,22.91,0.0
1069,48,4,128.2,0.0
1069,7,3,23.82,0.0
1070,71,3,114.05,0.0
1070,43,2,23.13,0.0
1071,99,4,38.04,0.0
1071,19,4,207.39,0.0
1071,48,2,128.2,0.0
1071,80,4,21.1,0.0
1071,4,1,30.61,0.0
1072,79,2,73.8,0.0
1072,22,2,133.91,0.2
1072,37,3,921.79,0.0
1073,57,3,260.52,0.0
1073,90,2,109.37,0.15
1073,103,4,101.9,0.0
1073,112,1,10.05,0.0
1073,14,4,74.09,0.0
1074,72,3,27.53,0.0
1075,54,2,27.62,0.0
1076,12,4,61.23,0.0
1076,43,4,23.13,0.1
1076,54,2,27.62,0.0
1076,79,3,73.8,0.0
1076,86,2,230.89,0.0
1077,108,2,27.5,0.0
1077,5,1,95.87,0.0
1077,53,2,108.15,0.0
1078,113,2,570.95,0.0
1078,108,1,27.5,0.0
1078,53,4,108.15,0.0
1078,42,1,13.33,0.0
1079,78,4,137.74,0.0
1079,74,2,36.95,0.0
1080,40,4,72.98,0.1
1080,75,3,350.21,0.0
1080,78,3,137.74,0.0
1080,37,4,921.79,0.0
1080,30,2,18.03,0.0
1081,16,2,15.62,0.0
1081,22,2,133.91,0.0
1082,9,4,35.83,0.0
1082,71,2,114.05,0.0
1082,30,1,18.03,0.0
1083,11,2,362.9,0.0
1083,58,4,22.91,0.0
1083,15,3,50.98,0.0
1084,58,4,22.91,0.0
1085,10,3,121.49,0.0
1085,34,2,95.61,0.0
1085,74,3,36.95,0.0
1086,26,4,36.15,0.0
1087,73,2,111.85,0.0
1087,93,2,68.0,0.0
1087,13,2,290.11,0.0
1087,107,2,257.39,0.0
1087,8,3,274.79,0.0
1088,41,1,61.94,0.0
1088,63,2,19.91,0.15
1088,32,1,37.01,0.0
1088,40,1,72.98,0.0
1088,86,1,230.89,0.0
1089,40,3,72.98,0.15
1089,109,2,24.7,0.0
1089,88,1,13.67,0.0
1090,12,3,61.23,0.0
1091,7,3,23.82,0.0
1091,83,4,34.02,0.0
1091,45,4,28.82,0.1
1091,37,3,921.79,0.0
1092,8,3,274.79,0.0
1092,15,2,50.98,0.0
1093,107,4,257.39,0.0
1093,86,4,230.89,0.0
1093,115,4,22.31,0.0
1093,61,3,37.44,0.15
1093,74,3,36.95,0.2
1094,15,1,50.98,0.0
1094,86,1,230.89,0.0
1095,70,2,28.81,0.0
1095,71,2,114.05,0.0
1096,118,1,369.42,0.0
1096,35,2,273.54,0.0
1096,90,1,109.37,0.0
1097,108,1,27.5,0.0
1098,78,1,137.74,0.15
1098,55,1,16.78,0.0
1098,60,1,91.68,0.0
1098,113,1,570.95,0.0
1099,66,3,405.53,0.2
1099,99,3,38.04,0.0
1099,93,2,68.0,0.0
1100,113,2,570.95,0.0
1101,69,4,149.0,0.0
1101,8,2,274.79,0.0
1102,109,1,24.7,0.0
1102,66,2,405.53,0.0
1102,82,3,55.45,0.0
1102,117,2,15.26,0.0
1102,21,1,82.02,0.2
1103,41,4,61.94,0.0
1103,5,4,95.87,0.0
1104,85,4,22.44,0.15
1104,24,1,20.63,0.0
1105,29,3,102.09,0.0
1106,73,1,111.85,0.0
1106,5,1,95.87,0.0
1107,77,1,15.68,0.0
1107,53,3,108.15,0.0
1108,35,4,273.54,0.0
1108,59,3,90.35,0.0
1108,37,1,921.79,0.0
1108,95,3,31.66,0.0
1108,28,4,93.78,0.0
1109,63,4,19.91,0.0
1109,58,4,22.91,0.0
1109,25,2,11.98,0.15
1110,104,4,291.82,0.0
1110,32,1,37.01,0.0
1110,67,4,38.0,0.0
1110,12,4,61.23,0.1
1111,16,4,15.62,0.1
1112,107,4,257.39,0.0
1112,32,4,37.01,0.15
1112,33,4,19.5,0.0
1112,90,3,109.37,0.1
1112,113,4,570.95,0.0
1113,69,1,149.0,0.2
1114,42,2,13.33,0.0
1114,54,2,27.62,0.0
1115,30,3,18.03,0.0
1115,86,4,230.89,0.0
1115,23,1,25.86,0.0
1115,8,1,274.79,0.0
1116,29,1,102.09,0.0
1116,46,1,1072.61,0.0
1117,114,1,14.07,0.1
1117,72,4,27.53,0.15
1118,49,1,23.55,0.2
1118,89,4,15.09,0.15
1118,16,2,15.62,0.0
1118,81,2,31.68,0.0
1118,22,1,133.91,0.0
1119,77,4,15.68,0.0
1119,20,1,17.08,0.1
1119,97,3,15.51,0.0
1120,41,1,61.94,0.0
1120,107,3,257.39,0.0
1120,85,2,22.44,0.0
1121,107,3,257.39,0.15
1122,5,4,95.87,0.15
1122,101,1,29.93,0.0
1122,32,2,37.01,0.0
1122,75,2,350.21,0.0
1122,105,2,45.11,0.0
1123,112,1,10.05,0.0
1123,44,1,18.46,0.0
1124,9,3,35.83,0.0
1124,41,2,61.94,0.0
1124,78,3,137.74,0.0
1124,72,3,27.53,0.1
1125,18,2,673.88,0.0
1125,99,2,38.04,0.0
1126,78,4,137.74,0.1
1127,93,4,68.0,0.15
1127,48,3,128.2,0.0
1127,115,3,22.31,0.0
1127,43,1,23.13,0.0
1128,91,3,128.38,0.0
1129,11,2,362.9,0.0
1129,107,2,257.39,0.0
1129,112,1,10.05,0.1
1129,10,4,121.49,0.0
1129,87,3,400.13,0.0
1130,78,4,137.74,0.0
1130,113,4,570.95,0.0
1130,38,3,37.51,0.15
1130,45,4,28.82,0.0
1131,68,1,34.7,0.0
1131,59,4,90.35,0.0
1132,62,4,151.53,0.0
1132,51,2,37.61,0.2
1132,17,4,30.4,0.0
1132,84,2,62.27,0.15
1133,57,2,260.52,0.0
1134,83,2,34.02,0.2
1135,28,4,93.78,0.0
1135,63,3,19.91,0.0
1135,44,3,18.46,0.0
1136,41,2,61.94,0.1
1136,110,1,59.35,0.0
1136,17,4,30.4,0.0
1136,99,1,38.04,0.0
1136,75,4,350.21,0.0
1137,2,3,26.52,0.1
1138,30,4,18.03,0.0
1138,14,2,74.09,0.15
1138,82,3,55.45,0.0
1139,67,4,38.0,0.0
1140,15,4,50.98,0.0
1140,93,2,68.0,0.0
1141,82,4,55.45,0.0
1141,112,4,10.05,0.0
1141,33,1,19.5,0.0
1141,9,2,35.83,0.1
1142,120,2,87.36,0.0
1142,22,2,133.91,0.0
1142,48,1,128.2,0.0
1143,107,4,257.39,0.0
1143,2,2,26.52,0.0
1144,31,1,527.26,0.0
1144,68,2,34.7,0.0
1145,64,3,248.26,0.0
1145,45,2,28.82,0.0
1145,22,3,133.91,0.2
1146,32,4,37.01,0.2
1147,45,1,28.82,0.0
1147,74,2,36.95,0.0
1148,30,4,18.03,0.0
1148,61,4,37.44,0.0
1148,71,3,114.05,0.1
1148,4,3,30.61,0.0
1148,27,2,86.91,0.0
1149,26,2,36.15,0.0
1149,54,1,27.62,0.0
1150,74,2,36.95,0.0
1151,55,1,16.78,0.1
1152,99,3,38.04,0.0
1152,53,2,108.15,0.0
1152,36,2,76.85,0.0
1152,31,1,527.26,0.0
1152,21,4,82.02,0.0
1153,53,4,108.15,0.0
1153,28,1,93.78,0.1
1153,85,2,22.44,0.0
1153,106,3,46.75,0.0
1154,105,1,45.11,0.2
1154,109,3,24.7,0.0
1154,30,2,18.03,0.0
1154,84,4,62.27,0.0
1155,2,1,26.52,0.0
1155,20,1,17.08,0.0
1155,100,4,30.75,0.0
1155,91,4,128.38,0.0
1155,15,2,50.98,0.0
1156,64,4,248.26,0.0
1156,54,4,27.62,0.0
1156,33,3,19.5,0.1
1157,6,2,79.0,0.0
1157,12,3,61.23,0.0
1157,8,4,274.79,0.0
1157,95,3,31.66,0.0
1157,112,4,10.05,0.0
1158,63,4,19.91,0.15
1158,9,4,35.83,0.0
1158,117,4,15.26,0.0
1159,19,1,207.39,0.0
1159,47,4,25.63,0.0
1159,101,1,29.93,0.0
1159,117,4,15.26,0.0
1160,56,2,180.17,0.0
1161,79,2,73.8,0.0
1162,120,1,87.36,0.0
1162,27,2,86.91,0.0
1162,2,2,26.52,0.0
1163,17,2,30.4,0.0
1163,88,2,13.67,0.15
1164,118,4,369.42,0.0
1164,42,3,13.33,0.0
1164,92,4,66.97,0.0
1164,59,3,90.35,0.0
1164,36,3,76.85,0.0
1165,1,1,74.48,0.0
1165,33,4,19.5,0.0
1166,3,2,210.73,0.0
1166,55,4,16.78,0.0
1166,97,2,15.51,0.0
1167,29,3,102.09,0.2
1167,11,1,362.9,0.1
1167,90,4,109.37,0.1
1168,10,2,121.49,0.1
1168,62,3,151.53,0.0
1168,72,3,27.53,0.0
1168,71,1,114.05,0.0
1168,15,4,50.98,0.0
1169,16,1,15.62,0.0
1169,22,3,133.91,0.0
1169,14,1,74.09,0.0
1169,25,1,11.98,0.0
1169,75,1,350.21,0.0
1170,109,4,24.7,0.0
1170,8,4,274.79,0.0
1170,86,1,230.89,0.0
1170,11,2,362.9,0.0
1170,112,1,10.05,0.15
1171,94,3,8.62,0.0
1171,15,4,50.98,0.0
1171,53,4,108.15,0.0
1171,28,2,93.78,0.0
1172,28,4,93.78,0.0
1173,44,2,18.46,0.0
1173,112,4,10.05,0.15
1173,68,3,34.7,0.0
1173,52,4,15.79,0.0
1174,49,4,23.55,0.0
1174,108,1,27.5,0.1
1174,70,1,28.81,0.0
1174,104,2,291.82,0.0
1174,4,1,30.61,0.2
1175,30,2,18.03,0.0
1175,29,3,102.09,0.1
1175,68,4,34.7,0.0
1175,84,1,62.27,0.0
1175,57,3,260.52,0.0
1176,42,1,13.33,0.1
1176,6,2,79.0,0.0
1177,66,2,405.53,0.0
1178,95,1,31.66,0.0
1178,75,2,350.21,0.0
1178,64,1,248.26,0.0
1178,63,3,19.91,0.0
1179,29,1,102.09,0.0
1179,84,2,62.27,0.0
1179,83,3,34.02,0.1
1180,57,2,260.52,0.0
1180,1,3,74.48,0.0
1181,86,2,230.89,0.0
1181,17,2,30.4,0.0
1181,11,1,362.9,0.0
1182,7,4,23.82,0.0
1182,73,3,111.85,0.0
1183,102,1,104.68,0.0
1183,81,4,31.68,0.0
1183,59,4,90.35,0.0
1184,115,1,22.31,0.0
1184,81,1,31.68,0.0
1185,4,4,30.61,0.15
1185,46,4,1072.61,0.0
1185,12,2,61.23,0.0
1185,92,4,66.97,0.0
1186,70,1,28.81,0.0
1186,103,2,101.9,0.0
1186,49,4,23.55,0.0
1186,110,2,59.35,0.0
1186,65,3,759.55,0.0
1187,112,2,10.05,0.0
1187,25,3,11.98,0.0
1188,12,2,61.23,0.15
1188,80,3,21.1,0.0
1188,104,4,291.82,0.0
1188,19,3,207.39,0.0
1189,111,1,36.67,0.0
1189,28,1,93.78,0.0
1189,57,4,260.52,0.0
1189,76,4,10.64,0.15
1189,8,3,274.79,0.0
1190,82,2,55.45,0.0
1190,26,3,36.15,0.1
1190,51,4,37.61,0.0
1190,120,1,87.36,0.0
1191,57,2,260.52,0.0
1191,2,2,26.52,0.0
1191,115,1,22.31,0.0
1191,82,1,55.45,0.0
1191,58,4,22.91,0.0
1192,10,2,121.49,0.0
1192,40,3,72.98,0.0
1192,51,1,37.61,0.0
1193,85,3,22.44,0.0
1194,73,4,111.85,0.1
1194,31,2,527.26,0.0
1194,32,3,37.01,0.0
1195,110,4,59.35,0.0
1195,87,1,400.13,0.0
1195,33,2,19.5,0.0
1195,119,4,44.92,0.0
1195,81,2,31.68,0.0
1196,97,3,15.51,0.0
1196,60,4,91.68,0.15
1196,56,1,180.17,0.0
1197,17,1,30.4,0.0
1197,76,4,10.64,0.0
1197,88,2,13.67,0.0
1197,10,3,121.49,0.0
1197,113,1,570.95,0.0
1198,83,4,34.02,0.0
1198,18,4,673.88,0.0
1198,96,1,13.59,0.0
1199,61,1,37.44,0.0
1199,47,1,25.63,0.0
1199,16,2,15.62,0.0
1199,48,4,128.2,0.0
1199,66,1,405.53,0.0
1200,95,3,31.66,0.0
1200,71,3,114.05,0.0
1200,100,1,30.75,0.0
1200,17,4,30.4,0.0
1201,7,1,23.82,0.0
1201,105,3,45.11,0.0
1201,48,1,128.2,0.0
1201,53,2,108.15,0.0
1202,3,1,210.73,0.1
1202,84,2,62.27,0.15
1202,108,2,27.5,0.0
1203,85,2,22.44,0.0
1203,25,1,11.98,0.0
1203,71,3,114.05,0.0
1203,38,3,37.51,0.0
1203,112,1,10.05,0.0
1204,68,3,34.7,0.0
1205,54,2,27.62,0.0
1205,70,3,28.81,0.1
1205,98,4,979.01,0.0
1206,98,1,979.01,0.0
1206,14,3,74.09,0.0
1206,113,4,570.95,0.15
1206,81,2,31.68,0.1
1207,107,1,257.39,0.0
1207,99,1,38.04,0.0
1207,40,3,72.98,0.0
1207,71,2,114.05,0.0
1207,112,1,10.05,0.0
1208,24,1,20.63,0.0
1208,41,2,61.94,0.0
1209,1,3,74.48,0.0
1209,26,4,36.15,0.0
1209,22,3,133.91,0.0
1209,115,3,22.31,0.0
1210,46,3,1072.61,0.1
1210,64,3,248.26,0.0
1210,1,3,74.48,0.0
1211,95,4,31.66,0.1
1212,40,1,72.98,0.2
1212,72,3,27.53,0.15
1212,82,4,55.45,0.1
1212,71,1,114.05,0.0
1212,12,3,61.23,0.15
1213,87,2,400.13,0.0
1213,40,4,72.98,0.0
1213,8,1,274.79,0.0
1214,89,4,15.09,0.15
1215,23,3,25.86,0.0
1215,6,2,79.0,0.1
1215,58,4,22.91,0.0
1216,32,4,37.01,0.0
1217,5,1,95.87,0.0
1217,104,4,291.82,0.15
1218,90,2,109.37,0.0
1219,72,4,27.53,0.0
1219,104,2,291.82,0.0
1219,49,1,23.55,0.0
1219,20,2,17.08,0.0
1219,42,1,13.33,0.0
1220,63,4,19.91,0.1
1220,9,2,35.83,0.0
1220,29,1,102.09,0.0
1220,93,4,68.0,0.0
1221,71,4,114.05,0.2
1221,72,2,27.53,0.0
1222,9,4,35.83,0.0
1223,76,1,10.64,0.0
1223,62,4,151.53,0.0
1223,1,1,74.48,0.0
1223,101,1,29.93,0.0
1224,72,3,27.53,0.0
1224,10,2,121.49,0.0
1224,73,4,111.85,0.0
1224,7,1,23.82,0.1
1224,28,2,93.78,0.0
1225,60,1,91.68,0.0
1226,23,3,25.86,0.0
1226,90,1,109.37,0.1
1226,20,3,17.08,0.0
1226,65,4,759.55,0.0
1226,32,2,37.01,0.2
1227,24,3,20.63,0.0
1227,98,2,979.01,0.0
1227,86,4,230.89,0.0
1228,91,2,128.38,0.0
1228,38,3,37.51,0.0
1229,71,4,114.05,0.1
1230,113,1,570.95,0.0
1230,9,1,35.83,0.0
1230,12,1,61.23,0.0
1230,70,1,28.81,0.0
1230,31,3,527.26,0.0
1231,58,2,22.91,0.0
1231,21,1,82.02,0.0
1231,83,2,34.02,0.0
1231,115,4,22.31,0.0
1231,84,3,62.27,0.0
1232,68,4,34.7,0.2
1232,45,2,28.82,0.0
1232,22,2,133.91,0.0
1232,11,1,362.9,0.0
1233,75,2,350.21,0.0
1233,60,1,91.68,0.0
1233,64,2,248.26,0.0
1233,7,2,23.82,0.1
1233,76,3,10.64,0.0
1234,80,1,21.1,0.0
1235,93,1,68.0,0.0
1235,53,4,108.15,0.0
1235,17,2,30.4,0.0
1235,48,4,128.2,0.0
1235,56,1,180.17,0.0
1236,75,3,350.21,0.0
1236,1,4,74.48,0.1
1236,94,1,8.62,0.0
1236,92,3,66.97,0.0
1236,59,4,90.35,0.1
1237,42,4,13.33,0.0
1237,29,3,102.09,0.0
1237,90,2,109.37,0.15
1238,31,2,527.26,0.0
1238,10,2,121.49,0.1
1238,27,3,86.91,0.0
1238,52,4,15.79,0.0
1239,108,1,27.5,0.0
1240,97,3,15.51,0.15
1240,48,2,128.2,0.0
1241,83,4,34.02,0.0
1241,30,2,18.03,0.0
1241,10,2,121.49,0.0
1242,104,3,291.82,0.0
1242,11,2,362.9,0.0
1242,103,3,101.9,0.0
1243,79,1,73.8,0.0
1243,46,4,1072.61,0.1
1244,95,3,31.66,0.0
1245,5,2,95.87,0.0
1245,112,1,10.05,0.0
1245,10,2,121.49,0.15
1245,4,2,30.61,0.15
1246,81,3,31.68,0.0
1246,109,2,24.7,0.0
1246,96,2,13.59,0.0
1246,72,1,27.53,0.0
1246,118,3,369.42,0.0
1247,52,1,15.79,0.0
1247,28,3,93.78,0.0
1248,25,1,11.98,0.2
1249,85,4,22.44,0.0
1249,53,1,108.15,0.0
1249,13,1,290.11,0.0
1249,89,4,15.09,0.0
1250,1,3,74.48,0.0
1250,76,1,10.64,0.0
1250,61,4,37.44,0.0
1250,71,2,114.05,0.0
1250,105,3,45.11,0.0
1251,60,3,91.68,0.0
1252,23,2,25.86,0.1
1252,41,2,61.94,0.1
1252,110,2,59.35,0.0
1252,15,2,50.98,0.15
1253,90,3,109.37,0.1
1253,99,2,38.04,0.1
1253,78,2,137.74,0.0
1253,32,4,37.01,0.0
1253,117,2,15.26,0.0
1254,78,4,137.74,0.0
1254,94,4,8.62,0.0
1254,4,2,30.61,0.0
1255,93,2,68.0,0.0
1256,103,4,101.9,0.1
1256,2,3,26.52,0.0
1257,14,3,74.09,0.1
1257,48,3,128.2,0.0
1257,22,1,133.91,0.15
1257,66,3,405.53,0.0
1258,63,2,19.91,0.0
1258,116,4,340.28,0.2
1259,69,1,149.0,0.0
1259,12,1,61.23,0.0
1260,70,3,28.81,0.0
1260,54,2,27.62,0.0
1260,33,4,19.5,0.0
1260,111,2,36.67,0.0
1260,39,2,813.85,0.0
1261,39,1,813.85,0.2
1261,84,3,62.27,0.0
1261,72,3,27.53,0.0
1262,67,2,38.0,0.1
1263,63,2,19.91,0.0
1263,27,3,86.91,0.0
1263,24,1,20.63,0.0
1263,94,1,8.62,0.0
1264,97,2,15.51,0.0
1264,81,2,31.68,0.0
1265,32,2,37.01,0.0
1265,99,4,38.04,0.0
1265,53,4,108.15,0.0
1265,22,4,133.91,0.0
1265,81,4,31.68,0.0
1266,78,1,137.74,0.2
1266,12,4,61.23,0.0
1266,4,3,30.61,0.0
1266,43,2,23.13,0.0
1266,18,1,673.88,0.0
1267,35,1,273.54,0.0
1267,58,2,22.91,0.0
1267,100,1,30.75,0.0
1267,70,1,28.81,0.2
1268,20,3,17.08,0.0
1268,36,3,76.85,0.0
1268,19,3,207.39,0.0
1269,30,4,18.03,0.0
1269,12,2,61.23,0.0
1270,26,2,36.15,0.0
1270,10,3,121.49,0.1
1271,92,1,66.97,0.0
1271,41,1,61.94,0.0
1271,55,2,16.78,0.0
1271,101,3,29.93,0.0
1271,54,3,27.62,0.15
1272,37,3,921.79,0.0
1272,44,3,18.46,0.0
1273,6,3,79.0,0.0
1273,36,4,76.85,0.0
1273,102,2,104.68,0.0
1273,69,3,149.0,0.0
1273,20,1,17.08,0.0
1274,93,3,68.0,0.0
1274,16,1,15.62,0.0
1275,103,1,101.9,0.0
1275,37,4,921.79,0.0
1275,2,2,26.52,0.0
1275,33,4,19.5,0.0
1275,60,1,91.68,0.0
1276,57,2,260.52,0.1
1276,16,2,15.62,0.0
1276,19,2,207.39,0.0
1277,94,4,8.62,0.0
1278,38,2,37.51,0.0
1278,60,4,91.68,0.0
1278,86,3,230.89,0.0
1278,14,2,74.09,0.0
1279,16,1,15.62,0.0
1280,105,1,45.11,0.0
1280,83,3,34.02,0.0
1281,50,2,36.36,0.0
1281,91,4,128.38,0.0
1281,101,3,29.93,0.15
1281,36,4,76.85,0.0
1282,17,2,30.4,0.0
1282,36,4,76.85,0.0
1282,33,2,19.5,0.0
1282,71,1,114.05,0.0
1282,54,3,27.62,0.1
1283,33,2,19.5,0.0
1284,27,4,86.91,0.0
1284,100,4,30.75,0.0
1284,85,1,22.44,0.0
1284,15,2,50.98,0.0
1285,99,4,38.04,0.0
1285,119,4,44.92,0.0
1285,109,1,24.7,0.1
1285,19,3,207.39,0.0
1286,41,1,61.94,0.0
1286,77,4,15.68,0.0
1286,79,3,73.8,0.0
1287,19,1,207.39,0.0
1287,66,4,405.53,0.0
1287,55,3,16.78,0.0
1287,53,3,108.15,0.0
1287,28,4,93.78,0.0
1288,21,3,82.02,0.0
1288,95,3,31.66,0.0
1288,105,1,45.11,0.0
1289,97,1,15.51,0.0
1289,18,3,673.88,0.0
1289,73,1,111.85,0.0
1289,119,3,44.92,0.0
1290,86,2,230.89,0.0
1291,106,3,46.75,0.0
1291,22,2,133.91,0.0
1292,15,2,50.98,0.0
1292,62,4,151.53,0.0
1293,14,2,74.09,0.0
1293,75,4,350.21,0.0
1293,17,1,30.4,0.0
1293,2,1,26.52,0.0
1293,72,2,27.53,0.0
1294,72,1,27.53,0.1
1294,35,4,273.54,0.0
1294,116,2,340.28,0.1
1294,77,1,15.68,0.15
1295,9,1,35.83,0.0
1295,18,2,673.88,0.0
1295,59,3,90.35,0.0
1296,68,2,34.7,0.1
1297,1,2,74.48,0.0
1297,46,3,1072.61,0.0
1297,49,1,23.55,0.0
1297,97,4,15.51,0.0
1297,26,2,36.15,0.0
1298,30,4,18.03,0.0
1299,90,4,109.37,0.0
1299,8,1,274.79,0.15
1300,94,2,8.62,0.0
1300,69,3,149.0,0.0
1300,92,3,66.97,0.0
1300,81,3,31.68,0.0
1300,42,1,13.33,0.0
1301,41,1,61.94,0.15
1301,94,4,8.62,0.0
1301,71,1,114.05,0.0
1302,51,2,37.61,0.0
1302,57,1,260.52,0.2
1303,11,2,362.9,0.0
1303,15,3,50.98,0.15
1303,12,4,61.23,0.0
1304,24,2,20.63,0.1
1304,48,2,128.2,0.2
1304,36,2,76.85,0.0
1304,66,3,405.53,0.0
1305,49,1,23.55,0.15
1305,52,2,15.79,0.0
1305,75,3,350.21,0.15
1305,16,4,15.62,0.0
1305,50,3,36.36,0.15
1306,4,4,30.61,0.0
1306,71,4,114.05,0.0
1306,105,4,45.11,0.1
1307,115,2,22.31,0.0
1307,120,3,87.36,0.0
1307,31,2,527.26,0.15
1307,67,3,38.0,0.2
1307,1,2,74.48,0.0
1308,49,3,23.55,0.0
1308,42,3,13.33,0.0
1309,78,1,137.74,0.0
1309,108,1,27.5,0.1
1309,87,2,400.13,0.0
1310,46,2,1072.61,0.0
1310,101,3,29.93,0.0
1310,63,4,19.91,0.0
1310,95,1,31.66,0.15
1310,2,2,26.52,0.1
1311,95,3,31.66,0.0
1311,19,1,207.39,0.0
1312,14,3,74.09,0.0
1312,120,1,87.36,0.1
1312,59,3,90.35,0.0
1312,36,2,76.85,0.15
1313,69,1,149.0,0.0
1313,49,3,23.55,0.0
1313,15,3,50.98,0.1
1313,119,4,44.92,0.15
1314,79,3,73.8,0.0
1314,35,2,273.54,0.0
1314,50,3,36.36,0.1
1314,30,2,18.03,0.0
1315,90,1,109.37,0.15
1315,89,4,15.09,0.0
1315,59,2,90.35,0.0
1316,66,1,405.53,0.0
1317,89,3,15.09,0.0
1317,19,1,207.39,0.0
1318,46,4,1072.61,0.2
1318,29,2,102.09,0.0
1318,15,3,50.98,0.0
1318,25,4,11.98,0.0
1318,78,3,137.74,0.1
1319,50,3,36.36,0.0
1320,21,1,82.02,0.0
1320,75,1,350.21,0.0
1320,40,3,72.98,0.0
1320,32,2,37.01,0.1
1321,66,2,405.53,0.15
1322,120,2,87.36,0.0
1322,57,2,260.52,0.0
1323,29,3,102.09,0.0
1323,117,4,15.26,0.1
1323,76,3,10.64,0.0
1323,113,3,570.95,0.0
1324,11,4,362.9,0.0
1324,104,3,291.82,0.2
1324,90,1,109.37,0.0
1324,62,3,151.53,0.0
1324,8,3,274.79,0.1
1325,31,2,527.26,0.0
1326,72,2,27.53,0.1
1326,113,3,570.95,0.0
1326,39,1,813.85,0.0
1326,54,1,27.62,0.15
1326,107,1,257.39,0.0
1327,90,2,109.37,0.0
1328,65,2,759.55,0.0
1328,91,4,128.38,0.0
1328,22,3,133.91,0.0
1328,10,4,121.49,0.15
1329,71,2,114.05,0.0
1329,1,2,74.48,0.0
1329,20,4,17.08,0.0
1329,26,2,36.15,0.0
1330,69,2,149.0,0.0
1330,11,2,362.9,0.0
1330,48,3,128.2,0.0
1330,51,1,37.61,0.0
1330,42,2,13.33,0.1
1331,70,4,28.81,0.0
1331,104,1,291.82,0.0
1331,109,2,24.7,0.0
1331,66,3,405.53,0.0
1331,21,3,82.02,0.0
1332,85,4,22.44,0.15
1333,38,1,37.51,0.0
1334,84,2,62.27,0.0
1334,48,2,128.2,0.15
1334,86,4,230.89,0.0
1335,64,2,248.26,0.0
1335,53,4,108.15,0.0
1335,101,1,29.93,0.15
1335,80,4,21.1,0.0
1336,32,1,37.01,0.0
1336,85,1,22.44,0.0
1336,107,4,257.39,0.0
1336,94,3,8.62,0.0
1336,41,4,61.94,0.0
1337,111,2,36.67,0.15
1337,50,1,36.36,0.0
1337,17,1,30.4,0.1
1337,39,1,813.85,0.0
1337,92,2,66.97,0.0
1338,37,1,921.79,0.0
1338,97,4,15.51,0.0
1338,3,3,210.73,0.0
1339,105,1,45.11,0.0
1339,3,3,210.73,0.0
1340,27,1,86.91,0.0
1340,25,1,11.98,0.0
1340,50,2,36.36,0.0
1340,99,4,38.04,0.0
1341,30,1,18.03,0.0
1341,11,3,362.9,0.1
1341,4,1,30.61,0.1
1342,9,1,35.83,0.0
1342,79,4,73.8,0.0
1343,91,4,128.38,0.0
1343,71,2,114.05,0.1
1343,42,2,13.33,0.0
1343,49,2,23.55,0.0
1343,73,4,111.85,0.0
1344,47,2,25.63,0.0
1344,54,3,27.62,0.15
1344,77,1,15.68,0.0
1345,84,1,62.27,0.2
1345,113,4,570.95,0.0
1345,60,3,91.68,0.0
1345,74,2,36.95,0.0
1346,49,2,23.55,0.0
1347,27,3,86.91,0.0
1347,36,4,76.85,0.0
1347,1,3,74.48,0.1
1347,49,2,23.55,0.0
1347,77,1,15.68,0.0
1348,13,1,290.11,0.0
1348,37,2,921.79,0.0
1348,40,3,72.98,0.0
1348,80,2,21.1,0.0
1348,23,2,25.86,0.0
1349,77,4,15.68,0.0
1349,119,4,44.92,0.0
1350,49,4,23.55,0.0
1350,2,1,26.52,0.0
1350,64,1,248.26,0.0
1350,45,4,28.82,0.0
1350,118,3,369.42,0.0
1351,85,1,22.44,0.0
1351,106,1,46.75,0.2
1352,21,2,82.02,0.0
1352,66,3,405.53,0.0
1352,63,1,19.91,0.0
1352,88,1,13.67,0.0
1352,43,1,23.13,0.0
1353,109,3,24.7,0.0
1353,82,4,55.45,0.0
1353,39,4,813.85,0.0
1354,62,3,151.53,0.15
1354,58,4,22.91,0.0
1354,49,4,23.55,0.1
1354,66,4,405.53,0.0
1354,30,2,18.03,0.0
1355,63,3,19.91,0.0
1355,21,2,82.02,0.0
1356,63,1,19.91,0.2
1356,8,4,274.79,0.0
1356,41,3,61.94,0.0
1356,77,1,15.68,0.0
1356,84,3,62.27,0.2
1357,31,3,527.26,0.2
1357,12,2,61.23,0.0
1357,114,1,14.07,0.1
1357,1,4,74.48,0.0
1358,4,1,30.61,0.0
1358,107,4,257.39,0.0
1358,91,3,128.38,0.0
1358,24,4,20.63,0.1
1358,48,1,128.2,0.0
1359,27,1,86.91,0.0
1359,105,4,45.11,0.1
1359,26,1,36.15,0.0
1359,36,3,76.85,0.0
1360,115,4,22.31,0.0
1361,4,2,30.61,0.0
1361,28,4,93.78,0.1
1361,1,4,74.48,0.1
1361,76,4,10.64,0.1
1361,95,4,31.66,0.0
1362,73,2,111.85,0.0
1362,101,4,29.93,0.0
1362,39,1,813.85,0.0
1363,1,1,74.48,0.0
1363,94,3,8.62,0.0
1363,54,2,27.62,0.0
1363,93,2,68.0,0.0
1364,41,1,61.94,0.0
1364,60,1,91.68,0.0
1364,57,2,260.52,0.0
1365,104,1,291.82,0.0
1366,109,3,24.7,0.0
1366,61,2,37.44,0.2
1366,43,2,23.13,0.0
1366,63,4,19.91,0.0
1366,46,1,1072.61,0.0
1367,9,4,35.83,0.0
1367,40,3,72.98,0.0
1367,25,2,11.98,0.0
1368,111,3,36.67,0.0
1368,50,3,36.36,0.0
1369,78,2,137.74,0.0
1369,62,2,151.53,0.0
1369,90,2,109.37,0.15
1369,79,3,73.8,0.2
1370,39,3,813.85,0.1
1371,52,1,15.79,0.0
1372,95,4,31.66,0.0
1372,112,3,10.05,0.0
1372,23,3,25.86,0.0
1373,116,2,340.28,0.0
1373,83,4,34.02,0.0
1373,5,3,95.87,0.0
1373,37,4,921.79,0.0
1374,62,2,151.53,0.0
1374,105,2,45.11,0.0
1374,51,4,37.61,0.2
1374,35,1,273.54,0.0
1375,57,1,260.52,0.1
1375,90,3,109.37,0.0
1376,111,4,36.67,0.0
1376,74,2,36.95,0.0
1376,66,4,405.53,0.15
1376,91,3,128.38,0.2
1376,50,3,36.36,0.0
1377,45,1,28.82,0.1
1377,58,4,22.91,0.0
1378,42,4,13.33,0.0
1379,55,4,16.78,0.0
1380,101,2,29.93,0.0
1380,111,4,36.67,0.0
1380,31,4,527.26,0.0
1380,58,2,22.91,0.0
1380,29,3,102.09,0.0
1381,32,2,37.01,0.0
1381,39,4,813.85,0.0
1381,36,2,76.85,0.0
1381,116,4,340.28,0.0
1381,119,1,44.92,0.15
1382,39,3,813.85,0.0
1382,29,1,102.09,0.0
1383,57,3,260.52,0.1
1383,78,4,137.74,0.0
1383,119,4,44.92,0.2
1383,92,4,66.97,0.0
1384,117,3,15.26,0.0
1384,24,2,20.63,0.0
1385,48,3,128.2,0.0
1386,59,1,90.35,0.1
1387,93,3,68.0,0.0
1387,46,3,1072.61,0.0
1387,50,2,36.36,0.1
1388,28,4,93.78,0.0
1389,18,1,673.88,0.15
1389,54,2,27.62,0.15
1389,40,2,72.98,0.0
1389,19,4,207.39,0.15
1389,17,1,30.4,0.0
1390,53,2,108.15,0.0
1391,75,2,350.21,0.0
1391,104,1,291.82,0.15
1391,3,4,210.73,0.0
1391,83,2,34.02,0.0
1392,81,4,31.68,0.0
1392,18,1,673.88,0.0
1392,117,1,15.26,0.15
1392,108,4,27.5,0.0
1392,34,2,95.61,0.2
1393,44,1,18.46,0.0
1394,117,2,15.26,0.0
1395,96,4,13.59,0.0
1395,40,2,72.98,0.0
1396,1,1,74.48,0.2
1396,71,3,114.05,0.0
1396,106,4,46.75,0.0
1397,104,1,291.82,0.0
1397,17,1,30.4,0.1
1397,64,4,248.26,0.0
1398,3,3,210.73,0.0
1398,29,4,102.09,0.2
1399,77,1,15.68,0.0
1399,33,4,19.5,0.0
1399,93,3,68.0,0.0
1399,23,1,25.86,0.2
1400,53,3,108.15,0.0
1400,15,3,50.98,0.0
1400,73,3,111.85,0.0
1400,69,4,149.0,0.0
1401,28,4,93.78,0.0
1401,38,2,37.51,0.0
1401,54,2,27.62,0.0
1402,68,1,34.7,0.0
1402,77,1,15.68,0.0
1402,115,3,22.31,0.15
1403,87,2,400.13,0.0
1403,116,2,340.28,0.0
1403,114,2,14.07,0.0
1403,104,4,291.82,0.2
1404,107,1,257.39,0.1
1405,10,3,121.49,0.0
1406,83,1,34.02,0.0
1406,79,1,73.8,0.0
1407,113,2,570.95,0.0
1407,55,4,16.78,0.0
1408,57,1,260.52,0.0
1408,53,3,108.15,0.0
1408,47,1,25.63,0.0
1409,7,3,23.82,0.0
1409,47,1,25.63,0.0
1410,116,1,340.28,0.0
1410,19,1,207.39,0.0
1410,17,2,30.4,0.15
1411,94,4,8.62,0.0
1411,100,3,30.75,0.0
1412,35,2,273.54,0.1
1413,94,4,8.62,0.0
1414,41,2,61.94,0.0
1414,48,3,128.2,0.0
1414,23,1,25.86,0.0
1414,93,3,68.0,0.0
1414,89,1,15.09,0.0
1415,16,2,15.62,0.0
1415,114,1,14.07,0.0
1415,70,4,28.81,0.0
1416,71,1,114.05,0.1
1416,6,4,79.0,0.0
1417,73,3,111.85,0.0
1418,3,4,210.73,0.0
1418,85,2,22.44,0.0
1418,38,2,37.51,0.2
1418,6,1,79.0,0.0
1419,93,4,68.0,0.0
1419,57,4,260.52,0.0
1419,98,2,979.01,0.0
1420,8,3,274.79,0.1
1420,63,1,19.91,0.0
1420,14,4,74.09,0.0
1420,97,2,15.51,0.15
1420,25,3,11.98,0.0
1421,29,4,102.09,0.0
1421,64,1,248.26,0.15
1422,90,4,109.37,0.0
1422,46,1,1072.61,0.0
1422,83,1,34.02,0.0
1422,7,3,23.82,0.0
1423,87,3,400.13,0.1
1424,83,1,34.02,0.0
1425,13,2,290.11,0.0
1425,89,2,15.09,0.0
1425,42,3,13.33,0.0
1426,9,3,35.83,0.0
1426,69,4,149.0,0.0
1427,107,1,257.39,0.0
1428,28,1,93.78,0.0
1428,7,1,23.82,0.0
1428,31,4,527.26,0.0
1428,50,3,36.36,0.1
1428,25,3,11.98,0.0
1429,29,2,102.09,0.0
1429,19,3,207.39,0.0
1429,108,1,27.5,0.0
1429,49,1,23.55,0.0
1429,56,1,180.17,0.0
1430,2,3,26.52,0.0
1430,114,3,14.07,0.15
1430,20,3,17.08,0.1
1430,15,2,50.98,0.0
1430,85,3,22.44,0.0
1431,8,4,274.79,0.0
1431,55,2,16.78,0.0
1432,119,3,44.92,0.15
1432,32,3,37.01,0.0
1433,104,1,291.82,0.15
1433,16,4,15.62,0.0
1434,111,2,36.67,0.0
1435,21,1,82.02,0.0
1435,90,3,109.37,0.0
1436,36,4,76.85,0.0
1436,47,1,25.63,0.0
1436,4,3,30.61,0.0
1436,8,3,274.79,0.1
1436,32,2,37.01,0.0
1437,66,2,405.53,0.0
1437,116,1,340.28,0.0
1437,88,3,13.67,0.0
1438,29,3,102.09,0.0
1438,20,3,17.08,0.0
1438,25,1,11.98,0.0
1439,36,3,76.85,0.0
1440,45,3,28.82,0.0
1440,104,3,291.82,0.0
1440,109,2,24.7,0.0
1440,95,4,31.66,0.0
1441,77,2,15.68,0.0
1442,24,3,20.63,0.0
1443,52,2,15.79,0.0
1444,67,4,38.0,0.0
1444,38,3,37.51,0.0
1445,10,1,121.49,0.0
1445,30,3,18.03,0.15
1445,49,3,23.55,0.0
1445,109,2,24.7,0.0
1445,91,4,128.38,0.0
1446,92,2,66.97,0.1
1446,70,2,28.81,0.1
1446,12,1,61.23,0.0
1447,71,2,114.05,0.0
1447,58,1,22.91,0.15
1447,14,4,74.09,0.0
1447,49,4,23.55,0.0
1448,20,1,17.08,0.0
1448,43,1,23.13,0.0
1448,38,1,37.51,0.2
1449,42,4,13.33,0.0
1449,57,4,260.52,0.1
1450,93,3,68.0,0.15
1450,13,1,290.11,0.0
1450,9,1,35.83,0.0
1450,82,2,55.45,0.0
1450,35,1,273.54,0.0
1451,24,2,20.63,0.1
1451,82,2,55.45,0.0
1451,73,1,111.85,0.0
1451,55,3,16.78,0.1
1451,65,3,759.55,0.0
1452,83,3,34.02,0.0
1452,78,3,137.74,0.0
1452,10,4,121.49,0.0
1453,12,1,61.23,0.0
1454,68,1,34.7,0.0
1454,81,3,31.68,0.0
1454,73,4,111.85,0.0
1454,85,3,22.44,0.0
1454,100,1,30.75,0.0
1455,66,4,405.53,0.0
1455,4,2,30.61,0.0
1456,34,1,95.61,0.0
1456,5,4,95.87,0.0
1457,11,3,362.9,0.0
1457,84,4,62.27,0.0
1457,93,4,68.0,0.0
1458,50,2,36.36,0.1
1458,84,1,62.27,0.0
1458,61,4,37.44,0.0
1458,115,3,22.31,0.0
1458,119,4,44.92,0.15
1459,75,1,350.21,0.0
1459,74,3,36.95,0.0
1460,33,3,19.5,0.0
1460,32,1,37.01,0.0
1461,104,1,291.82,0.0
1462,108,3,27.5,0.0
1462,5,4,95.87,0.0
1462,91,3,128.38,0.0
1462,118,2,369.42,0.1
1463,93,4,68.0,0.0
1464,108,2,27.5,0.0
1464,116,1,340.28,0.0
1465,100,1,30.75,0.15
1465,5,1,95.87,0.0
1465,38,1,37.51,0.0
1465,56,3,180.17,0.2
1466,90,4,109.37,0.1
1467,38,3,37.51,0.2
1467,82,1,55.45,0.0
1467,66,1,405.53,0.0
1468,43,4,23.13,0.0
1468,36,1,76.85,0.0
1468,113,1,570.95,0.0
1469,21,2,82.02,0.0
1469,44,2,18.46,0.0
1469,58,2,22.91,0.0
1470,102,2,104.68,0.0
1470,4,4,30.61,0.0
1470,31,4,527.26,0.0
1470,86,2,230.89,0.0
1470,74,4,36.95,0.1
1471,120,3,87.36,0.0
1471,17,4,30.4,0.1
1471,71,3,114.05,0.0
1472,76,4,10.64,0.0
1472,88,1,13.67,0.0
1472,96,3,13.59,0.0
1472,79,1,73.8,0.15
1473,14,3,74.09,0.0
1473,86,1,230.89,0.15
1473,34,1,95.61,0.0
1473,87,2,400.13,0.0
1473,91,2,128.38,0.0
1474,75,1,350.21,0.0
1474,41,4,61.94,0.0
1475,102,4,104.68,0.0
1475,83,4,34.02,0.0
1475,3,1,210.73,0.0
1476,57,4,260.52,0.0
1476,33,3,19.5,0.0
1476,29,3,102.09,0.0
1477,47,4,25.63,0.2
1477,64,2,248.26,0.15
1477,94,4,8.62,0.0
1477,51,1,37.61,0.0
1477,102,1,104.68,0.0
1478,95,2,31.66,0.0
1478,25,1,11.98,0.1
1478,79,1,73.8,0.0
1478,21,3,82.02,0.0
1478,85,3,22.44,0.0
1479,90,1,109.37,0.0
1479,15,2,50.98,0.0
1480,97,3,15.51,0.0
1480,70,2,28.81,0.0
1481,1,3,74.48,0.0
1482,119,2,44.92,0.0
1482,101,2,29.93,0.0
1482,80,4,21.1,0.0
1482,6,1,79.0,0.1
1483,58,1,22.91,0.0
1483,68,1,34.7,0.0
1483,65,3,759.55,0.15
1484,18,4,673.88,0.0
1484,109,2,24.7,0.0
1484,5,3,95.87,0.2
1484,70,1,28.81,0.0
1484,39,3,813.85,0.0
1485,31,2,527.26,0.0
1485,104,2,291.82,0.0
1485,65,2,759.55,0.0
1485,111,2,36.67,0.0
1485,62,4,151.53,0.0
1486,115,3,22.31,0.1
1487,89,4,15.09,0.0
1488,89,1,15.09,0.0
1488,74,1,36.95,0.1
1489,8,1,274.79,0.0
1489,107,1,257.39,0.0
1490,92,4,66.97,0.0
1490,82,1,55.45,0.0
1490,33,2,19.5,0.0
1490,24,3,20.63,0.1
1490,23,4,25.86,0.0
1491,43,2,23.13,0.0
1492,100,2,30.75,0.1
1492,78,1,137.74,0.0
1492,12,4,61.23,0.15
1492,8,4,274.79,0.0
1492,65,3,759.55,0.0
1493,18,4,673.88,0.0
1493,110,1,59.35,0.0
1493,100,4,30.75,0.0
1493,106,4,46.75,0.0
1494,17,4,30.4,0.1
1495,119,2,44.92,0.0
1495,57,2,260.52,0.2
1495,42,2,13.33,0.15
1496,84,1,62.27,0.0
1496,112,4,10.05,0.0
1497,60,2,91.68,0.0
1497,16,2,15.62,0.0
1498,100,3,30.75,0.1
1498,47,2,25.63,0.0
1498,115,4,22.31,0.1
1499,40,3,72.98,0.0
1499,72,2,27.53,0.0
1499,89,1,15.09,0.0
1500,54,2,27.62,0.1
1500,42,1,13.33,0.0
1500,32,4,37.01,0.0
1500,17,4,30.4,0.0
1500,61,4,37.44,0.1
1501,45,4,28.82,0.0
1501,28,2,93.78,0.1
1502,33,4,19.5,0.0
1503,14,4,74.09,0.0
1503,61,3,37.44,0.0
1503,28,2,93.78,0.15
1504,1,3,74.48,0.0
1504,37,1,921.79,0.1
1504,78,4,137.74,0.0
1505,96,3,13.59,0.0
1505,25,4,11.98,0.0
1505,105,3,45.11,0.0
1505,53,1,108.15,0.0
1505,52,1,15.79,0.2
1506,104,3,291.82,0.0
1506,6,4,79.0,0.0
1506,91,2,128.38,0.0
1507,94,4,8.62,0.0
1507,111,3,36.67,0.0
1508,9,4,35.83,0.0
1508,73,2,111.85,0.0
1509,72,4,27.53,0.0
1510,16,4,15.62,0.0
1510,12,3,61.23,0.1
1510,100,3,30.75,0.0
1510,40,2,72.98,0.0
1510,97,2,15.51,0.0
1511,80,2,21.1,0.0
1511,35,2,273.54,0.0
1511,79,3,73.8,0.2
1511,89,3,15.09,0.0
1511,88,3,13.67,0.1
1512,88,1,13.67,0.0
1512,102,2,104.68,0.0
1513,114,1,14.07,0.0
1514,6,4,79.0,0.1
1514,113,3,570.95,0.0
1515,33,4,19.5,0.0
1515,19,2,207.39,0.0
1515,11,1,362.9,0.0
1516,70,3,28.81,0.0
1516,96,2,13.59,0.0
1516,109,2,24.7,0.0
1516,39,3,813.85,0.0
1516,53,2,108.15,0.15
1517,84,3,62.27,0.0
1517,113,3,570.95,0.0
1518,90,3,109.37,0.0
1518,73,2,111.85,0.1
1518,31,4,527.26,0.15
1518,63,4,19.91,0.0
1519,84,4,62.27,0.0
1519,65,1,759.55,0.0
1519,89,1,15.09,0.0
1519,4,3,30.61,0.0
1519,106,3,46.75,0.0
1520,50,1,36.36,0.0
1520,113,2,570.95,0.0
1520,4,2,30.61,0.2
1520,72,2,27.53,0.2
1520,118,4,369.42,0.1
1521,7,3,23.82,0.15
1521,50,2,36.36,0.0
1521,57,3,260.52,0.0
1521,3,2,210.73,0.0
1521,87,2,400.13,0.0
1522,6,1,79.0,0.0
1522,75,4,350.21,0.0
1522,44,3,18.46,0.0
1522,15,4,50.98,0.0
1523,47,1,25.63,0.0
1523,72,2,27.53,0.1
1523,110,2,59.35,0.0
1523,17,3,30.4,0.0
1524,54,3,27.62,0.0
1524,82,2,55.45,0.0
1524,23,1,25.86,0.0
1524,44,4,18.46,0.0
1524,78,3,137.74,0.0
1525,8,2,274.79,0.0
1526,5,3,95.87,0.0
1526,22,2,133.91,0.0
1526,102,2,104.68,0.0
1526,36,4,76.85,0.1
1526,99,3,38.04,0.1
1527,58,1,22.91,0.0
1527,25,1,11.98,0.0
1527,84,3,62.27,0.0
1528,33,2,19.5,0.0
1528,107,4,257.39,0.0
1528,14,4,74.09,0.0
1528,91,1,128.38,0.0
1528,64,4,248.26,0.1
1529,58,2,22.91,0.15
1530,20,3,17.08,0.15
1531,97,4,15.51,0.0
1531,35,3,273.54,0.0
1532,52,4,15.79,0.0
1533,46,2,1072.61,0.15
1533,3,1,210.73,0.15
1533,13,1,290.11,0.0
1533,60,3,91.68,0.1
1533,93,3,68.0,0.0
1534,111,1,36.67,0.0
1534,71,3,114.05,0.0
1534,68,4,34.7,0.0
1534,23,1,25.86,0.0
1534,59,1,90.35,0.0
1535,70,2,28.81,0.0
1535,114,2,14.07,0.0
1535,29,4,102.09,0.0
1535,1,3,74.48,0.0
1536,106,2,46.75,0.0
1537,83,1,34.02,0.15
1537,28,2,93.78,0.0
1537,58,4,22.91,0.0
1537,9,2,35.83,0.2
1538,105,1,45.11,0.0
1538,70,1,28.81,0.1
1539,60,3,91.68,0.0
1539,69,2,149.0,0.0
1539,5,2,95.87,0.15
1540,43,4,23.13,0.1
1541,114,3,14.07,0.0
1541,7,3,23.82,0.0
1541,74,4,36.95,0.0
1542,83,1,34.02,0.0
1542,35,2,273.54,0.0
1542,112,2,10.05,0.0
1542,39,2,813.85,0.1
1543,73,3,111.85,0.1
1543,114,2,14.07,0.0
1543,12,4,61.23,0.2
1544,3,2,210.73,0.0
1544,97,3,15.51,0.0
1545,3,4,210.73,0.0
1545,56,1,180.17,0.0
1545,14,3,74.09,0.0
1545,87,3,400.13,0.1
1546,17,3,30.4,0.15
1547,72,2,27.53,0.0
1547,38,2,37.51,0.0
1547,113,3,570.95,0.0
1547,10,1,121.49,0.2
1548,50,1,36.36,0.0
1548,85,3,22.44,0.0
1548,31,4,527.26,0.0
1548,87,4,400.13,0.0
1549,62,1,151.53,0.0
1549,106,4,46.75,0.1
1549,14,2,74.09,0.0
1549,114,1,14.07,0.0
1550,116,2,340.28,0.0
1550,65,2,759.55,0.0
1550,101,2,29.93,0.0
1550,2,2,26.52,0.0
1551,64,3,248.26,0.0
1551,108,1,27.5,0.15
1551,116,4,340.28,0.0
1551,65,3,759.55,0.0
1552,113,4,570.95,0.0
1553,42,4,13.33,0.1
1554,12,1,61.23,0.0
1555,51,3,37.61,0.0
1555,3,3,210.73,0.0
1555,89,3,15.09,0.0
1555,80,3,21.1,0.0
1555,22,3,133.91,0.15
1556,63,4,19.91,0.1
1556,14,1,74.09,0.1
1556,57,4,260.52,0.0
1556,100,3,30.75,0.2
1557,12,2,61.23,0.1
1557,73,3,111.85,0.15
1557,29,4,102.09,0.0
1557,37,1,921.79,0.0
1558,41,3,61.94,0.0
1558,49,1,23.55,0.0
1559,13,2,290.11,0.0
1559,17,1,30.4,0.0
1559,48,4,128.2,0.0
1559,10,2,121.49,0.0
1560,114,1,14.07,0.0
1561,14,3,74.09,0.0
1561,109,3,24.7,0.0
1561,80,1,21.1,0.0
1561,40,2,72.98,0.0
1561,44,1,18.46,0.0
1562,119,3,44.92,0.15
1562,114,4,14.07,0.15
1562,40,3,72.98,0.1
1562,81,3,31.68,0.0
1562,71,4,114.05,0.0
1563,107,3,257.39,0.0
1563,18,4,673.88,0.0
1563,115,2,22.31,0.0
1563,77,2,15.68,0.0
1563,102,2,104.68,0.0
1564,23,2,25.86,0.0
1564,11,2,362.9,0.1
1564,105,3,45.11,0.0
1564,72,4,27.53,0.0
1565,26,3,36.15,0.0
1566,16,1,15.62,0.0
1566,21,4,82.02,0.0
1566,27,2,86.91,0.0
1567,120,4,87.36,0.0
1567,12,3,61.23,0.1
1567,90,4,109.37,0.0
1567,62,2,151.53,0.0
1567,87,4,400.13,0.0
1568,20,1,17.08,0.0
1568,5,3,95.87,0.0
1568,104,1,291.82,0.0
1568,10,3,121.49,0.0
1569,117,4,15.26,0.0
1569,10,4,121.49,0.1
1569,48,4,128.2,0.0
1570,72,1,27.53,0.15
1570,65,4,759.55,0.0
1571,61,1,37.44,0.1
1572,22,3,133.91,0.15
1572,19,2,207.39,0.1
1573,47,1,25.63,0.0
1573,12,1,61.23,0.2
1573,116,2,340.28,0.0
1573,15,3,50.98,0.0
1574,76,2,10.64,0.0
1574,44,1,18.46,0.0
1574,66,4,405.53,0.0
1574,48,1,128.2,0.0
1575,30,1,18.03,0.0
1575,42,3,13.33,0.1
1575,106,1,46.75,0.0
1575,61,2,37.44,0.0
1576,55,2,16.78,0.0
1576,77,2,15.68,0.0
1577,102,1,104.68,0.0
1577,10,1,121.49,0.0
1577,117,4,15.26,0.15
1577,112,1,10.05,0.0
1578,31,1,527.26,0.15
1578,111,4,36.67,0.2
1578,10,2,121.49,0.0
1578,72,1,27.53,0.0
1578,87,3,400.13,0.0
1579,14,3,74.09,0.0
1579,114,4,14.07,0.0
1579,19,2,207.39,0.0
1579,111,2,36.67,0.0
1580,14,4,74.09,0.2
1581,95,2,31.66,0.0
1582,95,1,31.66,0.0
1582,97,2,15.51,0.0
1582,93,1,68.0,0.2
1583,105,2,45.11,0.0
1583,77,1,15.68,0.0
1584,17,3,30.4,0.0
1584,59,1,90.35,0.2
1584,113,2,570.95,0.0
1584,33,1,19.5,0.0
1585,64,4,248.26,0.0
1585,89,1,15.09,0.0
1586,25,3,11.98,0.1
1586,69,2,149.0,0.0
1587,29,3,102.09,0.15
1587,77,3,15.68,0.0
1588,120,1,87.36,0.0
1588,16,4,15.62,0.0
1588,33,1,19.5,0.0
1588,10,1,121.49,0.1
1589,37,2,921.79,0.1
1590,58,3,22.91,0.0
1590,29,3,102.09,0.0
1591,78,1,137.74,0.0
1591,61,1,37.44,0.15
1591,86,3,230.89,0.0
1591,79,4,73.8,0.0
1592,114,4,14.07,0.0
1592,62,3,151.53,0.0
1593,112,4,10.05,0.0
1593,56,1,180.17,0.0
1593,77,4,15.68,0.0
1594,6,4,79.0,0.1
1594,105,2,45.11,0.0
1595,94,2,8.62,0.0
1595,27,3,86.91,0.1
1596,9,1,35.83,0.0
1596,94,4,8.62,0.0
1596,50,1,36.36,0.0
1597,119,3,44.92,0.15
1597,120,4,87.36,0.0
1597,111,2,36.67,0.0
1597,74,4,36.95,0.0
1598,89,3,15.09,0.2
1598,26,1,36.15,0.0
1598,50,3,36.36,0.0
1598,116,1,340.28,0.0
1598,47,4,25.63,0.0
1599,3,1,210.73,0.0
1599,18,1,673.88,0.0
1600,81,1,31.68,0.1
1601,44,3,18.46,0.0
1601,2,1,26.52,0.1
1601,112,4,10.05,0.0
1601,12,3,61.23,0.0
1602,9,2,35.83,0.0
1602,59,4,90.35,0.0
1602,16,3,15.62,0.0
1602,87,4,400.13,0.0
1603,55,2,16.78,0.0
1603,119,3,44.92,0.0
1603,78,3,137.74,0.2
1603,113,4,570.95,0.0
1603,75,4,350.21,0.0
1604,66,4,405.53,0.0
1604,1,2,74.48,0.0
1604,34,2,95.61,0.1
1604,26,3,36.15,0.0
1604,36,4,76.85,0.0
1605,118,2,369.42,0.0
1605,112,3,10.05,0.0
1606,120,4,87.36,0.0
1607,100,2,30.75,0.0
1607,24,2,20.63,0.0
1607,85,2,22.44,0.0
1607,37,1,921.79,0.0
1608,85,2,22.44,0.0
1608,3,3,210.73,0.0
1608,47,1,25.63,0.15
1608,12,1,61.23,0.0
1609,30,3,18.03,0.0
1610,16,2,15.62,0.15
1611,10,1,121.49,0.0
1611,45,4,28.82,0.0
1611,47,1,25.63,0.0
1612,59,1,90.35,0.0
1612,86,2,230.89,0.0
1612,41,1,61.94,0.0
1613,42,4,13.33,0.0
1613,8,4,274.79,0.0
1613,96,3,13.59,0.1
1613,84,1,62.27,0.0
1614,44,2,18.46,0.0
1614,57,1,260.52,0.0
1614,20,1,17.08,0.0
1614,15,2,50.98,0.0
1614,13,1,290.11,0.0
1615,110,2,59.35,0.0
1615,30,1,18.03,0.15
1616,7,2,23.82,0.0
1616,76,3,10.64,0.0
1616,54,2,27.62,0.0
1617,81,3,31.68,0.0
1617,21,3,82.02,0.0
1617,86,4,230.89,0.15
1617,80,3,21.1,0.0
1617,109,4,24.7,0.0
1618,77,2,15.68,0.15
1618,1,2,74.48,0.0
1619,44,1,18.46,0.1
1619,119,1,44.92,0.0
1619,51,2,37.61,0.0
1619,38,2,37.51,0.0
1620,29,3,102.09,0.0
1620,96,2,13.59,0.0
1621,114,2,14.07,0.0
1621,100,3,30.75,0.0
1621,88,3,13.67,0.0
1622,69,4,149.0,0.1
1623,23,4,25.86,0.0
1623,56,1,180.17,0.0
1623,86,2,230.89,0.0
1623,39,3,813.85,0.0
1623,57,4,260.52,0.0
1624,21,2,82.02,0.0
1624,114,4,14.07,0.0
1624,56,4,180.17,0.15
1625,4,4,30.61,0.0
1626,118,3,369.42,0.0
1626,7,2,23.82,0.0
1626,13,4,290.11,0.0
1626,42,3,13.33,0.15
1627,112,2,10.05,0.0
1628,25,4,11.98,0.0
1628,39,1,813.85,0.0
1628,67,1,38.0,0.0
1629,2,3,26.52,0.0
1629,66,4,405.53,0.0
1629,6,1,79.0,0.15
1629,120,1,87.36,0.15
1629,89,2,15.09,0.2
1630,76,4,10.64,0.15
1630,109,3,24.7,0.0
1630,106,2,46.75,0.0
1630,118,3,369.42,0.0
1631,32,4,37.01,0.1
1631,76,4,10.64,0.0
1631,90,1,109.37,0.0
1631,22,2,133.91,0.0
1631,107,3,257.39,0.0
1632,75,1,350.21,0.0
1632,80,4,21.1,0.0
1632,5,3,95.87,0.0
1632,43,4,23.13,0.0
1633,54,2,27.62,0.0
1633,106,1,46.75,0.0
1633,113,1,570.95,0.0
1633,12,2,61.23,0.0
1634,38,1,37.51,0.0
1634,76,2,10.64,0.0
1635,100,1,30.75,0.15
1635,108,1,27.5,0.0
1635,117,2,15.26,0.0
1635,43,1,23.13,0.15
1636,56,3,180.17,0.0
1636,118,3,369.42,0.0
1636,18,2,673.88,0.0
1636,32,1,37.01,0.0
1636,2,1,26.52,0.0
1637,35,4,273.54,0.0
1637,86,4,230.89,0.0
1637,70,1,28.81,0.0
1637,71,4,114.05,0.0
1637,45,4,28.82,0.0
1638,96,4,13.59,0.0
1638,99,2,38.04,0.15
1638,50,3,36.36,0.0
1638,33,1,19.5,0.0
1639,41,2,61.94,0.0
1639,55,1,16.78,0.0
1639,83,1,34.02,0.0
1639,64,1,248.26,0.0
1640,10,4,121.49,0.0
1641,40,1,72.98,0.1
1641,68,3,34.7,0.0
1642,107,2,257.39,0.1
1642,8,4,274.79,0.0
1642,37,3,921.79,0.15
1642,43,3,23.13,0.0
1642,59,2,90.35,0.0
1643,87,2,400.13,0.0
1643,8,3,274.79,0.0
1644,98,2,979.01,0.0
1644,114,1,14.07,0.1
1644,26,2,36.15,0.0
1644,2,3,26.52,0.0
1645,56,3,180.17,0.0
1645,101,4,29.93,0.0
1646,99,2,38.04,0.2
1646,10,3,121.49,0.0
1647,120,2,87.36,0.0
1648,12,3,61.23,0.15
1648,55,3,16.78,0.0
1648,43,2,23.13,0.0
1648,120,4,87.36,0.0
1648,52,3,15.79,0.1
1649,36,1,76.85,0.2
1649,75,2,350.21,0.0
1649,66,2,405.53,0.1
1650,6,1,79.0,0.0
1650,14,3,74.09,0.0
1650,120,1,87.36,0.0
1650,59,2,90.35,0.0
1651,108,4,27.5,0.0
1651,98,4,979.01,0.0
1651,55,3,16.78,0.1
1651,62,2,151.53,0.2
1652,11,3,362.9,0.0
1653,62,1,151.53,0.0
1654,94,3,8.62,0.0
1654,104,2,291.82,0.2
1655,70,4,28.81,0.0
1655,20,1,17.08,0.0
1655,98,1,979.01,0.0
1656,34,2,95.61,0.0
1656,114,2,14.07,0.0
1656,17,2,30.4,0.0
1657,42,1,13.33,0.0
1657,41,4,61.94,0.0
1657,94,4,8.62,0.0
1657,103,2,101.9,0.0
1658,102,2,104.68,0.0
1658,3,1,210.73,0.15
1658,49,1,23.55,0.0
1658,58,4,22.91,0.0
1659,91,4,128.38,0.1
1659,40,2,72.98,0.2
1659,78,4,137.74,0.0
1659,34,2,95.61,0.0
1660,36,3,76.85,0.0
1660,40,3,72.98,0.0
1660,82,3,55.45,0.15
1660,63,4,19.91,0.0
1661,113,2,570.95,0.1
1661,36,2,76.85,0.0
1661,18,1,673.88,0.0
1662,8,1,274.79,0.0
1663,78,2,137.74,0.2
1663,119,3,44.92,0.0
1663,89,4,15.09,0.0
1664,35,3,273.54,0.0
1664,54,4,27.62,0.0
1664,38,2,37.51,0.1
1665,100,2,30.75,0.0
1665,45,1,28.82,0.15
1666,95,1,31.66,0.0
1666,92,2,66.97,0.0
1666,90,3,109.37,0.0
1666,56,4,180.17,0.0
1667,6,3,79.0,0.0
1667,92,4,66.97,0.0
1668,102,2,104.68,0.1
1668,51,1,37.61,0.0
1668,19,4,207.39,0.0
1668,98,2,979.01,0.0
1668,72,4,27.53,0.0
1669,59,2,90.35,0.0
1669,81,3,31.68,0.0
1669,36,4,76.85,0.15
1669,27,3,86.91,0.0
1669,71,3,114.05,0.0
1670,54,4,27.62,0.0
1670,12,3,61.23,0.0
1670,25,1,11.98,0.0
1670,86,1,230.89,0.0
1671,16,2,15.62,0.1
1671,82,3,55.45,0.1
1671,25,2,11.98,0.0
1672,10,1,121.49,0.0
1672,119,1,44.92,0.15
1672,61,2,37.44,0.0
1673,35,3,273.54,0.0
1674,70,1,28.81,0.0
1675,73,4,111.85,0.0
1675,70,1,28.81,0.0
1675,63,1,19.91,0.0
1676,4,1,30.61,0.0
1676,86,3,230.89,0.0
1676,31,3,527.26,0.0
1676,27,4,86.91,0.0
1676,105,1,45.11,0.0
1677,24,2,20.63,0.0
1677,7,4,23.82,0.0
1677,106,1,46.75,0.0
1677,18,3,673.88,0.0
1678,106,3,46.75,0.0
1678,85,4,22.44,0.0
1678,95,1,31.66,0.0
1678,4,1,30.61,0.0
1678,82,1,55.45,0.0
1679,26,2,36.15,0.0
1680,21,4,82.02,0.0
1681,86,1,230.89,0.1
1681,92,3,66.97,0.15
1681,57,1,260.52,0.0
1681,56,1,180.17,0.0
1682,77,2,15.68,0.0
1682,66,4,405.53,0.0
1682,97,4,15.51,0.0
1682,88,2,13.67,0.0
1683,72,4,27.53,0.0
1683,52,1,15.79,0.0
1683,20,3,17.08,0.0
1683,115,1,22.31,0.0
1683,51,3,37.61,0.0
1684,94,2,8.62,0.0
1684,68,2,34.7,0.0
1684,58,4,22.91,0.0
1685,119,1,44.92,0.0
1685,5,4,95.87,0.0
1685,57,2,260.52,0.0
1686,71,4,114.05,0.1
1686,70,2,28.81,0.0
1687,119,4,44.92,0.0
1687,98,3,979.01,0.1
1687,90,2,109.37,0.0
1688,63,3,19.91,0.0
1688,46,2,1072.61,0.0
1688,18,4,673.88,0.0
1689,80,3,21.1,0.0
1689,107,4,257.39,0.0
1689,85,2,22.44,0.0
1690,14,1,74.09,0.0
1690,105,2,45.11,0.0
1690,111,3,36.67,0.0
1690,99,2,38.04,0.0
1690,68,4,34.7,0.2
1691,22,2,133.91,0.0
1691,14,3,74.09,0.15
1692,47,3,25.63,0.0
1692,34,4,95.61,0.0
1692,112,2,10.05,0.0
1692,55,1,16.78,0.0
1693,61,4,37.44,0.0
1693,78,1,137.74,0.0
1693,99,2,38.04,0.2
1693,76,2,10.64,0.0
1693,110,4,59.35,0.0
1694,114,1,14.07,0.2
1694,5,2,95.87,0.0
1694,81,1,31.68,0.1
1694,75,4,350.21,0.0
1695,10,1,121.49,0.0
1695,44,4,18.46,0.0
1695,101,4,29.93,0.0
1696,53,1,108.15,0.0
1696,36,1,76.85,0.0
1696,28,3,93.78,0.0
1696,83,4,34.02,0.1
1696,113,3,570.95,0.0
1697,25,1,11.98,0.0
1698,36,4,76.85,0.0
1698,90,1,109.37,0.1
1698,6,2,79.0,0.0
1698,24,2,20.63,0.0
1698,29,1,102.09,0.0
1699,80,4,21.1,0.0
1699,25,4,11.98,0.1
1699,26,4,36.15,0.0
1700,14,2,74.09,0.0
1700,79,4,73.8,0.0
1700,73,4,111.85,0.0
1700,113,3,570.95,0.0
1701,18,2,673.88,0.0
1701,115,2,22.31,0.0
1701,83,2,34.02,0.1
1701,43,3,23.13,0.0
1701,21,1,82.02,0.0
1702,86,4,230.89,0.0
1702,5,2,95.87,0.0
1703,112,4,10.05,0.0
1703,110,3,59.35,0.0
1703,30,3,18.03,0.0
1703,4,4,30.61,0.0
1703,51,4,37.61,0.0
1704,116,4,340.28,0.0
1704,82,4,55.45,0.0
1704,104,1,291.82,0.15
1704,73,2,111.85,0.0
1705,49,4,23.55,0.0
1705,43,1,23.13,0.0
1706,30,4,18.03,0.1
1706,50,4,36.36,0.0
1707,45,1,28.82,0.0
1707,68,1,34.7,0.0
1707,52,2,15.79,0.0
1708,111,2,36.67,0.2
1708,118,1,369.42,0.15
1708,24,1,20.63,0.0
1709,116,2,340.28,0.0
1709,56,2,180.17,0.0
1710,52,3,15.79,0.0
1710,27,1,86.91,0.0
1710,56,1,180.17,0.0
1711,59,1,90.35,0.1
1711,27,4,86.91,0.2
1711,60,4,91.68,0.0
1711,105,1,45.11,0.0
1712,72,1,27.53,0.0
1712,51,2,37.61,0.0
1712,79,2,73.8,0.0
1712,60,3,91.68,0.1
1712,109,1,24.7,0.0
1713,31,2,527.26,0.2
1713,42,4,13.33,0.0
1713,120,2,87.36,0.0
1714,100,4,30.75,0.0
1714,39,4,813.85,0.0
1714,68,1,34.7,0.0
1714,4,4,30.61,0.0
1714,47,3,25.63,0.0
1715,20,4,17.08,0.0
1715,35,3,273.54,0.0
1716,48,2,128.2,0.0
1716,37,4,921.79,0.0
1716,22,3,133.91,0.15
1716,65,4,759.55,0.1
1716,105,2,45.11,0.0
1717,5,1,95.87,0.0
1718,30,1,18.03,0.0
1718,43,4,23.13,0.0
1718,104,3,291.82,0.0
1719,45,2,28.82,0.0
1719,71,4,114.05,0.0
1719,96,1,13.59,0.0
1719,92,1,66.97,0.0
1719,100,1,30.75,0.0
1720,81,3,31.68,0.15
1720,26,4,36.15,0.0
1720,34,2,95.61,0.0
1720,30,3,18.03,0.0
1721,69,2,149.0,0.0
1721,107,3,257.39,0.0
1721,88,3,13.67,0.0
1722,86,3,230.89,0.1
1722,3,1,210.73,0.0
1722,20,3,17.08,0.0
1722,117,4,15.26,0.0
1723,107,4,257.39,0.0
1724,9,2,35.83,0.0
1724,103,4,101.9,0.0
1724,8,1,274.79,0.0
1725,74,3,36.95,0.0
1725,33,2,19.5,0.0
1725,51,3,37.61,0.0
1725,94,3,8.62,0.1
1725,89,3,15.09,0.1
1726,104,4,291.82,0.0
1726,93,1,68.0,0.0
1726,73,4,111.85,0.0
1726,68,2,34.7,0.0
1727,90,4,109.37,0.0
1727,55,1,16.78,0.0
1727,34,2,95.61,0.0
1728,27,4,86.91,0.0
1728,95,1,31.66,0.0
1728,118,3,369.42,0.0
1728,49,4,23.55,0.2
1728,117,3,15.26,0.1
1729,76,1,10.64,0.0
1729,7,3,23.82,0.0
1729,99,2,38.04,0.0
1729,21,1,82.02,0.0
1729,115,2,22.31,0.0
1730,58,4,22.91,0.15
1730,99,2,38.04,0.0
1730,73,1,111.85,0.2
1730,102,1,104.68,0.0
1731,63,1,19.91,0.0
1731,7,2,23.82,0.0
1731,54,1,27.62,0.1
1732,93,1,68.0,0.0
1732,74,2,36.95,0.0
1733,64,2,248.26,0.0
1733,107,1,257.39,0.0
1734,34,4,95.61,0.1
1734,1,1,74.48,0.0
1734,113,1,570.95,0.0
1734,28,3,93.78,0.0
1735,92,1,66.97,0.0
1735,13,3,290.11,0.1
1736,108,3,27.5,0.0
1736,77,1,15.68,0.0
1737,52,1,15.79,0.0
1737,57,4,260.52,0.0
1737,92,3,66.97,0.1
1738,73,1,111.85,0.0
1738,92,1,66.97,0.0
1738,32,1,37.01,0.0
1738,37,2,921.79,0.0
1738,20,2,17.08,0.1
1739,108,1,27.5,0.0
1739,66,3,405.53,0.0
1740,65,3,759.55,0.0
1740,50,1,36.36,0.1
1740,62,2,151.53,0.0
1740,110,4,59.35,0.0
1741,110,2,59.35,0.0
1741,18,3,673.88,0.0
1741,91,4,128.38,0.0
1742,105,3,45.11,0.0
1742,35,2,273.54,0.0
1742,25,4,11.98,0.0
1742,41,3,61.94,0.0
1742,72,4,27.53,0.0
1743,68,3,34.7,0.0
1743,13,3,290.11,0.0
1743,113,2,570.95,0.1
1743,79,2,73.8,0.0
1744,14,1,74.09,0.0
1745,118,4,369.42,0.0
1746,71,2,114.05,0.1
1746,53,3,108.15,0.0
1746,16,1,15.62,0.0
1747,119,3,44.92,0.0
1747,49,1,23.55,0.0
1747,78,2,137.74,0.0
1748,94,1,8.62,0.15
1748,22,3,133.91,0.0
1748,56,3,180.17,0.0
1748,76,4,10.64,0.0
1749,12,2,61.23,0.0
1750,31,2,527.26,0.2
1750,16,3,15.62,0.1
1750,87,1,400.13,0.0
1750,96,4,13.59,0.2
1751,56,4,180.17,0.0
1751,8,1,274.79,0.0
1751,25,3,11.98,0.1
1751,80,1,21.1,0.0
1752,92,3,66.97,0.0
1752,74,1,36.95,0.0
1752,114,4,14.07,0.0
1752,52,4,15.79,0.0
1752,12,1,61.23,0.0
1753,95,2,31.66,0.2
1753,33,2,19.5,0.0
1753,12,3,61.23,0.15
1754,44,3,18.46,0.0
1754,39,3,813.85,0.0
1754,37,1,921.79,0.0
1754,1,3,74.48,0.0
1755,42,4,13.33,0.0
1755,101,3,29.93,0.0
1755,55,2,16.78,0.0
1755,71,2,114.05,0.0
1755,50,4,36.36,0.0
1756,73,1,111.85,0.0
1756,46,2,1072.61,0.1
1756,74,1,36.95,0.2
1757,4,3,30.61,0.0
1757,30,2,18.03,0.1
1757,98,4,979.01,0.0
1758,66,4,405.53,0.0
1758,22,2,133.91,0.0
1758,86,1,230.89,0.0
1758,63,4,19.91,0.0
1759,16,1,15.62,0.0
1759,91,4,128.38,0.1
1759,92,2,66.97,0.0
1760,39,3,813.85,0.0
1760,77,2,15.68,0.1
1760,26,3,36.15,0.0
1760,84,4,62.27,0.0
1760,99,4,38.04,0.15
1761,91,1,128.38,0.0
1762,40,3,72.98,0.0
1762,1,2,74.48,0.0
1763,82,1,55.45,0.0
1763,85,1,22.44,0.0
1763,63,2,19.91,0.0
1763,109,2,24.7,0.0
1763,17,3,30.4,0.0
1764,16,1,15.62,0.1
1764,39,1,813.85,0.1
1765,71,3,114.05,0.0
1765,3,4,210.73,0.0
1766,56,1,180.17,0.0
1766,16,2,15.62,0.0
1766,52,4,15.79,0.0
1766,50,2,36.36,0.0
1766,68,3,34.7,0.0
1767,40,3,72.98,0.0
1767,93,4,68.0,0.0
1768,26,1,36.15,0.0
1769,70,4,28.81,0.0
1770,82,1,55.45,0.0
1770,79,2,73.8,0.2
1770,80,1,21.1,0.0
1770,17,2,30.4,0.0
1771,81,3,31.68,0.1
1771,8,2,274.79,0.0
1772,2,3,26.52,0.0
1772,58,2,22.91,0.1
1772,7,4,23.82,0.0
1772,48,4,128.2,0.0
1773,33,2,19.5,0.0
1773,25,4,11.98,0.0
1774,27,4,86.91,0.0
1774,8,3,274.79,0.1
1775,116,4,340.28,0.0
1776,102,1,104.68,0.1
1776,78,2,137.74,0.0
1776,72,3,27.53,0.0
1776,57,1,260.52,0.0
1777,63,1,19.91,0.0
1777,40,4,72.98,0.0
1777,25,3,11.98,0.1
1777,39,3,813.85,0.15
1778,85,3,22.44,0.0
1778,75,4,350.21,0.0
1778,69,4,149.0,0.0
1778,18,3,673.88,0.0
1779,45,2,28.82,0.0
1779,27,3,86.91,0.0
1780,71,2,114.05,0.0
1781,29,3,102.09,0.0
1781,98,3,979.01,0.0
1781,79,1,73.8,0.0
1781,105,3,45.11,0.0
1782,63,4,19.91,0.0
1782,55,2,16.78,0.0
1782,75,2,350.21,0.0
1783,37,2,921.79,0.1
1783,12,1,61.23,0.0
1783,36,4,76.85,0.0
1783,118,3,369.42,0.0
1783,61,2,37.44,0.0
1784,30,4,18.03,0.15
1784,102,2,104.68,0.0
1785,23,2,25.86,0.0
1786,55,4,16.78,0.0
1786,93,1,68.0,0.0
1786,38,1,37.51,0.0
1786,100,3,30.75,0.0
1787,84,1,62.27,0.0
1787,57,3,260.52,0.0
1787,109,4,24.7,0.0
1787,25,4,11.98,0.0
1787,21,3,82.02,0.0
1788,120,3,87.36,0.1
1788,84,4,62.27,0.0
1789,31,4,527.26,0.1
1790,21,4,82.02,0.0
1790,97,3,15.51,0.1
1790,72,3,27.53,0.0
1791,47,1,25.63,0.0
1792,90,4,109.37,0.0
1793,18,4,673.88,0.0
1793,50,4,36.36,0.0
1794,52,4,15.79,0.0
1794,73,4,111.85,0.0
1794,113,1,570.95,0.0
1794,87,3,400.13,0.0
1794,47,2,25.63,0.15
1795,72,1,27.53,0.1
1795,6,1,79.0,0.0
1795,96,2,13.59,0.2
1795,46,1,1072.61,0.0
1795,43,4,23.13,0.0
1796,85,3,22.44,0.0
1796,95,2,31.66,0.0
1796,110,3,59.35,0.1
1796,37,4,921.79,0.1
1797,104,2,291.82,0.0
1797,72,1,27.53,0.0
1797,100,3,30.75,0.0
1797,86,3,230.89,0.0
1798,44,2,18.46,0.0
1799,7,1,23.82,0.15
1800,22,3,133.91,0.0
1800,76,2,10.64,0.0
1800,55,4,16.78,0.2
1801,44,1,18.46,0.0
1801,2,3,26.52,0.0
1801,24,4,20.63,0.1
1801,6,3,79.0,0.0
1802,101,3,29.93,0.15
1802,3,2,210.73,0.0
1803,53,3,108.15,0.0
1804,120,3,87.36,0.2
1804,36,1,76.85,0.0
1804,119,1,44.92,0.0
1804,94,2,8.62,0.0
1805,45,1,28.82,0.0
1805,8,4,274.79,0.2
1805,105,2,45.11,0.1
1805,12,3,61.23,0.1
1805,108,4,27.5,0.1
1806,9,2,35.83,0.1
1806,90,2,109.37,0.15
1807,36,4,76.85,0.0
1808,104,1,291.82,0.0
1809,88,1,13.67,0.0
1810,49,1,23.55,0.0
1810,89,2,15.09,0.0
1810,40,3,72.98,0.0
1810,96,4,13.59,0.15
1810,109,3,24.7,0.0
1811,103,3,101.9,0.1
1811,21,4,82.02,0.0
1811,61,4,37.44,0.0
1812,80,4,21.1,0.2
1812,34,2,95.61,0.0
1812,57,3,260.52,0.15
1812,99,1,38.04,0.0
1813,21,3,82.02,0.0
1813,101,1,29.93,0.0
1814,15,2,50.98,0.0
1815,71,1,114.05,0.15
1815,64,2,248.26,0.2
1815,62,1,151.53,0.15
1815,54,2,27.62,0.0
1815,31,3,527.26,0.0
1816,60,2,91.68,0.0
1816,68,2,34.7,0.0
1817,120,2,87.36,0.0
1817,100,3,30.75,0.0
1817,86,3,230.89,0.0
1817,56,2,180.17,0.0
1817,47,2,25.63,0.15
1818,101,3,29.93,0.0
1818,117,4,15.26,0.0
1818,29,2,102.09,0.0
1818,1,3,74.48,0.0
1818,118,1,369.42,0.0
1819,109,2,24.7,0.0
1819,13,3,290.11,0.0
1819,119,1,44.92,0.2
1819,27,1,86.91,0.0
1819,42,2,13.33,0.15
1820,2,1,26.52,0.0
1820,39,2,813.85,0.0
1820,64,3,248.26,0.0
1820,70,4,28.81,0.0
1821,25,3,11.98,0.1
1821,71,2,114.05,0.0
1821,51,1,37.61,0.0
1821,70,3,28.81,0.0
1821,62,2,151.53,0.2
1822,15,2,50.98,0.0
1822,58,1,22.91,0.1
1822,54,4,27.62,0.15
1822,25,4,11.98,0.2
1823,94,4,8.62,0.1
1823,98,4,979.01,0.0
1823,37,1,921.79,0.15
1823,81,4,31.68,0.0
1824,109,2,24.7,0.0
1824,110,2,59.35,0.0
1824,97,2,15.51,0.0
1824,95,3,31.66,0.1
1825,71,3,114.05,0.0
1825,114,4,14.07,0.0
1825,81,3,31.68,0.1
1826,105,1,45.11,0.0
1826,43,3,23.13,0.0
1827,20,4,17.08,0.0
1828,63,3,19.91,0.0
1828,34,1,95.61,0.0
1828,92,4,66.97,0.0
1829,87,2,400.13,0.0
1829,105,3,45.11,0.0
1829,14,2,74.09,0.0
1830,38,3,37.51,0.0
1830,63,4,19.91,0.0
1830,19,2,207.39,0.1
1831,118,4,369.42,0.0
1831,18,1,673.88,0.0
1831,115,4,22.31,0.0
1831,70,1,28.81,0.1
1831,15,4,50.98,0.0
1832,110,4,59.35,0.15
1832,99,4,38.04,0.0
1833,44,1,18.46,0.0
1833,72,3,27.53,0.0
1833,87,1,400.13,0.1
1833,119,2,44.92,0.0
1834,88,1,13.67,0.0
1834,50,4,36.36,0.0
1834,74,4,36.95,0.0
1834,62,1,151.53,0.0
1834,29,3,102.09,0.0
1835,5,3,95.87,0.0
1835,35,3,273.54,0.0
1835,42,2,13.33,0.0
1836,86,2,230.89,0.0
1836,102,2,104.68,0.0
1836,90,2,109.37,0.0
1837,54,3,27.62,0.0
1837,49,2,23.55,0.0
1837,109,4,24.7,0.0
1837,91,3,128.38,0.15
1838,37,1,921.79,0.0
1838,47,4,25.63,0.0
1838,82,2,55.45,0.0
1839,33,2,19.5,0.15
1840,66,3,405.53,0.0
1840,24,3,20.63,0.0
1840,40,3,72.98,0.0
1840,39,1,813.85,0.0
1841,53,4,108.15,0.0
1841,23,4,25.86,0.0
1841,11,1,362.9,0.0
1841,62,3,151.53,0.1
1841,95,4,31.66,0.2
1842,14,2,74.09,0.0
1842,70,1,28.81,0.0
1842,41,1,61.94,0.0
1842,93,3,68.0,0.0
1843,9,4,35.83,0.0
1844,70,4,28.81,0.0
1844,115,4,22.31,0.1
1844,27,1,86.91,0.0
1844,20,2,17.08,0.0
1845,80,2,21.1,0.0
1846,112,2,10.05,0.15
1846,56,1,180.17,0.0
1846,34,1,95.61,0.0
1846,54,2,27.62,0.0
1847,42,1,13.33,0.1
1847,76,1,10.64,0.0
1847,92,3,66.97,0.0
1847,30,4,18.03,0.0
1847,28,1,93.78,0.1
1848,35,3,273.54,0.0
1848,50,3,36.36,0.0
1848,111,3,36.67,0.0
1848,68,4,34.7,0.0
1848,97,3,15.51,0.0
1849,43,1,23.13,0.0
1849,92,1,66.97,0.0
1850,55,3,16.78,0.0
1851,39,3,813.85,0.0
1851,25,3,11.98,0.0
1851,1,3,74.48,0.0
1851,60,2,91.68,0.0
1851,46,1,1072.61,0.0
1852,80,2,21.1,0.0
1852,25,3,11.98,0.0
1852,106,1,46.75,0.0
1853,46,1,1072.61,0.0
1853,90,2,109.37,0.0
1853,8,1,274.79,0.0
1854,8,2,274.79,0.15
1855,84,1,62.27,0.0
1855,93,2,68.0,0.0
1855,75,4,350.21,0.0
1855,47,4,25.63,0.0
1856,77,3,15.68,0.15
1856,23,1,25.86,0.0
1856,32,3,37.01,0.0
1857,101,3,29.93,0.0
1858,87,1,400.13,0.0
1858,64,3,248.26,0.0
1859,99,1,38.04,0.1
1859,25,3,11.98,0.1
1859,39,1,813.85,0.0
1859,55,3,16.78,0.0
1859,42,2,13.33,0.0
1860,113,1,570.95,0.0
1860,65,2,759.55,0.0
1860,64,2,248.26,0.0
1861,102,2,104.68,0.0
1861,9,4,35.83,0.0
1861,110,2,59.35,0.0
1861,27,1,86.91,0.0
1862,6,1,79.0,0.0
1862,87,1,400.13,0.0
1863,111,3,36.67,0.0
1863,94,2,8.62,0.0
1863,102,4,104.68,0.0
1863,7,4,23.82,0.0
1864,29,4,102.09,0.0
1864,49,1,23.55,0.1
1864,78,3,137.74,0.0
1864,89,2,15.09,0.0
1865,36,2,76.85,0.0
1865,114,3,14.07,0.2
1865,96,1,13.59,0.0
1866,73,2,111.85,0.15
1867,18,2,673.88,0.15
1867,114,1,14.07,0.0
1868,22,4,133.91,0.0
1868,115,1,22.31,0.0
1868,23,3,25.86,0.0
1868,112,4,10.05,0.0
1868,7,3,23.82,0.0
1869,57,2,260.52,0.0
1869,70,1,28.81,0.0
1869,13,4,290.11,0.0
1869,85,2,22.44,0.15
1870,40,3,72.98,0.0
1870,105,1,45.11,0.0
1870,80,3,21.1,0.1
1870,103,2,101.9,0.0
1871,27,3,86.91,0.0
1871,117,4,15.26,0.0
1872,51,3,37.61,0.15
1872,71,4,114.05,0.0
1873,69,1,149.0,0.0
1873,46,3,1072.61,0.0
1874,6,2,79.0,0.0
1874,81,3,31.68,0.0
1874,32,3,37.01,0.0
1874,57,4,260.52,0.1
1875,55,2,16.78,0.0
1875,105,1,45.11,0.15
1875,109,4,24.7,0.0
1876,31,3,527.26,0.0
1876,93,3,68.0,0.0
1876,3,4,210.73,0.0
1876,62,4,151.53,0.0
1876,22,4,133.91,0.0
1877,64,3,248.26,0.0
1878,113,2,570.95,0.0
1878,56,1,180.17,0.0
1879,61,1,37.44,0.0
1879,43,4,23.13,0.0
1879,114,1,14.07,0.0
1879,21,4,82.02,0.1
1879,20,4,17.08,0.1
1880,16,1,15.62,0.0
1881,65,1,759.55,0.0
1881,119,3,44.92,0.0
1881,71,1,114.05,0.0
1882,62,4,151.53,0.0
1882,3,3,210.73,0.0
1883,63,4,19.91,0.0
1884,63,2,19.91,0.2
1884,12,4,61.23,0.1
1885,108,3,27.5,0.0
1885,93,4,68.0,0.0
1885,46,1,1072.61,0.0
1886,8,3,274.79,0.0
1886,45,2,28.82,0.0
1886,22,4,133.91,0.0
1886,65,1,759.55,0.0
1886,114,1,14.07,0.0
1887,35,1,273.54,0.0
1887,119,1,44.92,0.0
1887,2,4,26.52,0.0
1887,74,1,36.95,0.0
1887,11,4,362.9,0.0
1888,112,2,10.05,0.1
1888,104,2,291.82,0.0
1888,97,3,15.51,0.0
1889,112,2,10.05,0.0
1890,89,2,15.09,0.0
1890,50,3,36.36,0.2
1890,48,4,128.2,0.15
1890,28,2,93.78,0.15
1890,9,1,35.83,0.0
1891,80,3,21.1,0.0
1892,5,2,95.87,0.0
1892,84,4,62.27,0.0
1892,79,1,73.8,0.0
1892,66,2,405.53,0.0
1893,36,4,76.85,0.0
1893,116,2,340.28,0.0
1893,101,3,29.93,0.0
1894,105,1,45.11,0.0
1895,111,2,36.67,0.0
1895,63,1,19.91,0.0
1895,118,2,369.42,0.0
1896,7,1,23.82,0.1
1896,3,4,210.73,0.0
1896,46,2,1072.61,0.2
1896,73,2,111.85,0.0
1896,72,4,27.53,0.0
1897,48,3,128.2,0.15
1898,13,2,290.11,0.0
1898,77,2,15.68,0.0
1899,4,1,30.61,0.0
1899,50,1,36.36,0.0
1899,75,1,350.21,0.0
1899,2,4,26.52,0.0
1900,46,3,1072.61,0.0
1900,92,2,66.97,0.0
1900,59,2,90.35,0.2
1900,58,3,22.91,0.0
1900,105,1,45.11,0.0
1901,55,2,16.78,0.15
1901,8,3,274.79,0.0
1901,115,1,22.31,0.0
1902,17,4,30.4,0.0
1903,51,1,37.61,0.0
1903,47,4,25.63,0.15
1903,84,4,62.27,0.0
1903,120,1,87.36,0.0
1903,116,1,340.28,0.0
1904,112,1,10.05,0.0
1904,15,4,50.98,0.0
1904,92,2,66.97,0.0
1905,63,2,19.91,0.0
1905,21,3,82.02,0.0
1906,101,3,29.93,0.0
1907,70,2,28.81,0.0
1908,80,1,21.1,0.0
1908,12,4,61.23,0.0
1908,101,3,29.93,0.0
1908,88,3,13.67,0.0
1909,98,2,979.01,0.0
1909,66,2,405.53,0.0
1909,74,1,36.95,0.0
1909,11,4,362.9,0.0
1909,62,1,151.53,0.0
1910,93,3,68.0,0.1
1910,84,1,62.27,0.2
1910,1,3,74.48,0.0
1911,105,4,45.11,0.0
1911,4,3,30.61,0.0
1911,14,1,74.09,0.0
1911,110,1,59.35,0.0
1911,56,3,180.17,0.1
1912,88,2,13.67,0.0
1912,70,1,28.81,0.15
1913,20,3,17.08,0.0
1914,65,1,759.55,0.0
1914,46,2,1072.61,0.0
1914,118,1,369.42,0.2
1914,41,1,61.94,0.15
1914,100,2,30.75,0.0
1915,111,1,36.67,0.0
1915,66,1,405.53,0.0
1915,36,2,76.85,0.0
1915,106,2,46.75,0.0
1916,12,3,61.23,0.0
1916,42,3,13.33,0.0
1916,10,4,121.49,0.0
1916,37,1,921.79,0.0
1917,114,2,14.07,0.0
1917,84,4,62.27,0.0
1918,107,1,257.39,0.0
1918,55,1,16.78,0.0
1919,3,4,210.73,0.0
1920,68,2,34.7,0.0
1920,35,4,273.54,0.0
1921,106,2,46.75,0.0
1921,71,2,114.05,0.0
1921,26,3,36.15,0.15
1921,70,4,28.81,0.1
1922,41,1,61.94,0.0
1923,40,4,72.98,0.0
1923,119,3,44.92,0.0
1923,77,3,15.68,0.15
1924,87,1,400.13,0.0
1924,6,1,79.0,0.15
1924,35,4,273.54,0.0
1925,83,1,34.02,0.0
1925,17,1,30.4,0.0
1926,107,3,257.39,0.1
1926,105,1,45.11,0.1
1926,4,2,30.61,0.0
1926,31,2,527.26,0.0
1927,63,2,19.91,0.0
1928,118,4,369.42,0.0
1928,84,1,62.27,0.0
1929,10,1,121.49,0.0
1929,112,1,10.05,0.0
1930,8,1,274.79,0.0
1930,41,4,61.94,0.0
1930,73,3,111.85,0.0
1930,56,4,180.17,0.0
1930,9,3,35.83,0.0
1931,77,3,15.68,0.0
1931,3,2,210.73,0.0
1931,70,2,28.81,0.0
1931,27,2,86.91,0.0
1932,80,2,21.1,0.0
1932,95,3,31.66,0.0
1933,41,4,61.94,0.0
1934,95,2,31.66,0.2
1934,70,2,28.81,0.1
1934,41,1,61.94,0.0
1935,5,4,95.87,0.0
1936,113,4,570.95,0.1
1937,109,1,24.7,0.0
1937,111,2,36.67,0.0
1937,108,4,27.5,0.0
1937,22,4,133.91,0.0
1937,71,2,114.05,0.0
1938,105,4,45.11,0.0
1938,52,3,15.79,0.0
1939,84,1,62.27,0.0
1939,57,4,260.52,0.0
1939,8,1,274.79,0.0
1939,14,3,74.09,0.0
1940,81,1,31.68,0.0
1941,107,3,257.39,0.0
1942,101,1,29.93,0.1
1943,67,4,38.0,0.0
1944,83,3,34.02,0.0
1944,66,3,405.53,0.0
1945,62,3,151.53,0.0
1945,73,4,111.85,0.1
1945,12,2,61.23,0.0
1945,34,2,95.61,0.0
1946,23,2,25.86,0.0
1946,86,2,230.89,0.0
1947,92,2,66.97,0.0
1947,50,1,36.36,0.0
1947,76,2,10.64,0.0
1948,119,1,44.92,0.0
1949,105,3,45.11,0.0
1950,74,4,36.95,0.1
1950,97,4,15.51,0.0
1950,47,2,25.63,0.0
1950,104,3,291.82,0.15
1951,37,2,921.79,0.0
1951,118,1,369.42,0.0
1951,86,4,230.89,0.0
1951,55,1,16.78,0.1
1952,18,4,673.88,0.0
1952,80,2,21.1,0.0
1952,35,1,273.54,0.0
1952,40,3,72.98,0.0
1952,118,1,369.42,0.0
1953,107,3,257.39,0.0
1953,35,2,273.54,0.0
1953,34,3,95.61,0.15
1953,101,2,29.93,0.0
1953,17,3,30.4,0.0
1954,75,3,350.21,0.15
1954,60,3,91.68,0.0
1954,89,3,15.09,0.0
1954,56,2,180.17,0.2
1955,98,1,979.01,0.0
1955,90,4,109.37,0.0
1955,49,2,23.55,0.0
1955,91,4,128.38,0.2
1955,27,2,86.91,0.0
1956,64,4,248.26,0.0
1956,70,3,28.81,0.0
1956,51,3,37.61,0.0
1956,18,1,673.88,0.0
1957,35,3,273.54,0.1
1957,15,1,50.98,0.0
1957,81,4,31.68,0.2
1957,82,2,55.45,0.2
1957,97,2,15.51,0.0
1958,100,1,30.75,0.0
1958,101,3,29.93,0.1
1959,25,1,11.98,0.15
1959,43,3,23.13,0.2
1960,59,2,90.35,0.0
1960,2,1,26.52,0.0
1960,43,4,23.13,0.15
1960,35,3,273.54,0.0
1960,67,2,38.0,0.1
1961,117,2,15.26,0.1
1961,89,4,15.09,0.0
1961,52,2,15.79,0.1
1961,71,3,114.05,0.0
1962,8,3,274.79,0.0
1962,16,3,15.62,0.0
1963,4,1,30.61,0.0
1963,16,3,15.62,0.0
1963,103,4,101.9,0.0
1964,70,2,28.81,0.1
1964,63,2,19.91,0.0
1964,10,1,121.49,0.0
1964,90,3,109.37,0.0
1964,113,2,570.95,0.0
1965,68,4,34.7,0.0
1965,59,3,90.35,0.2
1965,52,1,15.79,0.0
1965,97,4,15.51,0.15
1966,17,4,30.4,0.0
1966,85,1,22.44,0.0
1966,2,3,26.52,0.0
1966,110,4,59.35,0.0
1967,51,2,37.61,0.0
1968,64,2,248.26,0.0
1968,98,2,979.01,0.0
1968,78,3,137.74,0.0
1968,80,3,21.1,0.0
1968,84,4,62.27,0.0
1969,16,3,15.62,0.0
1969,63,3,19.91,0.1
1969,114,3,14.07,0.0
1969,78,4,137.74,0.0
1969,120,4,87.36,0.15
1970,31,4,527.26,0.0
1970,116,3,340.28,0.0
1971,111,1,36.67,0.1
1971,110,1,59.35,0.0
1972,103,4,101.9,0.0
1973,75,4,350.21,0.15
1974,11,3,362.9,0.0
1974,60,2,91.68,0.0
1974,119,4,44.92,0.0
1975,25,2,11.98,0.0
1975,23,2,25.86,0.15
1976,66,1,405.53,0.0
1976,26,1,36.15,0.2
1976,34,3,95.61,0.1
1976,21,1,82.02,0.0
1977,119,2,44.92,0.15
1977,9,3,35.83,0.1
1977,21,2,82.02,0.0
1977,38,3,37.51,0.0
1977,36,2,76.85,0.0
1978,20,2,17.08,0.0
1978,29,4,102.09,0.0
1978,110,2,59.35,0.0
1978,26,3,36.15,0.0
1978,104,1,291.82,0.15
1979,38,1,37.51,0.0
1979,12,4,61.23,0.0
1979,48,1,128.2,0.0
1980,114,3,14.07,0.0
1981,100,3,30.75,0.1
1982,69,2,149.0,0.0
1982,105,1,45.11,0.15
1982,44,4,18.46,0.0
1982,57,4,260.52,0.0
1983,79,4,73.8,0.0
1984,57,4,260.52,0.0
1984,36,4,76.85,0.0
1985,71,3,114.05,0.0
1985,118,2,369.42,0.0
1985,23,3,25.86,0.1
1985,112,3,10.05,0.0
1986,30,2,18.03,0.0
1986,27,4,86.91,0.0
1986,91,3,128.38,0.0
1986,87,4,400.13,0.0
1986,8,4,274.79,0.0
1987,60,2,91.68,0.1
1987,63,3,19.91,0.0
1987,71,1,114.05,0.0
1988,18,2,673.88,0.0
1989,50,1,36.36,0.0
1990,54,1,27.62,0.0
1990,104,2,291.82,0.15
1990,75,4,350.21,0.0
1990,69,2,149.0,0.1
1991,99,4,38.04,0.0
1991,95,1,31.66,0.0
1991,70,1,28.81,0.0
1992,44,4,18.46,0.0
1992,106,1,46.75,0.0
1992,111,4,36.67,0.0
1992,20,3,17.08,0.0
1992,40,4,72.98,0.0
1993,77,1,15.68,0.0
1993,58,4,22.91,0.0
1993,60,2,91.68,0.0
1993,67,1,38.0,0.0
1994,58,4,22.91,0.0
1995,68,1,34.7,0.0
1995,66,1,405.53,0.0
1996,109,2,24.7,0.0
1996,113,3,570.95,0.0
1996,70,1,28.81,0.0
1996,14,3,74.09,0.0
1997,20,3,17.08,0.0
1997,105,1,45.11,0.1
1998,81,1,31.68,0.0
1998,36,1,76.85,0.0
1998,68,3,34.7,0.0
1998,51,2,37.61,0.0
1999,119,2,44.92,0.0
1999,59,2,90.35,0.0
1999,110,3,59.35,0.0
2000,30,2,18.03,0.0
2001,73,3,111.85,0.0
2002,48,3,128.2,0.0
2003,111,4,36.67,0.0
2003,21,4,82.02,0.2
2003,54,4,27.62,0.0
2004,7,1,23.82,0.0
2004,17,2,30.4,0.0
2004,49,4,23.55,0.0
2004,102,3,104.68,0.0
2005,80,4,21.1,0.0
2005,75,4,350.21,0.0
2005,23,2,25.86,0.0
2005,64,1,248.26,0.0
2005,18,2,673.88,0.0
2006,90,2,109.37,0.0
2006,112,3,10.05,0.2
2006,105,1,45.11,0.0
2007,68,3,34.7,0.15
2007,110,3,59.35,0.0
2008,111,4,36.67,0.0
2008,94,3,8.62,0.0
2008,54,3,27.62,0.0
2008,98,2,979.01,0.0
2009,45,2,28.82,0.0
2009,44,1,18.46,0.0
2010,5,1,95.87,0.0
2011,28,2,93.78,0.0
2011,118,3,369.42,0.0
2011,48,3,128.2,0.0
2011,46,1,1072.61,0.0
2012,65,4,759.55,0.0
2012,97,3,15.51,0.0
2012,94,2,8.62,0.1
2012,80,1,21.1,0.1
2012,109,4,24.7,0.0
2013,12,1,61.23,0.0
2014,22,1,133.91,0.15
2014,28,1,93.78,0.0
2014,65,3,759.55,0.0
2015,28,3,93.78,0.0
2016,66,3,405.53,0.15
2016,40,2,72.98,0.1
2017,51,4,37.61,0.0
2017,54,2,27.62,0.0
2017,7,1,23.82,0.0
2017,14,2,74.09,0.0
2017,28,1,93.78,0.0
2018,104,4,291.82,0.0
2018,87,4,400.13,0.0
2018,35,2,273.54,0.0
2018,58,3,22.91,0.0
2018,16,1,15.62,0.0
2019,94,4,8.62,0.0
2019,86,3,230.89,0.0
2019,81,2,31.68,0.0
2019,78,1,137.74,0.0
2020,87,1,400.13,0.0
2020,67,4,38.0,0.0
2020,108,1,27.5,0.0
2020,98,3,979.01,0.1
2020,75,4,350.21,0.1
2021,7,3,23.82,0.0
2021,114,2,14.07,0.0
2021,40,3,72.98,0.1
2022,93,3,68.0,0.0
2022,64,1,248.26,0.0
2022,1,3,74.48,0.0
2022,56,4,180.17,0.15
2022,33,4,19.5,0.0
2023,59,1,90.35,0.0
2024,40,3,72.98,0.2
2024,4,4,30.61,0.0
2024,104,3,291.82,0.0
2024,47,2,25.63,0.15
2024,85,4,22.44,0.0
2025,103,2,101.9,0.2
2025,47,4,25.63,0.0
2025,84,3,62.27,0.0
2025,102,4,104.68,0.0
2026,62,1,151.53,0.0
2026,10,1,121.49,0.0
2027,45,3,28.82,0.0
2028,58,2,22.91,0.0
2028,16,4,15.62,0.0
2028,29,1,102.09,0.0
2028,4,2,30.61,0.0
2029,117,1,15.26,0.15
2029,3,2,210.73,0.0
2029,104,2,291.82,0.0
2029,55,3,16.78,0.15
2030,110,2,59.35,0.0
2031,79,1,73.8,0.0
2031,21,1,82.02,0.0
2031,107,4,257.39,0.0
2032,41,3,61.94,0.15
2032,119,2,44.92,0.0
2032,36,1,76.85,0.0
2033,49,1,23.55,0.0
2033,13,4,290.11,0.0
2033,107,4,257.39,0.0
2033,92,4,66.97,0.0
2033,4,4,30.61,0.0
2034,3,2,210.73,0.0
2035,65,2,759.55,0.0
2035,104,2,291.82,0.0
2035,33,4,19.5,0.0
2035,111,2,36.67,0.0
2036,6,3,79.0,0.0
2036,3,1,210.73,0.0
2036,88,2,13.67,0.0
2036,39,2,813.85,0.0
2037,87,2,400.13,0.0
2037,68,1,34.7,0.0
2037,32,4,37.01,0.0
2037,102,1,104.68,0.0
2037,91,3,128.38,0.2
2038,118,1,369.42,0.0
2039,22,1,133.91,0.0
2039,67,4,38.0,0.1
2039,63,3,19.91,0.1
2040,4,2,30.61,0.0
2040,1,4,74.48,0.0
2041,75,2,350.21,0.0
2042,117,1,15.26,0.1
2042,21,3,82.02,0.0
2042,61,4,37.44,0.0
2042,98,4,979.01,0.0
2043,113,3,570.95,0.0
2043,43,2,23.13,0.0
2043,85,3,22.44,0.0
2043,25,2,11.98,0.0
2044,64,1,248.26,0.0
2044,2,3,26.52,0.0
2044,9,2,35.83,0.0
2044,39,4,813.85,0.0
2044,47,3,25.63,0.1
2045,56,1,180.17,0.1
2045,61,1,37.44,0.0
2045,32,2,37.01,0.0
2045,43,1,23.13,0.0
2045,15,2,50.98,0.1
2046,63,1,19.91,0.0
2046,48,4,128.2,0.0
2046,45,4,28.82,0.0
2046,38,3,37.51,0.0
2046,76,3,10.64,0.0
2047,13,1,290.11,0.15
2048,79,1,73.8,0.0
2048,111,3,36.67,0.0
2048,53,1,108.15,0.0
2048,96,3,13.59,0.0
2048,18,3,673.88,0.0
2049,73,1,111.85,0.0
2049,105,3,45.11,0.0
2050,120,4,87.36,0.0
2050,32,1,37.01,0.2
2050,47,3,25.63,0.2
2050,110,3,59.35,0.0
2050,87,3,400.13,0.2
2051,12,1,61.23,0.0
2052,111,3,36.67,0.0
2052,106,3,46.75,0.2
2052,101,4,29.93,0.0
2052,10,4,121.49,0.0
2052,118,2,369.42,0.0
2053,64,1,248.26,0.0
2053,23,3,25.86,0.0
2053,112,1,10.05,0.0
2053,60,4,91.68,0.0
2054,2,3,26.52,0.0
2054,110,2,59.35,0.1
2055,84,3,62.27,0.0
2055,42,4,13.33,0.0
2055,15,1,50.98,0.2
2055,5,2,95.87,0.0
2056,72,4,27.53,0.0
2056,34,3,95.61,0.0
2057,10,4,121.49,0.0
2058,70,3,28.81,0.0
2058,51,3,37.61,0.0
2059,73,3,111.85,0.15
2059,104,4,291.82,0.0
2059,22,2,133.91,0.0
2060,68,3,34.7,0.0
2060,19,2,207.39,0.0
2060,40,1,72.98,0.0
2061,119,1,44.92,0.0
2061,13,1,290.11,0.0
2061,60,3,91.68,0.0
2061,9,2,35.83,0.15
2062,90,4,109.37,0.0
2062,18,2,673.88,0.1
2062,120,1,87.36,0.0
2062,69,3,149.0,0.0
2062,95,4,31.66,0.1
2063,57,2,260.52,0.0
2063,4,1,30.61,0.0
2064,96,1,13.59,0.0
2064,86,1,230.89,0.0
2064,8,3,274.79,0.2
2064,70,4,28.81,0.1
2065,28,4,93.78,0.15
2065,14,3,74.09,0.15
2065,43,2,23.13,0.0
2066,30,4,18.03,0.0
2067,103,4,101.9,0.0
2067,64,3,248.26,0.0
2067,114,4,14.07,0.0
2067,93,4,68.0,0.0
2068,17,1,30.4,0.15
2069,63,2,19.91,0.0
2069,17,1,30.4,0.0
2070,31,2,527.26,0.1
2071,42,1,13.33,0.0
2071,60,4,91.68,0.0
2071,97,2,15.51,0.0
2072,80,3,21.1,0.0
2073,83,3,34.02,0.0
2073,35,3,273.54,0.0
2073,56,3,180.17,0.15
2073,21,3,82.02,0.0
2074,82,3,55.45,0.0
2074,114,4,14.07,0.0
2074,120,1,87.36,0.1
2074,36,2,76.85,0.0
2074,116,4,340.28,0.2
2075,16,4,15.62,0.0
2075,31,1,527.26,0.15
2075,76,1,10.64,0.0
2076,61,1,37.44,0.0
2076,19,4,207.39,0.0
2076,46,1,1072.61,0.15
2077,85,1,22.44,0.0
2077,100,1,30.75,0.0
2078,69,4,149.0,0.0
2078,36,1,76.85,0.0
2078,19,3,207.39,0.0
2078,74,3,36.95,0.1
2078,45,3,28.82,0.0
2079,2,2,26.52,0.0
2079,36,3,76.85,0.1
2079,21,1,82.02,0.0
2079,112,2,10.05,0.15
2079,45,4,28.82,0.0
2080,6,4,79.0,0.0
2080,73,2,111.85,0.0
2080,81,4,31.68,0.0
2081,17,3,30.4,0.0
2081,109,1,24.7,0.0
2081,25,3,11.98,0.0
2082,109,4,24.7,0.0
2083,37,1,921.79,0.1
2083,56,1,180.17,0.15
2084,26,3,36.15,0.0
2084,60,2,91.68,0.0
2084,83,4,34.02,0.0
2084,32,1,37.01,0.1
2084,56,3,180.17,0.0
2085,29,3,102.09,0.0
2085,19,1,207.39,0.0
2085,96,3,13.59,0.0
2085,60,4,91.68,0.0
2085,58,4,22.91,0.0
2086,83,1,34.02,0.15
2086,34,4,95.61,0.1
2086,45,4,28.82,0.0
2087,21,3,82.02,0.0
2087,42,3,13.33,0.0
2087,41,3,61.94,0.0
2087,48,3,128.2,0.0
2088,98,1,979.01,0.1
2088,39,4,813.85,0.0
2089,49,4,23.55,0.0
2089,65,1,759.55,0.0
2090,107,4,257.39,0.0
2090,65,2,759.55,0.0
2090,91,3,128.38,0.0
2090,56,4,180.17,0.1
2090,92,4,66.97,0.1
2091,55,1,16.78,0.0
2091,36,2,76.85,0.15
2091,24,4,20.63,0.0
2091,45,2,28.82,0.0
2091,115,1,22.31,0.0
2092,104,3,291.82,0.0
2092,69,1,149.0,0.1
2092,10,1,121.49,0.0
2092,92,2,66.97,0.0
2092,42,3,13.33,0.0
2093,59,3,90.35,0.0
2093,89,4,15.09,0.0
2093,97,1,15.51,0.0
2093,41,4,61.94,0.0
2093,47,3,25.63,0.0
2094,91,2,128.38,0.0
2094,93,2,68.0,0.0
2094,25,2,11.98,0.0
2095,93,2,68.0,0.0
2096,16,1,15.62,0.0
2096,58,4,22.91,0.1
2096,72,3,27.53,0.1
2096,85,1,22.44,0.0
2096,10,2,121.49,0.0
2097,62,3,151.53,0.0
2098,12,1,61.23,0.15
2098,5,3,95.87,0.0
2098,62,4,151.53,0.0
2098,107,4,257.39,0.0
2098,40,3,72.98,0.0
2099,14,1,74.09,0.0
2100,57,3,260.52,0.0
2100,24,1,20.63,0.0
2100,83,4,34.02,0.0
2101,115,2,22.31,0.0
2101,119,1,44.92,0.0
2101,93,4,68.0,0.2
2102,78,4,137.74,0.0
2102,63,2,19.91,0.0
2103,108,3,27.5,0.0
2103,79,3,73.8,0.0
2104,50,4,36.36,0.0
2104,10,3,121.49,0.2
2104,104,1,291.82,0.0
2104,54,3,27.62,0.0
2105,98,1,979.01,0.0
2105,94,4,8.62,0.0
2105,6,3,79.0,0.0
2105,32,1,37.01,0.0
2105,13,3,290.11,0.0
2106,98,4,979.01,0.1
2106,23,4,25.86,0.0
2106,32,4,37.01,0.0
2106,86,3,230.89,0.0
2107,98,2,979.01,0.0
2107,27,2,86.91,0.0
2107,49,3,23.55,0.0
2108,86,2,230.89,0.0
2109,44,2,18.46,0.1
2109,38,1,37.51,0.0
2109,46,2,1072.61,0.2
2110,45,4,28.82,0.1
2110,58,2,22.91,0.0
2110,53,3,108.15,0.0
2110,11,2,362.9,0.0
2111,23,4,25.86,0.0
2111,1,3,74.48,0.0
2112,24,3,20.63,0.0
2113,48,4,128.2,0.1
2113,58,4,22.91,0.0
2113,38,3,37.51,0.0
2114,1,4,74.48,0.0
2114,92,2,66.97,0.1
2114,56,1,180.17,0.1
2114,57,4,260.52,0.1
2114,117,2,15.26,0.0
2115,53,1,108.15,0.0
2115,79,1,73.8,0.0
2115,61,2,37.44,0.15
2115,82,4,55.45,0.0
2115,23,4,25.86,0.0
2116,72,1,27.53,0.0
2116,21,4,82.02,0.0
2116,11,2,362.9,0.0
2116,41,4,61.94,0.0
2116,68,2,34.7,0.0
2117,37,4,921.79,0.1
2117,116,4,340.28,0.15
2117,20,3,17.08,0.0
2117,28,3,93.78,0.0
2117,53,2,108.15,0.0
2118,3,3,210.73,0.0
2118,61,4,37.44,0.0
2118,46,4,1072.61,0.0
2119,109,1,24.7,0.0
2119,119,1,44.92,0.0
2119,47,2,25.63,0.0
2119,20,3,17.08,0.2
2119,99,4,38.04,0.0
2120,25,1,11.98,0.0
2120,34,4,95.61,0.0
2120,80,2,21.1,0.0
2120,10,2,121.49,0.0
2121,102,3,104.68,0.0
2122,4,3,30.61,0.0
2122,82,2,55.45,0.0
2123,81,2,31.68,0.2
2123,9,1,35.83,0.0
2124,62,1,151.53,0.0
2124,91,2,128.38,0.0
2124,102,3,104.68,0.0
2125,104,1,291.82,0.0
2125,8,3,274.79,0.0
2126,111,1,36.67,0.0
2126,95,1,31.66,0.1
2126,78,2,137.74,0.0
2126,30,3,18.03,0.0
2126,98,3,979.01,0.0
2127,75,4,350.21,0.0
2127,57,4,260.52,0.0
2127,102,2,104.68,0.0
2127,35,4,273.54,0.0
2128,50,2,36.36,0.0
2128,19,3,207.39,0.0
2128,35,4,273.54,0.0
2128,47,3,25.63,0.0
2129,63,4,19.91,0.0
2129,115,4,22.31,0.15
2129,30,2,18.03,0.2
2129,83,3,34.02,0.0
2130,109,2,24.7,0.1
2130,92,4,66.97,0.2
2130,75,1,350.21,0.0
2130,102,3,104.68,0.0
2131,91,3,128.38,0.1
2131,114,3,14.07,0.15
2131,55,3,16.78,0.0
2131,35,2,273.54,0.0
2132,67,2,38.0,0.0
2132,21,2,82.02,0.0
2132,84,1,62.27,0.0
2132,11,2,362.9,0.0
2133,51,2,37.61,0.1
2133,54,3,27.62,0.0
2133,62,2,151.53,0.15
2133,69,3,149.0,0.0
2134,99,2,38.04,0.0
2134,61,3,37.44,0.0
2134,7,4,23.82,0.15
2135,119,1,44.92,0.0
2135,113,4,570.95,0.0
2135,51,3,37.61,0.1
2135,76,1,10.64,0.2
2135,97,2,15.51,0.0
2136,16,4,15.62,0.0
2136,18,1,673.88,0.0
2136,37,2,921.79,0.0
2136,70,4,28.81,0.0
2136,27,4,86.91,0.0
2137,88,2,13.67,0.15
2137,63,3,19.91,0.0
2137,61,3,37.44,0.0
2137,78,1,137.74,0.0
2138,75,2,350.21,0.1
2138,30,3,18.03,0.0
2139,28,3,93.78,0.2
2139,8,4,274.79,0.0
2139,43,4,23.13,0.0
2139,51,1,37.61,0.0
2140,76,2,10.64,0.0
2141,38,2,37.51,0.2
2141,14,1,74.09,0.0
2141,10,2,121.49,0.1
2141,6,4,79.0,0.15
2141,54,1,27.62,0.0
2142,35,3,273.54,0.0
2142,6,2,79.0,0.0
2143,20,4,17.08,0.0
2143,5,2,95.87,0.1
2144,32,4,37.01,0.0
2144,58,1,22.91,0.0
2144,15,3,50.98,0.0
2144,16,1,15.62,0.2
2145,78,4,137.74,0.0
2145,24,4,20.63,0.1
2146,26,2,36.15,0.0
2146,95,1,31.66,0.0
2146,27,1,86.91,0.0
2146,40,3,72.98,0.15
2147,53,1,108.15,0.1
2147,101,4,29.93,0.1
2147,16,2,15.62,0.0
2147,64,3,248.26,0.1
2147,47,2,25.63,0.15
2148,65,4,759.55,0.15
2148,72,2,27.53,0.0
2148,25,3,11.98,0.0
2149,106,3,46.75,0.0
2149,42,3,13.33,0.0
2150,25,1,11.98,0.0
2150,23,1,25.86,0.0
2150,85,1,22.44,0.0
2150,76,3,10.64,0.0
2151,76,1,10.64,0.15
2151,67,2,38.0,0.1
2152,98,1,979.01,0.0
2152,5,2,95.87,0.0
2152,80,1,21.1,0.15
2152,100,3,30.75,0.0
2152,65,1,759.55,0.0
2153,77,1,15.68,0.0
2153,108,3,27.5,0.2
2154,89,2,15.09,0.0
2155,104,3,291.82,0.0
2155,92,1,66.97,0.0
2155,48,3,128.2,0.0
2155,102,1,104.68,0.1
2156,49,4,23.55,0.1
2157,103,2,101.9,0.0
2158,100,2,30.75,0.1
2158,23,4,25.86,0.0
2158,40,4,72.98,0.0
2158,28,4,93.78,0.0
2158,63,3,19.91,0.0
2159,12,3,61.23,0.1
2159,53,4,108.15,0.0
2159,85,2,22.44,0.0
2160,98,4,979.01,0.0
2160,72,2,27.53,0.0
2160,53,2,108.15,0.0
2161,92,4,66.97,0.2
2161,68,2,34.7,0.0
2161,79,3,73.8,0.0
2162,111,3,36.67,0.15
2162,8,1,274.79,0.0
2163,73,3,111.85,0.2
2163,61,3,37.44,0.0
2164,63,2,19.91,0.15
2165,1,2,74.48,0.0
2165,31,1,527.26,0.0
2165,40,4,72.98,0.0
2165,118,3,369.42,0.0
2165,95,2,31.66,0.0
2166,30,1,18.03,0.0
2167,47,3,25.63,0.0
2167,117,4,15.26,0.0
2168,115,1,22.31,0.0
2168,36,4,76.85,0.0
2168,67,2,38.0,0.0
2169,33,3,19.5,0.0
2169,9,4,35.83,0.1
2169,2,4,26.52,0.0
2169,30,4,18.03,0.0
2169,64,4,248.26,0.0
2170,120,2,87.36,0.0
2170,116,3,340.28,0.15
2170,91,4,128.38,0.0
2170,55,2,16.78,0.0
2170,74,4,36.95,0.0
2171,31,3,527.26,0.0
2172,8,2,274.79,0.0
2172,97,1,15.51,0.0
2172,76,3,10.64,0.1
2172,17,2,30.4,0.0
2173,90,2,109.37,0.0
2173,33,1,19.5,0.0
2173,119,3,44.92,0.0
2174,21,4,82.02,0.0
2175,64,2,248.26,0.0
2175,44,1,18.46,0.0
2175,10,4,121.49,0.0
2175,74,4,36.95,0.0
2175,79,3,73.8,0.0
2176,118,2,369.42,0.0
2176,114,2,14.07,0.2
2176,75,4,350.21,0.1
2176,43,3,23.13,0.0
2177,107,4,257.39,0.0
2177,53,2,108.15,0.0
2177,4,3,30.61,0.0
2177,71,3,114.05,0.0
2177,97,4,15.51,0.0
2178,53,4,108.15,0.0
2178,26,4,36.15,0.15
2178,90,4,109.37,0.1
2178,86,1,230.89,0.1
2178,63,3,19.91,0.0
2179,22,3,133.91,0.0
2179,91,3,128.38,0.15
2179,18,2,673.88,0.0
2179,62,4,151.53,0.0
2180,90,1,109.37,0.0
2180,42,1,13.33,0.0
2180,24,1,20.63,0.0
2180,66,3,405.53,0.0
2180,55,4,16.78,0.0
2181,99,4,38.04,0.0
2181,15,4,50.98,0.0
2181,70,4,28.81,0.2
2181,60,1,91.68,0.0
2182,40,3,72.98,0.0
2182,60,1,91.68,0.0
2182,12,4,61.23,0.0
2182,16,3,15.62,0.0
2182,50,2,36.36,0.0
2183,76,3,10.64,0.0
2184,5,3,95.87,0.0
2184,55,3,16.78,0.1
2184,120,4,87.36,0.0
2184,110,4,59.35,0.2
2185,32,4,37.01,0.0
2185,28,4,93.78,0.0
2185,82,2,55.45,0.0
2185,11,3,362.9,0.0
2185,76,2,10.64,0.0
2186,104,4,291.82,0.0
2187,112,3,10.05,0.0
2187,66,4,405.53,0.0
2187,30,2,18.03,0.0
2187,52,2,15.79,0.0
2188,36,4,76.85,0.1
2188,47,1,25.63,0.0
2188,68,2,34.7,0.0
2188,5,1,95.87,0.0
2189,119,1,44.92,0.0
2189,68,3,34.7,0.0
2189,56,3,180.17,0.1
2189,92,2,66.97,0.0
2189,19,1,207.39,0.0
2190,5,2,95.87,0.0
2191,119,3,44.92,0.0
2192,64,4,248.26,0.0
2192,15,4,50.98,0.1
2192,104,2,291.82,0.15
2193,55,4,16.78,0.0
2193,52,4,15.79,0.0
2193,18,1,673.88,0.0
2193,103,4,101.9,0.0
2194,112,3,10.05,0.0
2194,108,4,27.5,0.0
2194,7,4,23.82,0.0
2194,29,2,102.09,0.0
2195,98,2,979.01,0.0
2195,41,2,61.94,0.0
2195,48,2,128.2,0.15
2195,100,2,30.75,0.0
2196,41,1,61.94,0.0
2196,112,4,10.05,0.0
2196,119,3,44.92,0.15
2196,73,1,111.85,0.0
2197,76,4,10.64,0.1
2197,54,1,27.62,0.0
2197,104,1,291.82,0.15
2197,18,3,673.88,0.1
2197,48,2,128.2,0.0
2198,118,2,369.42,0.0
2199,13,1,290.11,0.0
2199,22,4,133.91,0.0
2199,94,2,8.62,0.15
2200,2,4,26.52,0.0
2200,4,4,30.61,0.0
2200,82,3,55.45,0.0
2201,42,1,13.33,0.0
2201,84,4,62.27,0.0
2201,55,3,16.78,0.0
2202,110,1,59.35,0.0
2202,33,2,19.5,0.0
2202,9,2,35.83,0.0
2202,7,4,23.82,0.0
2202,39,3,813.85,0.0
2203,38,2,37.51,0.0
2203,10,1,121.49,0.0
2203,97,3,15.51,0.0
2204,84,3,62.27,0.0
2205,74,1,36.95,0.0
2205,78,3,137.74,0.0
2205,59,1,90.35,0.0
2206,24,3,20.63,0.15
2206,63,2,19.91,0.0
2207,15,1,50.98,0.0
2207,85,3,22.44,0.0
2207,49,2,23.55,0.15
2207,105,2,45.11,0.0
2208,50,2,36.36,0.0
2208,31,1,527.26,0.0
2208,51,3,37.61,0.1
2208,73,4,111.85,0.0
2209,73,2,111.85,0.0
2209,97,1,15.51,0.0
2209,55,1,16.78,0.0
2209,38,3,37.51,0.0
2209,32,2,37.01,0.0
2210,25,2,11.98,0.0
2210,21,1,82.02,0.0
2210,90,2,109.37,0.0
2210,101,3,29.93,0.2
2211,62,1,151.53,0.0
2211,45,2,28.82,0.0
2211,80,2,21.1,0.0
2211,51,2,37.61,0.0
2212,80,3,21.1,0.1
2212,19,2,207.39,0.0
2212,36,3,76.85,0.0
2213,85,2,22.44,0.0
2213,45,1,28.82,0.0
2213,42,3,13.33,0.0
2213,109,2,24.7,0.0
2214,94,1,8.62,0.0
2214,6,4,79.0,0.1
2215,102,2,104.68,0.2
2216,78,1,137.74,0.0
2216,87,3,400.13,0.0
2217,5,2,95.87,0.0
2217,12,1,61.23,0.0
2217,99,1,38.04,0.1
2218,85,3,22.44,0.0
2219,79,1,73.8,0.0
2219,109,1,24.7,0.0
2219,97,2,15.51,0.2
2219,10,1,121.49,0.0
2220,64,3,248.26,0.0
2220,104,3,291.82,0.0
2221,29,1,102.09,0.1
2222,47,3,25.63,0.0
2222,111,1,36.67,0.0
2222,38,3,37.51,0.0
2222,81,3,31.68,0.0
2222,39,3,813.85,0.0
2223,46,1,1072.61,0.0
2224,100,2,30.75,0.0
2224,77,1,15.68,0.0
2224,18,2,673.88,0.0
2224,84,4,62.27,0.0
2225,36,4,76.85,0.0
2225,87,3,400.13,0.0
2225,52,3,15.79,0.0
2225,43,4,23.13,0.15
2225,76,3,10.64,0.0
2226,112,4,10.05,0.0
2226,113,1,570.95,0.1
2226,38,2,37.51,0.0
2226,62,1,151.53,0.0
2226,27,3,86.91,0.0
2227,80,3,21.1,0.0
2227,112,1,10.05,0.0
2228,115,3,22.31,0.0
2228,6,3,79.0,0.0
2228,72,3,27.53,0.0
2229,113,2,570.95,0.0
2229,102,2,104.68,0.0
2229,78,1,137.74,0.0
2229,17,3,30.4,0.0
2229,90,4,109.37,0.0
2230,35,2,273.54,0.0
2230,7,3,23.82,0.0
2230,31,4,527.26,0.0
2231,69,3,149.0,0.0
2231,29,1,102.09,0.0
2231,45,4,28.82,0.0
2231,110,4,59.35,0.0
2231,55,1,16.78,0.0
2232,27,4,86.91,0.0
2232,49,1,23.55,0.15
2232,70,1,28.81,0.0
2232,102,1,104.68,0.0
2233,4,1,30.61,0.0
2233,81,2,31.68,0.15
2233,118,1,369.42,0.0
2234,27,3,86.91,0.0
2234,11,4,362.9,0.0
2235,40,3,72.98,0.0
2235,70,3,28.81,0.0
2235,41,4,61.94,0.0
2236,116,2,340.28,0.0
2236,119,2,44.92,0.0
2236,57,2,260.52,0.0
2236,102,3,104.68,0.0
2237,96,4,13.59,0.1
2237,111,4,36.67,0.0
2237,82,4,55.45,0.0
2237,29,2,102.09,0.0
2238,96,3,13.59,0.1
2239,101,2,29.93,0.0
2239,18,2,673.88,0.0
2239,10,2,121.49,0.0
2240,107,2,257.39,0.0
2240,89,3,15.09,0.0
2240,77,1,15.68,0.0
2240,28,2,93.78,0.0
2241,73,4,111.85,0.0
2241,63,1,19.91,0.0
2242,20,1,17.08,0.0
2242,28,2,93.78,0.0
2242,92,4,66.97,0.0
2242,46,1,1072.61,0.0
2242,1,2,74.48,0.0
2243,96,4,13.59,0.0
2243,16,1,15.62,0.0
2244,113,3,570.95,0.0
2244,42,2,13.33,0.0
2245,72,1,27.53,0.0
2245,107,2,257.39,0.0
2245,53,3,108.15,0.0
2246,19,3,207.39,0.15
2246,73,3,111.85,0.0
2246,75,3,350.21,0.0
2246,28,1,93.78,0.0
2246,15,3,50.98,0.0
2247,101,1,29.93,0.0
2248,42,4,13.33,0.0
2249,48,1,128.2,0.0
2249,16,1,15.62,0.0
2249,42,2,13.33,0.2
2250,77,4,15.68,0.0
2250,57,3,260.52,0.0
2251,55,3,16.78,0.0
2251,99,4,38.04,0.0
2251,5,4,95.87,0.1
2251,2,2,26.52,0.0
2252,64,2,248.26,0.0
2252,31,1,527.26,0.1
2252,117,3,15.26,0.0
2252,88,4,13.67,0.0
2253,8,2,274.79,0.0
2253,12,4,61.23,0.0
2253,107,2,257.39,0.0
2253,97,1,15.51,0.0
2254,3,1,210.73,0.0
2254,32,3,37.01,0.15
2254,17,2,30.4,0.0
2255,106,4,46.75,0.2
2255,43,4,23.13,0.0
2256,60,2,91.68,0.0
2256,69,2,149.0,0.0
2257,55,3,16.78,0.0
2257,4,4,30.61,0.0
2257,102,2,104.68,0.0
2257,97,3,15.51,0.0
2258,112,2,10.05,0.0
2258,82,4,55.45,0.0
2258,6,2,79.0,0.0
2258,49,1,23.55,0.0
2258,56,4,180.17,0.0
2259,64,2,248.26,0.1
2259,67,3,38.0,0.0
2259,103,4,101.9,0.1
2259,91,3,128.38,0.0
2259,89,3,15.09,0.0
2260,51,1,37.61,0.0
2261,94,3,8.62,0.15
2261,45,3,28.82,0.0
2261,56,3,180.17,0.0
2261,6,1,79.0,0.2
2262,115,2,22.31,0.0
2262,74,4,36.95,0.0
2262,75,2,350.21,0.0
2263,117,1,15.26,0.0
2264,87,4,400.13,0.2
2264,32,4,37.01,0.0
2265,63,2,19.91,0.0
2265,82,1,55.45,0.0
2265,69,4,149.0,0.0
2265,35,1,273.54,0.0
2265,113,4,570.95,0.0
2266,62,2,151.53,0.0
2266,19,4,207.39,0.0
2266,83,4,34.02,0.0
2266,25,3,11.98,0.2
2267,34,3,95.61,0.0
2267,82,3,55.45,0.0
2267,105,1,45.11,0.0
2267,46,3,1072.61,0.0
2267,74,3,36.95,0.0
2268,40,3,72.98,0.0
2268,110,2,59.35,0.15
2269,33,1,19.5,0.0
2269,104,2,291.82,0.1
2269,25,4,11.98,0.0
2269,1,3,74.48,0.0
2269,90,4,109.37,0.0
2270,5,2,95.87,0.0
2270,6,1,79.0,0.0
2270,11,1,362.9,0.1
2270,51,1,37.61,0.0
2271,93,4,68.0,0.0
2271,115,3,22.31,0.0
2271,84,3,62.27,0.0
2271,53,3,108.15,0.0
2272,1,4,74.48,0.0
2273,20,4,17.08,0.0
2273,19,2,207.39,0.0
2273,82,3,55.45,0.0
2274,97,3,15.51,0.0
2274,86,1,230.89,0.1
2275,36,4,76.85,0.0
2275,13,1,290.11,0.0
2275,70,4,28.81,0.0
2275,3,3,210.73,0.0
2276,42,1,13.33,0.0
2277,92,1,66.97,0.0
2277,23,1,25.86,0.1
2277,88,2,13.67,0.15
2277,107,3,257.39,0.0
2277,114,2,14.07,0.0
2278,23,2,25.86,0.0
2278,5,2,95.87,0.0
2279,59,2,90.35,0.0
2280,30,1,18.03,0.0
2281,104,1,291.82,0.0
2282,82,1,55.45,0.0
2282,117,2,15.26,0.15
2282,30,3,18.03,0.0
2282,33,4,19.5,0.0
2283,12,3,61.23,0.1
2283,80,1,21.1,0.0
2283,82,1,55.45,0.0
2284,31,1,527.26,0.0
2284,27,3,86.91,0.0
2284,59,3,90.35,0.0
2285,100,2,30.75,0.0
2286,2,3,26.52,0.0
2286,38,4,37.51,0.0
2286,19,2,207.39,0.0
2287,94,1,8.62,0.0
2287,99,2,38.04,0.0
2287,93,1,68.0,0.15
2287,36,4,76.85,0.1
2288,105,2,45.11,0.0
2289,39,3,813.85,0.1
2289,56,3,180.17,0.0
2289,24,2,20.63,0.0
2290,97,2,15.51,0.1
2290,120,4,87.36,0.0
2291,39,1,813.85,0.1
2291,50,3,36.36,0.0
2291,24,1,20.63,0.0
2291,15,3,50.98,0.0
2291,75,1,350.21,0.0
2292,79,3,73.8,0.1
2292,4,4,30.61,0.15
2292,67,2,38.0,0.0
2292,17,2,30.4,0.0
2292,92,3,66.97,0.0
2293,68,4,34.7,0.0
2293,15,3,50.98,0.0
2293,55,4,16.78,0.0
2293,76,1,10.64,0.1
2294,78,2,137.74,0.0
2294,71,2,114.05,0.0
2294,59,2,90.35,0.0
2295,43,2,23.13,0.0
2295,86,1,230.89,0.0
2296,11,3,362.9,0.0
2296,74,4,36.95,0.0
2297,112,2,10.05,0.0
2297,51,2,37.61,0.0
2297,42,2,13.33,0.0
2297,116,2,340.28,0.0
2298,61,1,37.44,0.0
2299,5,4,95.87,0.0
2299,46,2,1072.61,0.2
2300,92,3,66.97,0.0
2300,57,3,260.52,0.0
2300,68,2,34.7,0.2
2301,103,2,101.9,0.1
2302,58,4,22.91,0.0
2302,72,1,27.53,0.0
2302,11,1,362.9,0.0
2302,115,4,22.31,0.0
2302,112,1,10.05,0.0
2303,11,4,362.9,0.0
2303,103,3,101.9,0.0
2303,115,3,22.31,0.0
2303,104,4,291.82,0.0
2304,71,3,114.05,0.0
2305,6,1,79.0,0.0
2305,54,2,27.62,0.0
2305,24,4,20.63,0.1
2306,66,3,405.53,0.0
2306,35,1,273.54,0.0
2306,74,1,36.95,0.0
2306,22,1,133.91,0.0
2306,100,4,30.75,0.15
2307,6,4,79.0,0.0
2307,59,2,90.35,0.15
2307,88,1,13.67,0.0
2307,108,4,27.5,0.0
2307,5,4,95.87,0.0
2308,12,4,61.23,0.1
2308,83,2,34.02,0.0
2308,41,4,61.94,0.0
2308,19,1,207.39,0.2
2308,79,4,73.8,0.0
2309,97,4,15.51,0.2
2310,115,3,22.31,0.0
2310,85,4,22.44,0.0
2311,54,1,27.62,0.0
2311,96,2,13.59,0.0
2311,26,3,36.15,0.2
2311,75,4,350.21,0.0
2311,57,1,260.52,0.1
2312,109,2,24.7,0.0
2313,93,1,68.0,0.0
2313,40,3,72.98,0.0
2313,38,3,37.51,0.0
2313,53,3,108.15,0.0
2313,112,4,10.05,0.1
2314,29,3,102.09,0.0
2314,115,2,22.31,0.0
2314,16,4,15.62,0.1
2315,42,3,13.33,0.1
2315,116,3,340.28,0.0
2315,110,2,59.35,0.0
2315,56,1,180.17,0.0
2316,7,3,23.82,0.0
2316,101,3,29.93,0.0
2317,87,1,400.13,0.0
2318,33,2,19.5,0.0
2318,70,3,28.81,0.0
2318,41,4,61.94,0.0
2318,111,3,36.67,0.0
2318,19,2,207.39,0.0
2319,12,2,61.23,0.0
2319,83,2,34.02,0.0
2319,117,4,15.26,0.1
2319,46,4,1072.61,0.0
2319,60,2,91.68,0.0
2320,50,1,36.36,0.0
2321,42,3,13.33,0.0
2322,14,1,74.09,0.0
2322,72,3,27.53,0.0
2323,57,1,260.52,0.1
2323,26,3,36.15,0.0
2323,42,2,13.33,0.2
2323,109,4,24.7,0.0
2324,52,4,15.79,0.0
2325,65,1,759.55,0.0
2325,88,3,13.67,0.0
2325,55,2,16.78,0.0
2325,24,1,20.63,0.0
2326,93,4,68.0,0.0
2326,119,3,44.92,0.15
2326,17,2,30.4,0.0
2327,20,1,17.08,0.0
2328,105,1,45.11,0.0
2329,69,1,149.0,0.0
2329,18,2,673.88,0.0
2329,41,1,61.94,0.0
2329,27,1,86.91,0.0
2329,43,4,23.13,0.15
2330,119,4,44.92,0.0
2330,59,3,90.35,0.0
2330,22,2,133.91,0.0
2331,43,3,23.13,0.0
2332,10,1,121.49,0.2
2332,35,1,273.54,0.0
2332,65,3,759.55,0.0
2332,27,4,86.91,0.0
2332,21,2,82.02,0.0
2333,72,1,27.53,0.0
2333,114,4,14.07,0.0
2333,96,3,13.59,0.0
2333,61,1,37.44,0.0
2333,12,2,61.23,0.1
2334,44,1,18.46,0.0
2334,36,2,76.85,0.0
2335,99,4,38.04,0.0
2335,45,3,28.82,0.0
2335,40,1,72.98,0.0
2336,66,1,405.53,0.0
2336,24,4,20.63,0.0
2336,93,4,68.0,0.0
2336,67,4,38.0,0.0
2336,57,1,260.52,0.0
2337,84,4,62.27,0.15
2337,56,3,180.17,0.0
2337,76,2,10.64,0.0
2337,83,1,34.02,0.0
2338,109,2,24.7,0.0
2338,65,1,759.55,0.0
2338,59,2,90.35,0.0
2338,60,2,91.68,0.0
2338,28,3,93.78,0.0
2339,70,1,28.81,0.0
2339,55,1,16.78,0.0
2339,48,2,128.2,0.0
2339,39,1,813.85,0.0
2340,23,4,25.86,0.0
2340,29,2,102.09,0.0
2341,62,2,151.53,0.0
2341,92,2,66.97,0.0
2341,100,4,30.75,0.15
2341,19,2,207.39,0.0
2341,73,3,111.85,0.15
2342,8,4,274.79,0.0
2342,67,2,38.0,0.0
2342,39,4,813.85,0.0
2342,114,3,14.07,0.0
2342,113,2,570.95,0.0
2343,29,2,102.09,0.15
2344,80,2,21.1,0.1
2344,83,2,34.02,0.1
2344,19,1,207.39,0.15
2344,35,2,273.54,0.0
2344,95,1,31.66,0.1
2345,21,4,82.02,0.2
2345,11,1,362.9,0.0
2346,89,3,15.09,0.0
2346,20,4,17.08,0.0
2346,115,3,22.31,0.1
2346,99,3,38.04,0.0
2346,54,1,27.62,0.1
2347,66,3,405.53,0.0
2347,6,4,79.0,0.0
2347,53,4,108.15,0.0
2347,78,4,137.74,0.0
2347,75,4,350.21,0.0
2348,31,2,527.26,0.15
2348,97,3,15.51,0.2
2348,29,4,102.09,0.15
2349,79,2,73.8,0.15
2349,14,2,74.09,0.0
2349,80,3,21.1,0.1
2350,102,1,104.68,0.0
2351,59,4,90.35,0.0
2351,25,3,11.98,0.0
2351,38,2,37.51,0.0
2351,40,4,72.98,0.0
2351,102,2,104.68,0.0
2352,50,1,36.36,0.0
2352,69,1,149.0,0.0
2352,41,3,61.94,0.0
2352,115,3,22.31,0.0
2352,95,1,31.66,0.0
2353,104,4,291.82,0.0
2353,56,4,180.17,0.1
2353,36,1,76.85,0.0
2354,112,2,10.05,0.0
2354,95,1,31.66,0.0
2354,39,2,813.85,0.0
2355,82,4,55.45,0.0
2355,17,1,30.4,0.0
2355,102,2,104.68,0.1
2355,14,2,74.09,0.0
2355,52,4,15.79,0.0
2356,50,3,36.36,0.0
2357,41,3,61.94,0.0
2357,59,2,90.35,0.0
2358,57,2,260.52,0.0
2358,95,4,31.66,0.0
2358,96,3,13.59,0.0
2358,115,2,22.31,0.1
2358,103,1,101.9,0.0
2359,62,4,151.53,0.0
2359,22,2,133.91,0.0
2359,16,4,15.62,0.0
2359,4,3,30.61,0.0
2360,115,4,22.31,0.0
2360,107,4,257.39,0.0
2360,31,2,527.26,0.0
2361,52,4,15.79,0.1
2361,116,4,340.28,0.15
2362,25,2,11.98,0.0
2362,58,2,22.91,0.0
2362,1,1,74.48,0.0
2363,88,3,13.67,0.0
2363,70,1,28.81,0.0
2363,37,4,921.79,0.0
2363,27,3,86.91,0.0
2364,6,4,79.0,0.0
2365,25,2,11.98,0.0
2365,74,2,36.95,0.0
2365,49,1,23.55,0.0
2365,45,3,28.82,0.0
2365,86,1,230.89,0.0
2366,41,4,61.94,0.0
2366,37,1,921.79,0.0
2366,110,1,59.35,0.0
2366,93,3,68.0,0.0
2366,34,4,95.61,0.0
2367,43,2,23.13,0.0
2367,17,3,30.4,0.0
2367,70,1,28.81,0.0
2368,52,4,15.79,0.0
2368,43,2,23.13,0.0
2368,16,2,15.62,0.0
2369,21,1,82.02,0.0
2369,103,3,101.9,0.0
2369,69,4,149.0,0.0
2370,109,3,24.7,0.0
2370,118,2,369.42,0.0
2370,24,2,20.63,0.0
2371,20,3,17.08,0.0
2372,21,3,82.02,0.1
2373,111,2,36.67,0.0
2373,82,2,55.45,0.0
2373,24,3,20.63,0.0
2374,9,4,35.83,0.0
2374,50,4,36.36,0.1
2374,102,2,104.68,0.0
2374,60,4,91.68,0.0
2374,114,1,14.07,0.0
2375,62,2,151.53,0.0
2375,108,4,27.5,0.0
2376,115,4,22.31,0.0
2376,75,2,350.21,0.0
2376,116,1,340.28,0.0
2376,55,3,16.78,0.0
2377,92,3,66.97,0.0
2377,88,1,13.67,0.0
2377,76,4,10.64,0.0
2378,68,1,34.7,0.0
2378,15,3,50.98,0.1
2378,38,4,37.51,0.0
2378,94,3,8.62,0.0
2379,23,3,25.86,0.0
2379,26,2,36.15,0.0
2379,41,3,61.94,0.0
2379,58,1,22.91,0.0
2379,117,2,15.26,0.0
2380,32,2,37.01,0.2
2380,116,2,340.28,0.0
2381,98,3,979.01,0.0
2381,103,2,101.9,0.0
2381,61,3,37.44,0.15
2382,37,3,921.79,0.0
2382,30,3,18.03,0.1
2382,1,2,74.48,0.0
2382,85,1,22.44,0.0
2382,100,4,30.75,0.0
2383,61,2,37.44,0.2
2383,5,1,95.87,0.0
2384,66,3,405.53,0.0
2384,34,2,95.61,0.0
2385,116,1,340.28,0.0
2385,7,4,23.82,0.0
2385,61,4,37.44,0.0
2385,57,1,260.52,0.0
2385,45,2,28.82,0.15
2386,31,2,527.26,0.0
2386,49,1,23.55,0.0
2386,10,3,121.49,0.0
2386,100,3,30.75,0.0
2386,42,1,13.33,0.1
2387,83,4,34.02,0.0
2387,16,4,15.62,0.0
2387,114,1,14.07,0.0
2388,46,2,1072.61,0.0
2388,56,4,180.17,0.0
2389,3,2,210.73,0.0
2389,22,3,133.91,0.0
2389,41,4,61.94,0.0
2390,26,1,36.15,0.2
2390,90,2,109.37,0.15
2390,18,2,673.88,0.0
2391,120,4,87.36,0.0
2391,16,3,15.62,0.15
2392,85,3,22.44,0.0
2393,26,3,36.15,0.0
2393,25,1,11.98,0.0
2393,60,3,91.68,0.0
2393,106,3,46.75,0.0
2394,19,1,207.39,0.0
2394,96,2,13.59,0.0
2394,17,1,30.4,0.0
2394,23,3,25.86,0.0
2395,94,3,8.62,0.0
2395,107,4,257.39,0.0
2395,113,3,570.95,0.0
2396,87,4,400.13,0.0
2397,19,2,207.39,0.0
2397,42,3,13.33,0.0
2397,33,3,19.5,0.2
2398,107,1,257.39,0.0
2398,33,4,19.5,0.0
2398,17,3,30.4,0.0
2398,76,1,10.64,0.0
2398,80,1,21.1,0.2
2399,34,3,95.61,0.0
2400,51,3,37.61,0.0
2400,29,3,102.09,0.0
2400,85,2,22.44,0.2
2400,47,2,25.63,0.0
2401,107,1,257.39,0.0
2401,84,2,62.27,0.0
2401,46,3,1072.61,0.0
2401,43,2,23.13,0.0
2401,39,2,813.85,0.0
2402,47,2,25.63,0.0
2402,27,1,86.91,0.1
2403,34,1,95.61,0.0
2403,50,1,36.36,0.0
2404,58,1,22.91,0.0
2404,17,3,30.4,0.0
2404,57,4,260.52,0.0
2405,105,2,45.11,0.0
2405,111,1,36.67,0.0
2406,72,1,27.53,0.1
2406,78,1,137.74,0.0
2407,7,1,23.82,0.0
2407,117,4,15.26,0.1
2407,69,3,149.0,0.0
2408,22,3,133.91,0.15
2408,65,3,759.55,0.0
2408,21,1,82.02,0.0
2408,42,3,13.33,0.0
2408,81,4,31.68,0.0
2409,8,1,274.79,0.0
2409,114,1,14.07,0.0
2410,91,1,128.38,0.0
2410,120,4,87.36,0.0
2410,59,4,90.35,0.2
2410,83,4,34.02,0.0
2410,12,4,61.23,0.1
2411,90,4,109.37,0.0
2412,42,4,13.33,0.0
2412,76,4,10.64,0.1
2412,85,1,22.44,0.0
2412,103,1,101.9,0.0
2413,90,2,109.37,0.0
2413,40,4,72.98,0.0
2413,10,1,121.49,0.0
2413,104,1,291.82,0.0
2414,46,4,1072.61,0.0
2414,64,4,248.26,0.0
2414,42,4,13.33,0.0
2414,96,3,13.59,0.0
2414,32,4,37.01,0.0
2415,51,1,37.61,0.0
2415,86,2,230.89,0.0
2415,49,2,23.55,0.0
2415,28,4,93.78,0.1
2416,42,2,13.33,0.0
2417,76,4,10.64,0.0
2417,74,2,36.95,0.0
2418,118,2,369.42,0.0
2418,107,3,257.39,0.0
2419,20,3,17.08,0.0
2419,99,2,38.04,0.0
2419,26,3,36.15,0.0
2419,118,2,369.42,0.0
2419,41,3,61.94,0.0
2420,118,3,369.42,0.0
2420,27,3,86.91,0.0
2420,43,2,23.13,0.0
2421,61,3,37.44,0.0
2421,43,4,23.13,0.0
2421,19,4,207.39,0.0
2421,17,1,30.4,0.0
2422,43,1,23.13,0.0
2422,27,2,86.91,0.0
2422,114,1,14.07,0.0
2422,54,4,27.62,0.0
2422,110,2,59.35,0.0
2423,39,1,813.85,0.0
2423,77,3,15.68,0.0
2424,96,2,13.59,0.2
2425,61,2,37.44,0.1
2425,108,3,27.5,0.0
2426,50,1,36.36,0.0
2426,111,3,36.67,0.0
2426,64,1,248.26,0.0
2427,58,4,22.91,0.0
2427,53,1,108.15,0.0
2428,38,2,37.51,0.0
2429,12,1,61.23,0.0
2430,103,3,101.9,0.0
2430,108,4,27.5,0.0
2430,37,2,921.79,0.1
2430,61,2,37.44,0.0
2431,112,2,10.05,0.0
2431,46,2,1072.61,0.0
2431,4,1,30.61,0.15
2432,60,3,91.68,0.0
2432,103,3,101.9,0.2
2432,63,4,19.91,0.0
2433,96,1,13.59,0.0
2434,37,3,921.79,0.0
2434,22,3,133.91,0.0
2434,41,2,61.94,0.1
2434,96,4,13.59,0.0
2434,44,4,18.46,0.0
2435,52,3,15.79,0.0
2435,10,2,121.49,0.15
2435,115,3,22.31,0.0
2435,5,4,95.87,0.1
2436,45,2,28.82,0.0
2436,8,1,274.79,0.0
2437,120,3,87.36,0.1
2437,26,4,36.15,0.0
2437,118,3,369.42,0.0
2437,43,4,23.13,0.0
2438,29,2,102.09,0.1
2438,34,3,95.61,0.2
2438,23,3,25.86,0.0
2439,118,2,369.42,0.0
2439,69,1,149.0,0.0
2439,116,1,340.28,0.0
2440,85,3,22.44,0.0
2440,34,2,95.61,0.0
2441,40,1,72.98,0.0
2441,49,1,23.55,0.0
2441,27,1,86.91,0.0
2441,50,1,36.36,0.0
2441,3,3,210.73,0.0
2442,105,4,45.11,0.0
2443,60,1,91.68,0.0
2443,88,4,13.67,0.0
2443,87,4,400.13,0.1
2443,96,2,13.59,0.15
2443,73,3,111.85,0.1
2444,19,4,207.39,0.0
2444,5,2,95.87,0.1
2444,88,2,13.67,0.15
2445,31,3,527.26,0.0
2445,11,4,362.9,0.0
2446,15,3,50.98,0.0
2446,115,1,22.31,0.0
2446,59,4,90.35,0.0
2446,99,3,38.04,0.0
2446,53,2,108.15,0.0
2447,64,4,248.26,0.0
2448,95,2,31.66,0.0
2448,58,2,22.91,0.0
2448,32,3,37.01,0.0
2449,98,4,979.01,0.0
2450,86,2,230.89,0.0
2450,99,1,38.04,0.0
2451,86,1,230.89,0.0
2451,31,1,527.26,0.0
2451,25,4,11.98,0.0
2452,75,3,350.21,0.0
2452,11,1,362.9,0.0
2453,5,1,95.87,0.0
2453,92,1,66.97,0.0
2453,51,4,37.61,0.0
2453,85,4,22.44,0.0
2453,20,1,17.08,0.0
2454,2,1,26.52,0.0
2454,16,1,15.62,0.1
2454,110,1,59.35,0.0
2455,43,3,23.13,0.1
2455,47,4,25.63,0.0
2455,45,1,28.82,0.0
2456,90,4,109.37,0.1
2456,14,3,74.09,0.0
2456,63,3,19.91,0.0
2456,117,1,15.26,0.0
2456,92,1,66.97,0.1
2457,78,3,137.74,0.0
2457,43,3,23.13,0.0
2457,6,1,79.0,0.0
2458,43,1,23.13,0.2
2458,30,4,18.03,0.1
2459,57,4,260.52,0.0
2459,97,3,15.51,0.0
2459,115,1,22.31,0.0
2459,62,3,151.53,0.0
2459,101,3,29.93,0.0
2460,53,4,108.15,0.0
2460,22,3,133.91,0.0
2460,91,4,128.38,0.0
2460,94,3,8.62,0.0
2461,41,3,61.94,0.0
2462,68,4,34.7,0.15
2462,72,2,27.53,0.15
2462,86,4,230.89,0.0
2462,93,4,68.0,0.0
2462,102,2,104.68,0.0
2463,105,1,45.11,0.2
2464,14,2,74.09,0.0
2464,20,4,17.08,0.0
2465,77,2,15.68,0.0
2465,80,3,21.1,0.0
2465,61,3,37.44,0.0
2466,41,1,61.94,0.0
2466,63,4,19.91,0.0
2466,88,1,13.67,0.0
2467,88,1,13.67,0.0
2467,37,1,921.79,0.0
2467,78,3,137.74,0.15
2467,75,2,350.21,0.2
2468,45,2,28.82,0.0
2469,71,4,114.05,0.0
2469,2,2,26.52,0.2
2470,94,3,8.62,0.0
2471,47,2,25.63,0.0
2471,18,3,673.88,0.0
2471,97,2,15.51,0.1
2472,58,1,22.91,0.1
2472,114,2,14.07,0.0
2473,75,4,350.21,0.15
2473,34,3,95.61,0.0
2473,48,3,128.2,0.0
2474,26,2,36.15,0.1
2474,8,4,274.79,0.0
2474,71,3,114.05,0.0
2475,49,4,23.55,0.15
2476,45,1,28.82,0.0
2477,22,2,133.91,0.1
2477,9,2,35.83,0.0
2477,29,1,102.09,0.15
2477,60,3,91.68,0.0
2478,113,3,570.95,0.0
2479,69,4,149.0,0.1
2479,44,4,18.46,0.0
2479,18,2,673.88,0.2
2479,57,4,260.52,0.0
2479,45,2,28.82,0.0
2480,1,2,74.48,0.0
2480,87,1,400.13,0.15
2481,99,2,38.04,0.1
2481,56,1,180.17,0.0
2482,21,1,82.02,0.1
2482,10,2,121.49,0.0
2482,90,2,109.37,0.0
2482,73,1,111.85,0.0
2483,52,4,15.79,0.0
2483,60,2,91.68,0.0
2483,15,1,50.98,0.0
2483,95,1,31.66,0.15
2483,109,3,24.7,0.0
2484,89,3,15.09,0.0
2485,90,1,109.37,0.0
2485,54,2,27.62,0.2
2485,52,2,15.79,0.0
2485,49,1,23.55,0.0
2486,9,1,35.83,0.0
2486,29,2,102.09,0.0
2486,79,3,73.8,0.0
2486,13,3,290.11,0.1
2487,77,2,15.68,0.0
2487,110,1,59.35,0.0
2487,32,3,37.01,0.0
2487,25,3,11.98,0.0
2487,48,4,128.2,0.0
2488,98,3,979.01,0.15
2488,116,2,340.28,0.0
2489,112,2,10.05,0.0
2490,35,4,273.54,0.0
2491,25,4,11.98,0.15
2491,28,2,93.78,0.1
2491,62,2,151.53,0.0
2492,56,2,180.17,0.0
2492,111,4,36.67,0.0
2492,59,4,90.35,0.0
2492,25,4,11.98,0.1
2492,93,2,68.0,0.0
2493,107,3,257.39,0.0
2494,13,4,290.11,0.0
2494,85,4,22.44,0.0
2495,35,4,273.54,0.0
2495,102,4,104.68,0.0
2496,23,3,25.86,0.0
2496,81,2,31.68,0.0
2496,100,2,30.75,0.0
2497,21,1,82.02,0.15
2497,82,2,55.45,0.15
2497,36,3,76.85,0.0
2498,14,3,74.09,0.15
2498,80,3,21.1,0.0
2498,12,1,61.23,0.0
2498,27,3,86.91,0.0
2499,34,3,95.61,0.15
2499,23,3,25.86,0.0
2500,108,2,27.5,0.0
2501,22,4,133.91,0.0
2501,51,4,37.61,0.0
2501,88,3,13.67,0.0
2501,33,3,19.5,0.0
2501,31,3,527.26,0.0
2502,68,1,34.7,0.0
2502,16,2,15.62,0.0
2502,21,3,82.02,0.0
2502,1,2,74.48,0.2
2503,112,3,10.05,0.0
2504,114,4,14.07,0.0
2504,46,2,1072.61,0.0
2505,50,4,36.36,0.0
2505,33,1,19.5,0.0
2505,120,2,87.36,0.0
2505,84,3,62.27,0.0
2505,68,1,34.7,0.0
2506,73,3,111.85,0.0
2506,46,3,1072.61,0.0
2507,74,4,36.95,0.0
2507,40,1,72.98,0.0
2508,15,1,50.98,0.0
2508,26,3,36.15,0.0
2508,69,2,149.0,0.0
2509,108,3,27.5,0.0
2509,106,4,46.75,0.0
2509,99,4,38.04,0.0
2509,41,3,61.94,0.1
2510,56,2,180.17,0.0
2510,83,3,34.02,0.0
2510,75,1,350.21,0.1
2510,33,1,19.5,0.0
2511,98,3,979.01,0.0
2511,16,1,15.62,0.0
2512,14,1,74.09,0.0
2512,61,2,37.44,0.0
2512,46,1,1072.61,0.0
2512,38,1,37.51,0.15
2512,19,1,207.39,0.0
2513,84,4,62.27,0.0
2513,117,2,15.26,0.0
2513,72,4,27.53,0.2
2513,118,2,369.42,0.0
2513,36,1,76.85,0.0
2514,46,4,1072.61,0.15
2515,83,4,34.02,0.0
2515,29,3,102.09,0.0
2515,92,1,66.97,0.0
2515,68,4,34.7,0.15
2515,28,4,93.78,0.0
2516,118,4,369.42,0.0
2516,28,2,93.78,0.0
2517,103,3,101.9,0.0
2517,110,3,59.35,0.0
2518,42,1,13.33,0.0
2518,50,2,36.36,0.0
2518,116,4,340.28,0.15
2518,66,1,405.53,0.0
2518,75,3,350.21,0.0
2519,37,3,921.79,0.0
2519,83,3,34.02,0.0
2519,8,2,274.79,0.0
2520,33,4,19.5,0.1
2521,33,4,19.5,0.0
2521,89,1,15.09,0.0
2522,108,2,27.5,0.0
2522,62,3,151.53,0.0
2522,88,4,13.67,0.0
2522,45,4,28.82,0.0
2523,5,4,95.87,0.0
2523,55,4,16.78,0.0
2523,97,2,15.51,0.1
2523,53,2,108.15,0.0
2523,4,2,30.61,0.0
2524,76,2,10.64,0.2
2524,36,3,76.85,0.0
2524,40,3,72.98,0.0
2525,54,1,27.62,0.0
2525,20,1,17.08,0.0
2525,21,2,82.02,0.0
2525,97,1,15.51,0.0
2525,104,4,291.82,0.0
2526,43,4,23.13,0.0
2526,103,1,101.9,0.0
2527,8,1,274.79,0.0
2528,53,3,108.15,0.1
2528,40,3,72.98,0.0
2528,65,4,759.55,0.0
2528,64,1,248.26,0.0
2529,39,3,813.85,0.0
2529,29,1,102.09,0.0
2530,74,4,36.95,0.0
2531,52,3,15.79,0.0
2531,18,2,673.88,0.0
2531,12,4,61.23,0.0
2531,6,4,79.0,0.0
2531,82,1,55.45,0.1
2532,81,4,31.68,0.0
2532,70,3,28.81,0.0
2532,93,1,68.0,0.2
2532,99,1,38.04,0.1
2532,46,3,1072.61,0.1
2533,79,4,73.8,0.15
2534,2,4,26.52,0.1
2534,118,2,369.42,0.1
2534,20,1,17.08,0.0
2535,45,1,28.82,0.0
2535,97,3,15.51,0.0
2535,8,1,274.79,0.0
2535,57,4,260.52,0.0
2535,40,1,72.98,0.15
2536,76,3,10.64,0.0
2536,108,3,27.5,0.0
2536,23,4,25.86,0.0
2537,108,2,27.5,0.0
2537,97,2,15.51,0.0
2537,21,3,82.02,0.15
2537,84,3,62.27,0.1
2538,14,2,74.09,0.15
2539,102,1,104.68,0.1
2539,37,1,921.79,0.0
2540,43,4,23.13,0.0
2540,78,3,137.74,0.0
2540,102,4,104.68,0.0
2541,17,2,30.4,0.0
2541,35,4,273.54,0.0
2542,44,3,18.46,0.0
2543,99,4,38.04,0.0
2543,45,4,28.82,0.0
2543,26,4,36.15,0.0
2544,89,2,15.09,0.0
2544,21,3,82.02,0.0
2545,57,1,260.52,0.0
2546,78,4,137.74,0.0
2546,22,1,133.91,0.1
2546,5,4,95.87,0.0
2547,38,3,37.51,0.1
2547,63,1,19.91,0.0
2547,44,2,18.46,0.1
2547,95,1,31.66,0.2
2547,16,3,15.62,0.0
2548,119,3,44.92,0.1
2548,99,4,38.04,0.1
2548,8,1,274.79,0.0
2548,62,4,151.53,0.15
2549,88,1,13.67,0.0
2549,85,1,22.44,0.0
2549,16,2,15.62,0.0
2549,97,3,15.51,0.0
2550,44,4,18.46,0.0
2550,117,1,15.26,0.0
2551,106,2,46.75,0.0
2551,43,1,23.13,0.1
2551,87,2,400.13,0.0
2551,32,2,37.01,0.1
2552,9,1,35.83,0.0
2552,100,4,30.75,0.0
2552,5,2,95.87,0.0
2552,26,1,36.15,0.0
2552,115,4,22.31,0.0
2553,40,3,72.98,0.0
2553,98,2,979.01,0.0
2554,45,1,28.82,0.1
2554,101,3,29.93,0.1
2554,88,1,13.67,0.0
2554,108,1,27.5,0.0
2555,6,4,79.0,0.0
2555,67,2,38.0,0.1
2555,40,4,72.98,0.0
2555,36,4,76.85,0.0
2556,20,1,17.08,0.0
2556,79,1,73.8,0.0
2556,17,4,30.4,0.0
2556,11,1,362.9,0.0
2557,97,2,15.51,0.0
2557,115,2,22.31,0.0
2557,91,4,128.38,0.0
2558,48,3,128.2,0.0
2558,39,3,813.85,0.0
2558,115,4,22.31,0.0
2558,110,4,59.35,0.0
2559,18,4,673.88,0.0
2559,72,3,27.53,0.2
2559,99,4,38.04,0.0
2559,6,4,79.0,0.0
2559,20,4,17.08,0.0
2560,18,2,673.88,0.1
2561,65,1,759.55,0.0
2562,102,1,104.68,0.0
2563,119,1,44.92,0.0
2564,103,3,101.9,0.15
2564,90,4,109.37,0.0
2564,77,3,15.68,0.0
2564,16,3,15.62,0.0
2565,6,1,79.0,0.0
2565,26,3,36.15,0.2
2566,107,1,257.39,0.0
2566,41,3,61.94,0.15
2567,17,3,30.4,0.0
2568,96,4,13.59,0.0
2568,5,1,95.87,0.0
2568,109,2,24.7,0.15
2569,116,2,340.28,0.2
2570,48,1,128.2,0.0
2570,11,2,362.9,0.0
2570,44,2,18.46,0.0
2570,55,3,16.78,0.0
2571,61,1,37.44,0.0
2571,115,1,22.31,0.0
2571,17,2,30.4,0.0
2572,34,2,95.61,0.0
2572,80,2,21.1,0.0
2572,63,2,19.91,0.0
2572,73,2,111.85,0.2
2572,101,3,29.93,0.0
2573,34,2,95.61,0.0
2573,35,1,273.54,0.0
2573,1,4,74.48,0.1
2574,17,4,30.4,0.0
2574,6,2,79.0,0.0
2574,69,2,149.0,0.0
2574,114,4,14.07,0.0
2574,9,4,35.83,0.0
2575,44,1,18.46,0.0
2575,93,1,68.0,0.0
2575,51,3,37.61,0.1
2575,7,1,23.82,0.0
2575,16,1,15.62,0.2
2576,59,1,90.35,0.0
2576,45,2,28.82,0.1
2576,26,1,36.15,0.0
2576,58,4,22.91,0.0
2576,76,1,10.64,0.0
2577,109,2,24.7,0.0
2577,80,2,21.1,0.0
2577,59,3,90.35,0.2
2578,96,2,13.59,0.2
2578,26,3,36.15,0.15
2578,45,3,28.82,0.0
2578,70,1,28.81,0.0
2578,97,3,15.51,0.0
2579,83,1,34.02,0.0
2579,70,3,28.81,0.0
2579,69,1,149.0,0.0
2579,38,3,37.51,0.0
2579,61,2,37.44,0.0
2580,88,3,13.67,0.0
2580,75,4,350.21,0.0
2580,48,2,128.2,0.0
2580,67,3,38.0,0.0
2580,111,1,36.67,0.0
2581,56,3,180.17,0.1
2581,82,3,55.45,0.0
2582,21,2,82.02,0.1
2583,41,1,61.94,0.0
2584,70,2,28.81,0.0
2584,11,2,362.9,0.0
2584,111,3,36.67,0.0
2584,112,4,10.05,0.15
2584,102,4,104.68,0.0
2585,103,3,101.9,0.0
2585,77,2,15.68,0.0
2585,86,4,230.89,0.0
2586,89,4,15.09,0.1
2586,77,3,15.68,0.0
2586,32,2,37.01,0.0
2586,48,4,128.2,0.0
2586,96,3,13.59,0.0
2587,2,3,26.52,0.0
2587,120,2,87.36,0.0
2587,119,1,44.92,0.0
2587,33,3,19.5,0.1
2588,86,4,230.89,0.0
2588,60,3,91.68,0.1
2588,90,4,109.37,0.0
2588,120,4,87.36,0.2
2589,26,2,36.15,0.0
2590,112,2,10.05,0.0
2591,120,2,87.36,0.0
2591,62,2,151.53,0.0
2591,38,2,37.51,0.1
2591,13,4,290.11,0.1
2592,106,4,46.75,0.0
2593,42,2,13.33,0.0
2594,58,4,22.91,0.0
2595,108,3,27.5,0.0
2595,97,4,15.51,0.0
2595,43,2,23.13,0.0
2595,73,3,111.85,0.0
2596,71,2,114.05,0.0
2596,61,3,37.44,0.0
2596,96,3,13.59,0.0
2597,103,2,101.9,0.0
2597,79,1,73.8,0.2
2598,18,2,673.88,0.0
2598,93,3,68.0,0.0
2598,96,3,13.59,0.0
2599,97,1,15.51,0.0
2600,67,3,38.0,0.1
2600,93,1,68.0,0.0
2600,21,3,82.02,0.15
2601,4,3,30.61,0.0
2601,82,1,55.45,0.0
2601,24,1,20.63,0.0
2602,17,1,30.4,0.0
2602,33,3,19.5,0.0
2603,41,4,61.94,0.2
2603,46,4,1072.61,0.0
2604,7,3,23.82,0.0
2604,3,3,210.73,0.0
2604,110,1,59.35,0.0
2605,54,1,27.62,0.0
2605,21,3,82.02,0.0
2606,40,2,72.98,0.0
2606,10,2,121.49,0.15
2606,88,3,13.67,0.0
2607,9,1,35.83,0.0
2607,22,2,133.91,0.0
2607,112,1,10.05,0.0
2608,119,3,44.92,0.0
2608,23,4,25.86,0.0
2609,88,2,13.67,0.0
2609,103,3,101.9,0.0
2609,31,2,527.26,0.1
2610,114,4,14.07,0.0
2610,15,3,50.98,0.0
2610,4,1,30.61,0.0
2610,71,3,114.05,0.0
2611,38,3,37.51,0.1
2611,30,1,18.03,0.0
2612,78,2,137.74,0.0
2613,100,1,30.75,0.0
2613,102,4,104.68,0.0
2614,23,1,25.86,0.0
2615,43,3,23.13,0.0
2615,76,2,10.64,0.0
2616,82,4,55.45,0.1
2616,91,1,128.38,0.1
2616,38,2,37.51,0.0
2616,90,4,109.37,0.0
2617,101,1,29.93,0.0
2618,5,1,95.87,0.0
2618,34,2,95.61,0.1
2618,62,3,151.53,0.0
2618,93,1,68.0,0.0
2618,67,1,38.0,0.0
2619,106,3,46.75,0.15
2619,112,2,10.05,0.0
2619,28,1,93.78,0.0
2619,76,3,10.64,0.15
2620,1,4,74.48,0.15
2620,92,2,66.97,0.0
2621,46,4,1072.61,0.0
2621,49,4,23.55,0.0
2621,70,3,28.81,0.1
2622,95,3,31.66,0.15
2622,22,4,133.91,0.0
2622,113,1,570.95,0.0
2623,19,4,207.39,0.0
2623,48,2,128.2,0.0
2623,1,2,74.48,0.0
2624,4,3,30.61,0.0
2624,33,2,19.5,0.15
2625,61,1,37.44,0.0
2625,92,3,66.97,0.0
2625,28,3,93.78,0.0
2625,22,3,133.91,0.0
2626,61,2,37.44,0.0
2626,48,2,128.2,0.0
2627,53,1,108.15,0.0
2628,111,4,36.67,0.0
2628,61,2,37.44,0.0
2628,36,3,76.85,0.0
2628,38,3,37.51,0.0
2629,111,3,36.67,0.1
2629,26,2,36.15,0.0
2629,48,1,128.2,0.0
2629,55,4,16.78,0.0
2630,62,1,151.53,0.0
2630,89,1,15.09,0.15
2630,3,4,210.73,0.0
2630,20,2,17.08,0.0
2630,36,3,76.85,0.0
2631,74,4,36.95,0.1
2631,53,1,108.15,0.0
2632,74,1,36.95,0.1
2632,71,3,114.05,0.2
2632,24,2,20.63,0.0
2632,4,4,30.61,0.2
2633,1,2,74.48,0.0
2633,77,3,15.68,0.0
2633,65,4,759.55,0.0
2633,115,2,22.31,0.0
2633,110,1,59.35,0.0
2634,37,3,921.79,0.1
2634,38,2,37.51,0.0
2635,28,2,93.78,0.1
2635,14,2,74.09,0.0
2635,70,3,28.81,0.0
2635,2,1,26.52,0.0
2636,69,1,149.0,0.0
2636,118,1,369.42,0.0
2636,102,1,104.68,0.0
2636,5,3,95.87,0.0
2637,115,1,22.31,0.0
2638,1,1,74.48,0.0
2638,59,4,90.35,0.0
2638,99,2,38.04,0.0
2638,111,2,36.67,0.15
2638,79,2,73.8,0.0
2639,117,3,15.26,0.15
2639,119,1,44.92,0.2
2639,65,4,759.55,0.0
2640,1,3,74.48,0.0
2640,91,1,128.38,0.1
2640,46,3,1072.61,0.0
2640,82,2,55.45,0.15
2640,64,1,248.26,0.1
2641,75,2,350.21,0.0
2642,28,2,93.78,0.0
2642,99,2,38.04,0.0
2642,6,1,79.0,0.0
2643,70,3,28.81,0.0
2643,113,3,570.95,0.0
2643,93,2,68.0,0.2
2643,45,2,28.82,0.0
2644,102,1,104.68,0.0
2644,30,3,18.03,0.0
2644,25,3,11.98,0.15
2644,101,4,29.93,0.15
2645,9,2,35.83,0.0
2646,119,1,44.92,0.0
2646,100,2,30.75,0.1
2646,46,2,1072.61,0.0
2647,15,2,50.98,0.0
2647,65,3,759.55,0.0
2647,24,1,20.63,0.0
2647,89,1,15.09,0.0
2647,82,3,55.45,0.0
2648,89,3,15.09,0.0
2648,83,4,34.02,0.0
2648,120,3,87.36,0.0
2648,95,4,31.66,0.1
2649,92,3,66.97,0.15
2649,80,3,21.1,0.0
2649,6,4,79.0,0.0
2649,45,2,28.82,0.2
2649,69,1,149.0,0.0
2650,97,1,15.51,0.15
2650,80,3,21.1,0.2
2651,65,4,759.55,0.0
2651,50,4,36.36,0.2
2651,87,4,400.13,0.0
2651,34,1,95.61,0.0
2651,78,3,137.74,0.15
2652,28,1,93.78,0.0
2652,27,2,86.91,0.0
2653,95,4,31.66,0.2
2653,108,2,27.5,0.0
2653,68,3,34.7,0.0
2653,15,3,50.98,0.1
2654,83,4,34.02,0.15
2654,101,3,29.93,0.0
2654,66,4,405.53,0.0
2654,1,4,74.48,0.1
2654,69,4,149.0,0.0
2655,38,3,37.51,0.0
2655,8,4,274.79,0.0
2655,109,2,24.7,0.1
2656,95,1,31.66,0.15
2656,117,3,15.26,0.0
2656,25,1,11.98,0.0
2657,61,2,37.44,0.0
2658,14,3,74.09,0.0
2658,86,1,230.89,0.0
2658,116,3,340.28,0.0
2658,98,2,979.01,0.0
2658,106,4,46.75,0.0
2659,21,1,82.02,0.0
2659,71,2,114.05,0.2
2659,67,1,38.0,0.0
2659,41,2,61.94,0.0
2660,99,2,38.04,0.0
2661,69,4,149.0,0.0
2661,9,2,35.83,0.1
2661,44,4,18.46,0.0
2661,29,3,102.09,0.0
2662,97,2,15.51,0.0
2662,8,4,274.79,0.0
2662,98,2,979.01,0.0
2663,94,4,8.62,0.0
2663,99,2,38.04,0.0
2664,54,2,27.62,0.0
2665,26,3,36.15,0.0
2665,78,2,137.74,0.0
2665,54,2,27.62,0.2
2665,92,1,66.97,0.0
2665,89,3,15.09,0.0
2666,54,3,27.62,0.0
2667,48,1,128.2,0.0
2667,103,2,101.9,0.0
2667,99,4,38.04,0.0
2667,76,3,10.64,0.0
2667,67,2,38.0,0.2
2668,19,3,207.39,0.0
2669,19,4,207.39,0.0
2669,13,4,290.11,0.1
2669,74,2,36.95,0.0
2669,118,1,369.42,0.0
2669,35,3,273.54,0.0
2670,61,2,37.44,0.0
2671,80,4,21.1,0.0
2672,60,4,91.68,0.0
2672,86,4,230.89,0.1
2672,15,2,50.98,0.0
2672,23,3,25.86,0.0
2672,29,2,102.09,0.0
2673,77,4,15.68,0.0
2673,66,2,405.53,0.0
2673,102,3,104.68,0.0
2674,19,2,207.39,0.0
2674,25,1,11.98,0.0
2675,71,4,114.05,0.0
2675,65,1,759.55,0.0
2675,88,4,13.67,0.0
2675,8,1,274.79,0.0
2676,3,2,210.73,0.0
2677,83,1,34.02,0.0
2677,2,4,26.52,0.2
2677,48,2,128.2,0.0
2677,99,2,38.04,0.0
2677,87,3,400.13,0.0
2678,35,1,273.54,0.0
2679,41,4,61.94,0.0
2679,51,2,37.61,0.1
2679,107,4,257.39,0.0
2680,81,3,31.68,0.0
2681,7,4,23.82,0.1
2682,58,3,22.91,0.0
2683,108,3,27.5,0.0
2683,44,3,18.46,0.0
2683,86,3,230.89,0.1
2683,58,1,22.91,0.0
2684,57,2,260.52,0.0
2684,72,1,27.53,0.0
2685,13,3,290.11,0.0
2685,113,3,570.95,0.0
2685,86,3,230.89,0.0
2685,85,3,22.44,0.0
2685,35,4,273.54,0.1
2686,44,3,18.46,0.2
2686,53,4,108.15,0.15
2687,71,4,114.05,0.0
2688,81,1,31.68,0.1
2688,4,1,30.61,0.0
2688,16,3,15.62,0.0
2688,82,3,55.45,0.0
2688,21,3,82.02,0.0
2689,32,3,37.01,0.0
2689,33,2,19.5,0.0
2689,99,1,38.04,0.1
2689,21,1,82.02,0.1
2690,120,1,87.36,0.0
2690,62,3,151.53,0.0
2690,93,4,68.0,0.0
2690,63,4,19.91,0.1
2691,118,3,369.42,0.0
2692,108,1,27.5,0.0
2692,23,4,25.86,0.1
2692,82,1,55.45,0.0
2692,44,1,18.46,0.0
2692,57,2,260.52,0.0
2693,16,3,15.62,0.0
2693,115,3,22.31,0.0
2694,70,2,28.81,0.0
2695,114,4,14.07,0.0
2695,66,2,405.53,0.15
2695,72,3,27.53,0.0
2695,13,4,290.11,0.0
2696,112,3,10.05,0.0
2696,50,1,36.36,0.0
2696,97,3,15.51,0.0
2697,94,2,8.62,0.15
2697,36,4,76.85,0.0
2697,98,4,979.01,0.0
2698,32,4,37.01,0.0
2699,31,4,527.26,0.15
2699,89,2,15.09,0.0
2699,119,1,44.92,0.0
2700,45,3,28.82,0.0
2700,78,2,137.74,0.0
2700,44,4,18.46,0.0
2700,89,1,15.09,0.15
2701,112,4,10.05,0.0
2701,104,2,291.82,0.0
2701,15,4,50.98,0.1
2701,33,2,19.5,0.0
2702,58,3,22.91,0.2
2702,83,4,34.02,0.0
2703,15,1,50.98,0.0
2703,53,1,108.15,0.0
2703,96,3,13.59,0.0
2704,96,2,13.59,0.0
2705,112,1,10.05,0.0
2705,17,4,30.4,0.0
2705,88,3,13.67,0.0
2705,12,1,61.23,0.15
2705,80,1,21.1,0.0
2706,89,4,15.09,0.0
2706,29,1,102.09,0.0
2706,16,3,15.62,0.0
2707,33,3,19.5,0.2
2707,39,3,813.85,0.0
2707,40,4,72.98,0.0
2707,70,4,28.81,0.0
2708,35,1,273.54,0.0
2708,97,2,15.51,0.0
2708,95,2,31.66,0.0
2708,36,3,76.85,0.0
2709,16,3,15.62,0.0
2709,113,2,570.95,0.15
2709,42,4,13.33,0.15
2710,120,1,87.36,0.0
2711,68,4,34.7,0.0
2712,118,1,369.42,0.0
2712,43,1,23.13,0.1
2712,87,1,400.13,0.0
2712,58,1,22.91,0.15
2712,56,4,180.17,0.0
2713,81,2,31.68,0.0
2714,15,4,50.98,0.0
2714,56,1,180.17,0.0
2714,33,3,19.5,0.0
2714,16,4,15.62,0.0
2715,4,2,30.61,0.0
2715,44,2,18.46,0.0
2715,96,4,13.59,0.0
2715,83,4,34.02,0.15
2715,36,4,76.85,0.0
2716,11,4,362.9,0.0
2716,99,1,38.04,0.0
2717,104,1,291.82,0.15
2717,75,2,350.21,0.0
2717,57,4,260.52,0.0
2717,108,2,27.5,0.2
2717,93,3,68.0,0.1
2718,30,4,18.03,0.0
2718,12,2,61.23,0.0
2718,92,2,66.97,0.1
2719,30,4,18.03,0.0
2719,45,1,28.82,0.2
2719,47,2,25.63,0.1
2719,68,2,34.7,0.0
2720,48,3,128.2,0.0
2720,1,4,74.48,0.0
2720,105,3,45.11,0.1
2721,98,4,979.01,0.0
2721,100,3,30.75,0.0
2722,61,1,37.44,0.0
2722,13,3,290.11,0.0
2722,18,2,673.88,0.1
2723,94,3,8.62,0.0
2723,47,1,25.63,0.0
2724,102,1,104.68,0.0
2724,38,1,37.51,0.2
2724,15,1,50.98,0.0
2724,108,1,27.5,0.0
2725,83,1,34.02,0.0
2725,70,3,28.81,0.0
2725,52,4,15.79,0.2
2725,76,2,10.64,0.0
2726,11,1,362.9,0.0
2726,3,2,210.73,0.0
2727,115,4,22.31,0.0
2727,49,4,23.55,0.0
2728,95,3,31.66,0.0
2728,88,1,13.67,0.1
2728,94,3,8.62,0.1
2728,56,1,180.17,0.1
2729,74,2,36.95,0.0
2729,58,2,22.91,0.0
2730,106,2,46.75,0.0
2730,38,3,37.51,0.1
2730,82,3,55.45,0.0
2731,43,4,23.13,0.0
2731,28,3,93.78,0.0
2732,33,4,19.5,0.0
2732,48,4,128.2,0.0
2732,23,1,25.86,0.1
2733,72,2,27.53,0.0
2733,119,4,44.92,0.0
2733,114,4,14.07,0.0
2733,75,1,350.21,0.0
2733,18,3,673.88,0.0
2734,90,1,109.37,0.0
2734,99,2,38.04,0.0
2734,119,4,44.92,0.0
2735,2,1,26.52,0.1
2735,73,4,111.85,0.0
2735,108,1,27.5,0.0
2735,87,2,400.13,0.1
2735,90,2,109.37,0.0
2736,27,4,86.91,0.0
2736,110,4,59.35,0.0
2736,50,3,36.36,0.0
2737,117,1,15.26,0.0
2737,96,3,13.59,0.0
2737,68,4,34.7,0.0
2737,52,2,15.79,0.0
2738,71,3,114.05,0.0
2738,5,1,95.87,0.0
2738,93,4,68.0,0.0
2738,58,2,22.91,0.0
2738,102,1,104.68,0.0
2739,101,3,29.93,0.0
2739,5,3,95.87,0.0
2739,47,3,25.63,0.0
2739,48,2,128.2,0.0
2740,3,2,210.73,0.0
2741,75,3,350.21,0.0
2741,51,4,37.61,0.0
2741,67,2,38.0,0.0
2741,90,4,109.37,0.0
2742,113,4,570.95,0.2
2742,51,1,37.61,0.0
2742,92,2,66.97,0.1
2743,111,1,36.67,0.0
2743,95,2,31.66,0.0
2743,70,1,28.81,0.0
2743,28,4,93.78,0.0
2743,47,2,25.63,0.0
2744,102,4,104.68,0.2
2744,8,1,274.79,0.2
2744,79,4,73.8,0.0
2745,105,1,45.11,0.1
2745,83,2,34.02,0.1
2746,9,3,35.83,0.0
2746,101,1,29.93,0.0
2747,42,4,13.33,0.0
2747,85,3,22.44,0.0
2747,5,4,95.87,0.0
2748,53,3,108.15,0.1
2748,69,2,149.0,0.0
2748,77,1,15.68,0.0
2748,19,3,207.39,0.0
2749,65,2,759.55,0.1
2750,35,4,273.54,0.0
2750,75,4,350.21,0.2
2750,49,3,23.55,0.0
2750,9,1,35.83,0.0
2751,83,4,34.02,0.0
2751,14,1,74.09,0.0
2751,30,4,18.03,0.0
2752,103,4,101.9,0.0
2752,58,2,22.91,0.2
2752,31,3,527.26,0.0
2752,117,4,15.26,0.15
2752,9,4,35.83,0.0
2753,50,2,36.36,0.0
2753,79,1,73.8,0.0
2753,85,4,22.44,0.0
2753,45,2,28.82,0.0
2754,56,4,180.17,0.0
2754,46,1,1072.61,0.0
2755,55,2,16.78,0.0
2756,7,4,23.82,0.1
2756,16,4,15.62,0.0
2756,19,4,207.39,0.0
2756,31,1,527.26,0.0
2756,92,2,66.97,0.1
2757,58,3,22.91,0.1
2757,80,3,21.1,0.1
2757,12,4,61.23,0.0
2757,59,1,90.35,0.0
2757,4,2,30.61,0.15
2758,88,4,13.67,0.0
2758,87,3,400.13,0.0
2758,93,4,68.0,0.0
2758,108,1,27.5,0.15
2758,22,4,133.91,0.0
2759,69,2,149.0,0.0
2759,49,3,23.55,0.0
2759,3,1,210.73,0.0
2760,42,4,13.33,0.0
2761,93,3,68.0,0.0
2761,72,4,27.53,0.0
2761,6,3,79.0,0.0
2762,68,2,34.7,0.0
2762,111,3,36.67,0.1
2763,40,3,72.98,0.0
2763,104,1,291.82,0.0
2763,48,4,128.2,0.0
2763,98,1,979.01,0.0
2763,51,3,37.61,0.0
2764,38,1,37.51,0.0
2764,102,3,104.68,0.0
2764,98,4,979.01,0.1
2764,76,4,10.64,0.0
2765,72,3,27.53,0.0
2765,79,4,73.8,0.0
2765,16,3,15.62,0.0
2765,67,3,38.0,0.0
2766,112,2,10.05,0.0
2767,76,3,10.64,0.15
2767,83,1,34.02,0.1
2767,57,3,260.52,0.0
2767,39,4,813.85,0.0
2767,53,2,108.15,0.15
2768,66,4,405.53,0.0
2768,35,4,273.54,0.0
2768,1,3,74.48,0.1
2768,108,1,27.5,0.0
2768,71,2,114.05,0.0
2769,43,3,23.13,0.0
2770,85,3,22.44,0.0
2771,101,2,29.93,0.0
2771,17,3,30.4,0.0
2772,84,2,62.27,0.0
2772,29,2,102.09,0.0
2772,31,4,527.26,0.0
2772,80,4,21.1,0.0
2772,11,2,362.9,0.0
2773,52,2,15.79,0.15
2773,32,1,37.01,0.0
2774,62,3,151.53,0.0
2774,82,4,55.45,0.0
2774,34,2,95.61,0.0
2775,105,3,45.11,0.0
2775,90,1,109.37,0.1
2775,15,3,50.98,0.0
2775,73,4,111.85,0.0
2776,59,3,90.35,0.15
2776,83,2,34.02,0.0
2776,51,3,37.61,0.0
2776,1,4,74.48,0.0
2777,111,3,36.67,0.1
2777,107,4,257.39,0.0
2777,95,1,31.66,0.0
2777,109,1,24.7,0.0
2777,9,1,35.83,0.0
2778,120,3,87.36,0.0
2778,90,1,109.37,0.0
2779,72,1,27.53,0.15
2779,103,3,101.9,0.0
2780,116,1,340.28,0.0
2780,48,4,128.2,0.0
2780,118,3,369.42,0.0
2780,51,1,37.61,0.0
2780,95,3,31.66,0.15
2781,111,1,36.67,0.0
2781,90,1,109.37,0.2
2781,28,2,93.78,0.0
2781,27,3,86.91,0.0
2782,69,3,149.0,0.1
2782,117,2,15.26,0.0
2782,9,1,35.83,0.0
2782,18,1,673.88,0.0
2782,109,1,24.7,0.1
2783,10,1,121.49,0.0
2783,57,1,260.52,0.0
2784,41,4,61.94,0.0
2784,81,2,31.68,0.0
2785,41,4,61.94,0.0
2786,68,1,34.7,0.0
2787,58,2,22.91,0.0
2787,32,4,37.01,0.15
2788,65,2,759.55,0.0
2788,98,3,979.01,0.0
2788,48,3,128.2,0.0
2788,97,2,15.51,0.0
2789,100,4,30.75,0.1
2789,78,3,137.74,0.2
2789,43,2,23.13,0.0
2790,28,4,93.78,0.0
2790,30,2,18.03,0.0
2790,54,4,27.62,0.0
2790,62,1,151.53,0.0
2791,81,2,31.68,0.0
2791,76,4,10.64,0.1
2791,42,2,13.33,0.0
2791,84,3,62.27,0.0
2792,16,2,15.62,0.0
2792,119,1,44.92,0.0
2793,73,3,111.85,0.0
2793,102,4,104.68,0.0
2793,44,3,18.46,0.1
2793,28,4,93.78,0.0
2793,11,2,362.9,0.0
2794,39,4,813.85,0.0
2794,5,2,95.87,0.1
2794,81,2,31.68,0.0
2794,94,2,8.62,0.0
2794,7,4,23.82,0.1
2795,59,3,90.35,0.0
2795,84,1,62.27,0.1
2796,117,3,15.26,0.1
2796,120,2,87.36,0.0
2797,54,2,27.62,0.0
2797,111,4,36.67,0.0
2797,119,3,44.92,0.0
2798,71,1,114.05,0.0
2798,98,1,979.01,0.1
2798,101,2,29.93,0.0
2799,57,1,260.52,0.0
2799,84,1,62.27,0.0
2799,99,4,38.04,0.0
2799,69,4,149.0,0.0
2799,5,4,95.87,0.0
2800,34,2,95.61,0.0
2800,1,2,74.48,0.15
2801,92,3,66.97,0.1
2801,41,4,61.94,0.0
2801,84,4,62.27,0.0
2802,11,1,362.9,0.0
2802,29,1,102.09,0.0
2802,1,4,74.48,0.0
2803,79,2,73.8,0.0
2803,78,2,137.74,0.0
2803,88,1,13.67,0.0
2803,114,2,14.07,0.0
2803,3,1,210.73,0.0
2804,14,2,74.09,0.1
2804,84,4,62.27,0.0
2804,58,4,22.91,0.15
2804,81,3,31.68,0.1
2805,55,4,16.78,0.0
2806,46,3,1072.61,0.0
2806,94,2,8.62,0.0
2806,36,1,76.85,0.0
2807,32,2,37.01,0.0
2807,95,1,31.66,0.0
2807,9,1,35.83,0.0
2807,38,4,37.51,0.1
2807,53,3,108.15,0.0
2808,54,2,27.62,0.2
2808,98,1,979.01,0.0
2808,18,4,673.88,0.0
2808,43,2,23.13,0.0
2809,51,1,37.61,0.0
2809,64,3,248.26,0.0
2809,67,3,38.0,0.15
2809,54,1,27.62,0.0
2810,27,2,86.91,0.0
2810,55,3,16.78,0.0
2811,84,1,62.27,0.0
2811,34,4,95.61,0.0
2812,93,1,68.0,0.15
2812,55,2,16.78,0.0
2812,58,2,22.91,0.15
2812,110,4,59.35,0.1
2813,87,2,400.13,0.0
2813,82,4,55.45,0.0
2813,18,2,673.88,0.0
2813,26,1,36.15,0.0
2814,111,4,36.67,0.0
2814,12,1,61.23,0.0
2814,27,3,86.91,0.0
2815,73,3,111.85,0.0
2815,116,4,340.28,0.0
2815,88,2,13.67,0.0
2815,10,3,121.49,0.0
2816,60,3,91.68,0.0
2816,62,3,151.53,0.1
2816,8,2,274.79,0.0
2817,43,1,23.13,0.0
2817,77,2,15.68,0.0
2818,68,4,34.7,0.0
2818,39,2,813.85,0.0
2819,48,1,128.2,0.0
2819,65,4,759.55,0.0
2819,79,3,73.8,0.0
2820,50,2,36.36,0.0
2820,39,1,813.85,0.0
2821,17,1,30.4,0.0
2822,62,1,151.53,0.0
2823,120,3,87.36,0.0
2823,40,1,72.98,0.0
2824,65,2,759.55,0.0
2825,91,4,128.38,0.0
2826,53,2,108.15,0.0
2826,43,4,23.13,0.0
2826,46,1,1072.61,0.0
2826,37,4,921.79,0.0
2826,111,4,36.67,0.15
2827,22,4,133.91,0.0
2828,35,3,273.54,0.0
2829,8,3,274.79,0.0
2829,19,1,207.39,0.1
2829,120,1,87.36,0.0
2829,78,3,137.74,0.0
2829,65,3,759.55,0.0
2830,45,3,28.82,0.1
2830,48,1,128.2,0.0
2831,2,3,26.52,0.0
2831,3,4,210.73,0.0
2832,104,3,291.82,0.0
2832,84,1,62.27,0.0
2832,66,4,405.53,0.0
2832,53,4,108.15,0.0
2832,3,2,210.73,0.0
2833,20,3,17.08,0.0
2833,9,1,35.83,0.0
2834,103,2,101.9,0.0
2834,114,1,14.07,0.0
2834,14,2,74.09,0.0
2834,54,3,27.62,0.0
2835,119,3,44.92,0.0
2835,106,3,46.75,0.0
2835,107,2,257.39,0.0
2835,10,4,121.49,0.0
2836,23,1,25.86,0.0
2836,119,3,44.92,0.0
2837,86,2,230.89,0.0
2837,79,4,73.8,0.0
2837,102,1,104.68,0.0
2837,25,1,11.98,0.15
2837,75,3,350.21,0.0
2838,23,1,25.86,0.0
2838,17,3,30.4,0.0
2839,16,3,15.62,0.0
2839,40,1,72.98,0.15
2839,53,1,108.15,0.0
2840,44,1,18.46,0.0
2840,61,4,37.44,0.0
2841,58,4,22.91,0.0
2841,51,3,37.61,0.0
2842,75,1,350.21,0.0
2842,24,2,20.63,0.2
2842,23,3,25.86,0.0
2843,83,3,34.02,0.0
2844,70,3,28.81,0.0
2844,106,2,46.75,0.0
2844,112,2,10.05,0.0
2844,39,4,813.85,0.0
2845,18,1,673.88,0.0
2845,114,3,14.07,0.0
2845,3,2,210.73,0.0
2845,76,3,10.64,0.0
2845,118,3,369.42,0.0
2846,100,4,30.75,0.15
2846,85,3,22.44,0.0
2847,85,1,22.44,0.0
2847,89,4,15.09,0.15
2848,5,1,95.87,0.1
2848,44,3,18.46,0.0
2848,18,2,673.88,0.1
2848,4,4,30.61,0.0
2848,14,2,74.09,0.15
2849,28,4,93.78,0.0
2849,11,3,362.9,0.0
2849,95,3,31.66,0.0
2849,115,1,22.31,0.0
2849,111,4,36.67,0.15
2850,103,4,101.9,0.2
2850,119,2,44.92,0.1
2850,31,2,527.26,0.0
2851,58,3,22.91,0.0
2851,30,1,18.03,0.1
2851,64,3,248.26,0.0
2851,75,4,350.21,0.0
2851,89,3,15.09,0.0
2852,95,4,31.66,0.0
2853,17,1,30.4,0.0
2853,46,1,1072.61,0.0
2853,107,1,257.39,0.0
2854,84,3,62.27,0.2
2854,35,1,273.54,0.0
2854,55,3,16.78,0.0
2855,35,2,273.54,0.0
2855,89,2,15.09,0.0
2856,80,4,21.1,0.0
2857,58,4,22.91,0.0
2857,100,3,30.75,0.0
2857,26,2,36.15,0.0
2857,63,2,19.91,0.0
2858,114,3,14.07,0.0
2858,31,3,527.26,0.1
2858,15,1,50.98,0.1
2858,56,2,180.17,0.1
2858,4,1,30.61,0.0
2859,24,3,20.63,0.0
2859,26,1,36.15,0.0
2859,5,1,95.87,0.1
2859,70,2,28.81,0.1
2859,61,1,37.44,0.0
2860,52,2,15.79,0.0
2860,79,3,73.8,0.0
2860,32,1,37.01,0.0
2860,96,3,13.59,0.0
2861,85,3,22.44,0.0
2862,4,1,30.61,0.15
2862,107,2,257.39,0.0
2862,66,1,405.53,0.0
2863,105,3,45.11,0.0
2863,106,1,46.75,0.0
2863,56,4,180.17,0.0
2864,69,4,149.0,0.2
2864,10,1,121.49,0.2
2865,32,1,37.01,0.0
2865,4,3,30.61,0.0
2865,79,2,73.8,0.0
2866,63,2,19.91,0.0
2866,115,3,22.31,0.0
2867,6,3,79.0,0.15
2867,48,4,128.2,0.0
2867,99,1,38.04,0.0
2867,37,1,921.79,0.0
2868,20,2,17.08,0.0
2868,117,3,15.26,0.1
2868,36,3,76.85,0.0
2869,47,1,25.63,0.0
2869,102,4,104.68,0.0
2869,120,4,87.36,0.0
2869,89,3,15.09,0.0
2870,83,3,34.02,0.0
2871,47,3,25.63,0.2
2871,26,1,36.15,0.0
2872,29,1,102.09,0.0
2872,64,3,248.26,0.0
2872,54,2,27.62,0.0
2872,117,1,15.26,0.0
2873,27,1,86.91,0.0
2873,77,1,15.68,0.0
2873,51,1,37.61,0.0
2873,53,1,108.15,0.0
2873,98,2,979.01,0.2
2874,101,3,29.93,0.2
2874,60,1,91.68,0.15
2875,30,3,18.03,0.0
2875,58,3,22.91,0.0
2875,59,1,90.35,0.0
2875,24,3,20.63,0.0
2875,28,1,93.78,0.0
2876,101,3,29.93,0.0
2876,67,3,38.0,0.0
2876,81,2,31.68,0.1
2877,105,3,45.11,0.0
2877,48,1,128.2,0.1
2877,91,3,128.38,0.0
2877,52,4,15.79,0.0
2877,38,3,37.51,0.0
2878,14,2,74.09,0.0
2878,71,2,114.05,0.0
2879,59,4,90.35,0.0
2879,19,3,207.39,0.0
2879,60,1,91.68,0.0
2879,93,2,68.0,0.0
2880,78,2,137.74,0.0
2880,55,1,16.78,0.1
2881,93,4,68.0,0.0
2881,44,1,18.46,0.0
2882,20,3,17.08,0.0
2882,45,4,28.82,0.0
2882,9,4,35.83,0.0
2882,3,3,210.73,0.0
2883,119,3,44.92,0.0
2883,53,4,108.15,0.0
2884,117,3,15.26,0.0
2884,75,1,350.21,0.1
2884,112,4,10.05,0.0
2884,49,1,23.55,0.0
2885,35,2,273.54,0.0
2886,53,3,108.15,0.0
2887,113,4,570.95,0.15
2888,6,3,79.0,0.0
2888,112,3,10.05,0.0
2889,44,1,18.46,0.0
2889,12,3,61.23,0.0
2889,41,4,61.94,0.0
2889,85,1,22.44,0.15
2889,27,4,86.91,0.0
2890,111,2,36.67,0.0
2890,87,1,400.13,0.1
2890,109,4,24.7,0.0
2890,40,1,72.98,0.0
2890,5,4,95.87,0.0
2891,119,1,44.92,0.0
2891,113,1,570.95,0.0
2891,112,1,10.05,0.2
2891,115,3,22.31,0.0
2892,118,1,369.42,0.0
2892,31,4,527.26,0.0
2892,100,3,30.75,0.0
2893,40,4,72.98,0.15
2893,108,2,27.5,0.0
2893,104,1,291.82,0.0
2894,81,2,31.68,0.0
2894,99,2,38.04,0.2
2894,11,4,362.9,0.0
2895,108,3,27.5,0.1
2895,76,3,10.64,0.0
2895,14,1,74.09,0.0
2896,40,4,72.98,0.0
2896,119,4,44.92,0.1
2896,25,3,11.98,0.15
2896,43,1,23.13,0.0
2897,27,1,86.91,0.1
2897,112,3,10.05,0.0
2897,100,2,30.75,0.0
2897,105,3,45.11,0.0
2897,1,3,74.48,0.0
2898,103,1,101.9,0.0
2898,44,1,18.46,0.15
2898,57,4,260.52,0.1
2898,33,3,19.5,0.0
2898,25,2,11.98,0.0
2899,88,2,13.67,0.0
2900,103,3,101.9,0.0
2900,58,1,22.91,0.0
2901,51,4,37.61,0.0
2901,92,2,66.97,0.0
2901,70,3,28.81,0.0
2902,7,1,23.82,0.0
2902,38,1,37.51,0.15
2903,23,4,25.86,0.2
2903,103,3,101.9,0.0
2904,58,3,22.91,0.1
2904,103,3,101.9,0.0
2904,78,2,137.74,0.2
2904,66,2,405.53,0.0
2905,101,4,29.93,0.0
2906,119,2,44.92,0.0
2906,42,2,13.33,0.0
2906,38,2,37.51,0.0
2906,68,3,34.7,0.0
2907,17,3,30.4,0.0
2907,67,3,38.0,0.0
2907,34,4,95.61,0.0
2907,5,1,95.87,0.0
2908,22,1,133.91,0.0
2909,89,3,15.09,0.0
2909,20,1,17.08,0.0
2910,40,4,72.98,0.0
2910,30,2,18.03,0.1
2910,32,3,37.01,0.0
2911,107,3,257.39,0.0
2912,92,3,66.97,0.0
2912,57,1,260.52,0.0
2913,91,4,128.38,0.0
2913,66,1,405.53,0.1
2913,88,1,13.67,0.0
2913,64,3,248.26,0.2
2913,61,4,37.44,0.0
2914,64,4,248.26,0.1
2914,105,2,45.11,0.2
2914,67,3,38.0,0.0
2914,39,3,813.85,0.0
2914,76,1,10.64,0.1
2915,29,1,102.09,0.1
2915,18,4,673.88,0.0
2915,16,3,15.62,0.1
2915,69,3,149.0,0.2
2916,73,2,111.85,0.0
2917,100,2,30.75,0.0
2917,79,4,73.8,0.0
2917,12,3,61.23,0.0
2918,48,2,128.2,0.0
2918,18,4,673.88,0.1
2918,103,2,101.9,0.2
2918,9,1,35.83,0.0
2918,80,1,21.1,0.0
2919,34,2,95.61,0.0
2919,10,3,121.49,0.0
2919,77,2,15.68,0.0
2920,54,2,27.62,0.0
2921,32,1,37.01,0.0
2921,6,2,79.0,0.0
2921,115,2,22.31,0.0
2922,38,2,37.51,0.0
2922,25,1,11.98,0.1
2922,66,2,405.53,0.2
2922,96,4,13.59,0.2
2923,84,2,62.27,0.0
2923,18,1,673.88,0.1
2923,93,3,68.0,0.0
2923,11,3,362.9,0.0
2923,113,1,570.95,0.0
2924,44,3,18.46,0.0
2924,117,4,15.26,0.0
2924,116,2,340.28,0.0
2924,8,3,274.79,0.0
2925,30,3,18.03,0.0
2926,13,3,290.11,0.2
2926,93,4,68.0,0.0
2927,69,4,149.0,0.0
2927,105,4,45.11,0.0
2927,1,2,74.48,0.0
2927,71,2,114.05,0.0
2928,54,4,27.62,0.0
2929,63,1,19.91,0.0
2929,54,2,27.62,0.0
2930,75,2,350.21,0.0
2930,85,3,22.44,0.15
2930,11,4,362.9,0.0
2931,40,2,72.98,0.0
2932,102,4,104.68,0.0
2932,68,2,34.7,0.0
2932,85,4,22.44,0.0
2932,47,3,25.63,0.0
2933,110,1,59.35,0.0
2933,37,3,921.79,0.0
2934,19,3,207.39,0.15
2934,23,4,25.86,0.0
2934,89,4,15.09,0.0
2934,104,2,291.82,0.0
2935,56,1,180.17,0.0
2935,33,3,19.5,0.0
2935,72,3,27.53,0.0
2935,113,4,570.95,0.0
2935,110,4,59.35,0.0
2936,101,4,29.93,0.15
2936,83,4,34.02,0.0
2936,71,2,114.05,0.0
2936,95,1,31.66,0.0
2936,62,2,151.53,0.1
2937,67,2,38.0,0.0
2937,29,2,102.09,0.0
2937,97,3,15.51,0.0
2937,42,4,13.33,0.0
2937,96,4,13.59,0.0
2938,64,2,248.26,0.2
2938,46,3,1072.61,0.0
2939,33,4,19.5,0.0
2940,53,1,108.15,0.0
2940,3,2,210.73,0.0
2940,111,1,36.67,0.0
2941,39,2,813.85,0.1
2942,67,1,38.0,0.0
2942,106,3,46.75,0.0
2942,113,1,570.95,0.0
2942,77,1,15.68,0.0
2942,69,3,149.0,0.0
2943,113,1,570.95,0.0
2943,6,2,79.0,0.0
2943,84,1,62.27,0.0
2943,92,3,66.97,0.0
2944,83,2,34.02,0.0
2945,89,2,15.09,0.15
2946,105,3,45.11,0.0
2947,37,2,921.79,0.0
2947,57,2,260.52,0.0
2947,35,4,273.54,0.0
2948,61,3,37.44,0.0
2948,39,1,813.85,0.0
2948,6,3,79.0,0.0
2948,59,1,90.35,0.0
2948,64,4,248.26,0.1
2949,61,4,37.44,0.0
2949,33,1,19.5,0.0
2949,79,1,73.8,0.15
2949,9,4,35.83,0.0
2950,100,3,30.75,0.0
2950,94,3,8.62,0.0
2950,12,4,61.23,0.0
2950,1,3,74.48,0.0
2951,21,3,82.02,0.0
2951,115,1,22.31,0.0
2951,45,3,28.82,0.0
2951,91,1,128.38,0.1
2952,32,3,37.01,0.1
2952,5,3,95.87,0.0
2952,67,3,38.0,0.0
2953,94,3,8.62,0.0
2954,73,2,111.85,0.0
2954,45,4,28.82,0.0
2955,1,2,74.48,0.0
2955,106,3,46.75,0.15
2955,26,2,36.15,0.0
2956,24,2,20.63,0.0
2957,47,3,25.63,0.0
2957,86,2,230.89,0.0
2957,116,2,340.28,0.2
2958,82,2,55.45,0.0
2958,42,4,13.33,0.0
2959,81,4,31.68,0.0
2959,59,1,90.35,0.0
2959,36,2,76.85,0.0
2959,31,1,527.26,0.0
2959,105,2,45.11,0.0
2960,42,3,13.33,0.0
2960,3,2,210.73,0.0
2960,80,1,21.1,0.15
2960,61,3,37.44,0.0
2960,105,2,45.11,0.15
2961,30,4,18.03,0.1
2961,107,3,257.39,0.0
2961,60,2,91.68,0.0
2962,96,2,13.59,0.0
2963,1,1,74.48,0.0
2963,85,3,22.44,0.0
2964,28,3,93.78,0.0
2964,43,3,23.13,0.0
2964,97,2,15.51,0.0
2964,81,1,31.68,0.0
2964,93,3,68.0,0.1
2965,19,2,207.39,0.0
2965,116,4,340.28,0.0
2965,44,3,18.46,0.1
2965,72,3,27.53,0.1
2965,59,4,90.35,0.0
2966,52,2,15.79,0.0
2966,53,3,108.15,0.0
2966,57,4,260.52,0.0
2966,90,2,109.37,0.0
2966,76,2,10.64,0.1
2967,99,3,38.04,0.0
2967,53,1,108.15,0.0
2967,40,4,72.98,0.0
2968,43,3,23.13,0.0
2969,67,4,38.0,0.0
2970,27,3,86.91,0.0
2971,73,2,111.85,0.0
2971,94,3,8.62,0.0
2971,50,1,36.36,0.0
2972,46,1,1072.61,0.15
2972,113,3,570.95,0.0
2973,20,4,17.08,0.0
2973,2,1,26.52,0.1
2973,108,2,27.5,0.1
2974,72,2,27.53,0.0
2974,78,3,137.74,0.0
2974,61,4,37.44,0.0
2974,44,1,18.46,0.0
2975,61,2,37.44,0.1
2975,92,2,66.97,0.2
2976,63,4,19.91,0.0
2976,41,2,61.94,0.15
2977,83,2,34.02,0.0
2977,41,1,61.94,0.0
2978,30,2,18.03,0.0
2978,60,2,91.68,0.0
2978,73,3,111.85,0.2
2978,97,2,15.51,0.0
2979,15,2,50.98,0.1
2979,46,3,1072.61,0.0
2979,62,3,151.53,0.0
2979,21,2,82.02,0.2
2980,100,1,30.75,0.0
2980,74,4,36.95,0.0
2980,113,1,570.95,0.0
2980,19,1,207.39,0.0
2980,119,2,44.92,0.0
2981,18,3,673.88,0.0
2981,19,3,207.39,0.15
2981,39,2,813.85,0.0
2981,13,2,290.11,0.1
2981,91,1,128.38,0.0
2982,31,4,527.26,0.0
2982,71,4,114.05,0.0
2983,26,2,36.15,0.0
2984,30,3,18.03,0.15
2984,70,2,28.81,0.0
2984,27,4,86.91,0.0
2985,96,3,13.59,0.0
2985,39,3,813.85,0.0
2985,24,3,20.63,0.0
2985,82,2,55.45,0.0
2985,33,3,19.5,0.0
2986,27,1,86.91,0.0
2986,98,3,979.01,0.0
2986,71,4,114.05,0.0
2986,87,4,400.13,0.2
2986,23,3,25.86,0.15
2987,3,4,210.73,0.0
2987,76,4,10.64,0.0
2987,32,4,37.01,0.0
2987,91,2,128.38,0.0
2988,111,3,36.67,0.0
2989,73,3,111.85,0.0
2989,46,2,1072.61,0.15
2989,40,2,72.98,0.0
2989,75,3,350.21,0.0
2990,98,1,979.01,0.0
2990,64,3,248.26,0.0
2991,59,4,90.35,0.0
2992,55,1,16.78,0.0
2993,82,4,55.45,0.0
2993,83,2,34.02,0.1
2993,118,4,369.42,0.0
2993,27,4,86.91,0.0
2994,108,2,27.5,0.0
2994,81,1,31.68,0.15
2994,27,1,86.91,0.0
2994,38,4,37.51,0.0
2994,44,3,18.46,0.0
2995,105,1,45.11,0.0
2996,20,1,17.08,0.0
2996,98,3,979.01,0.0
2996,14,4,74.09,0.0
2996,84,4,62.27,0.15
2997,111,4,36.67,0.0
2997,118,3,369.42,0.0
2997,77,3,15.68,0.0
2997,43,3,23.13,0.0
2998,32,3,37.01,0.0
2998,82,1,55.45,0.0
2998,70,4,28.81,0.0
2999,80,1,21.1,0.0
3000,50,3,36.36,0.15
3000,10,1,121.49,0.1
3001,87,3,400.13,0.1
3001,34,1,95.61,0.1
3001,3,1,210.73,0.0
3001,46,2,1072.61,0.0
3002,23,4,25.86,0.0
3003,94,3,8.62,0.0
3003,110,1,59.35,0.0
3003,8,2,274.79,0.15
3004,4,3,30.61,0.1
3005,15,3,50.98,0.0
3005,56,3,180.17,0.2
3005,115,1,22.31,0.1
3005,63,2,19.91,0.0
3006,6,1,79.0,0.0
3006,60,2,91.68,0.2
3006,107,3,257.39,0.1
3006,78,4,137.74,0.0
3007,95,4,31.66,0.0
3008,110,4,59.35,0.0
3008,93,1,68.0,0.0
3009,12,2,61.23,0.2
3009,45,2,28.82,0.0
3009,91,1,128.38,0.0
3010,13,4,290.11,0.0
3010,19,2,207.39,0.0
3011,48,2,128.2,0.0
3011,93,2,68.0,0.0
3011,87,4,400.13,0.0
3012,6,4,79.0,0.0
3012,36,1,76.85,0.0
3013,92,1,66.97,0.15
3014,73,2,111.85,0.2
3014,34,3,95.61,0.0
3014,80,1,21.1,0.0
3015,92,3,66.97,0.0
3015,43,1,23.13,0.0
3015,11,3,362.9,0.0
3015,110,3,59.35,0.0
3015,76,2,10.64,0.0
3016,66,1,405.53,0.1
3016,8,2,274.79,0.0
3016,111,4,36.67,0.0
3017,73,4,111.85,0.1
3017,82,3,55.45,0.0
3017,52,3,15.79,0.0
3017,79,2,73.8,0.1
3017,107,1,257.39,0.0
3018,23,2,25.86,0.0
3018,62,2,151.53,0.1
3018,65,3,759.55,0.0
3018,30,2,18.03,0.1
3018,119,3,44.92,0.0
3019,111,1,36.67,0.0
3019,36,3,76.85,0.2
3019,102,1,104.68,0.15
3019,56,3,180.17,0.0
3020,102,1,104.68,0.0
3021,18,1,673.88,0.0
3021,47,3,25.63,0.0
3021,44,3,18.46,0.0
3022,113,1,570.95,0.15
3022,1,3,74.48,0.15
3023,44,1,18.46,0.0
3023,99,4,38.04,0.0
3023,111,1,36.67,0.0
3023,19,3,207.39,0.15
3023,14,2,74.09,0.0
3024,15,1,50.98,0.0
3024,13,4,290.11,0.2
3024,66,2,405.53,0.0
3025,49,3,23.55,0.15
3025,24,2,20.63,0.0
3026,42,4,13.33,0.0
3026,58,1,22.91,0.1
3026,2,4,26.52,0.0
3026,39,3,813.85,0.0
3026,112,4,10.05,0.0
3027,34,2,95.61,0.0
3027,77,4,15.68,0.15
3027,9,2,35.83,0.2
3028,20,4,17.08,0.1
3028,108,1,27.5,0.15
3029,21,1,82.02,0.0
3029,78,1,137.74,0.1
3029,60,2,91.68,0.0
3029,82,4,55.45,0.0
3030,64,1,248.26,0.0
3030,3,4,210.73,0.1
3030,59,1,90.35,0.1
3031,47,1,25.63,0.15
3031,82,2,55.45,0.0
3031,93,3,68.0,0.0
3031,118,4,369.42,0.0
3032,17,3,30.4,0.0
3032,8,4,274.79,0.0
3032,12,1,61.23,0.0
3032,49,2,23.55,0.0
3033,102,2,104.68,0.0
3033,18,1,673.88,0.0
3033,10,4,121.49,0.1
3033,96,3,13.59,0.15
3034,55,3,16.78,0.0
3034,5,4,95.87,0.0
3034,106,2,46.75,0.0
3035,47,1,25.63,0.0
3035,12,4,61.23,0.0
3035,91,4,128.38,0.0
3035,102,2,104.68,0.0
3035,4,1,30.61,0.0
3036,48,3,128.2,0.0
3036,59,2,90.35,0.0
3037,82,3,55.45,0.15
3037,100,1,30.75,0.0
3037,90,3,109.37,0.0
3038,2,3,26.52,0.0
3038,28,4,93.78,0.0
3039,41,4,61.94,0.0
3039,86,2,230.89,0.0
3039,21,1,82.02,0.0
3039,1,3,74.48,0.0
3039,119,1,44.92,0.0
3040,18,3,673.88,0.15
3040,65,3,759.55,0.0
3040,14,4,74.09,0.0
3040,56,3,180.17,0.0
3040,83,2,34.02,0.0
3041,104,3,291.82,0.0
3041,43,4,23.13,0.0
3042,17,3,30.4,0.1
3042,102,3,104.68,0.15
3043,85,2,22.44,0.0
3043,62,3,151.53,0.0
3043,110,4,59.35,0.0
3043,87,1,400.13,0.0
3043,75,2,350.21,0.0
3044,58,4,22.91,0.0
3044,114,3,14.07,0.0
3044,94,2,8.62,0.0
3044,12,3,61.23,0.0
3045,79,1,73.8,0.0
3046,113,1,570.95,0.0
3046,76,3,10.64,0.2
3047,29,3,102.09,0.0
3048,77,1,15.68,0.0
3048,81,3,31.68,0.1
3048,115,1,22.31,0.0
3048,58,3,22.91,0.0
3048,62,1,151.53,0.0
3049,5,4,95.87,0.0
3049,77,2,15.68,0.0
3050,112,1,10.05,0.0
3051,96,1,13.59,0.0
3051,115,4,22.31,0.0
3051,71,1,114.05,0.1
3052,7,4,23.82,0.0
3052,81,4,31.68,0.0
3052,90,1,109.37,0.0
3052,67,3,38.0,0.1
3053,30,4,18.03,0.0
3053,15,2,50.98,0.0
3053,1,2,74.48,0.1
3053,65,1,759.55,0.0
3053,94,1,8.62,0.0
3054,119,1,44.92,0.0
3054,72,4,27.53,0.0
3054,15,4,50.98,0.2
3054,36,1,76.85,0.0
3055,5,2,95.87,0.0
3055,37,4,921.79,0.0
3055,88,2,13.67,0.0
3055,120,3,87.36,0.0
3056,5,1,95.87,0.0
3057,4,1,30.61,0.15
3057,86,1,230.89,0.0
3057,3,1,210.73,0.1
3058,87,3,400.13,0.0
3058,33,1,19.5,0.1
3058,102,1,104.68,0.0
3059,115,4,22.31,0.0
3059,88,2,13.67,0.0
3059,85,3,22.44,0.0
3059,114,4,14.07,0.0
3059,65,3,759.55,0.0
3060,96,3,13.59,0.0
3060,28,2,93.78,0.0
3060,50,2,36.36,0.0
3061,109,3,24.7,0.0
3061,22,4,133.91,0.0
3062,82,2,55.45,0.0
3062,101,1,29.93,0.0
3062,67,1,38.0,0.15
3063,53,4,108.15,0.0
3063,43,4,23.13,0.0
3063,117,3,15.26,0.0
3063,10,1,121.49,0.0
3063,103,2,101.9,0.0
3064,22,4,133.91,0.1
3065,80,1,21.1,0.1
3065,5,4,95.87,0.0
3065,101,2,29.93,0.15
3065,52,3,15.79,0.0
3065,90,1,109.37,0.0
3066,30,1,18.03,0.0
3066,86,1,230.89,0.0
3066,116,3,340.28,0.0
3066,110,1,59.35,0.0
3066,36,3,76.85,0.1
3067,59,1,90.35,0.0
3067,68,1,34.7,0.0
3067,88,1,13.67,0.1
3068,104,2,291.82,0.0
3068,95,2,31.66,0.0
3069,96,2,13.59,0.0
3069,29,4,102.09,0.0
3070,98,1,979.01,0.0
3070,88,2,13.67,0.15
3070,33,2,19.5,0.1
3070,34,1,95.61,0.0
3070,18,3,673.88,0.0
3071,108,1,27.5,0.0
3071,100,1,30.75,0.0
3071,10,3,121.49,0.0
3071,96,2,13.59,0.0
3071,95,3,31.66,0.0
3072,78,4,137.74,0.0
3072,103,4,101.9,0.0
3072,96,3,13.59,0.1
3073,47,1,25.63,0.0
3073,22,3,133.91,0.0
3074,12,2,61.23,0.0
3074,63,4,19.91,0.0
3074,8,3,274.79,0.0
3074,7,4,23.82,0.2
3074,75,3,350.21,0.0
3075,90,4,109.37,0.0
3075,72,4,27.53,0.0
3075,79,2,73.8,0.0
3076,9,1,35.83,0.0
3077,36,1,76.85,0.0
3077,43,1,23.13,0.0
3078,26,2,36.15,0.0
3078,63,1,19.91,0.1
3078,57,1,260.52,0.0
3079,117,2,15.26,0.0
3079,24,1,20.63,0.1
3079,29,4,102.09,0.1
3079,83,4,34.02,0.0
3080,119,1,44.92,0.0
3080,35,2,273.54,0.0
3080,61,2,37.44,0.0
3080,79,4,73.8,0.0
3080,92,2,66.97,0.0
3081,103,3,101.9,0.0
3081,107,3,257.39,0.0
3081,99,4,38.04,0.0
3081,91,2,128.38,0.1
3082,10,4,121.49,0.0
3082,20,4,17.08,0.0
3082,3,4,210.73,0.0
3082,61,4,37.44,0.0
3082,32,2,37.01,0.0
3083,27,1,86.91,0.0
3083,107,1,257.39,0.0
3083,51,1,37.61,0.0
3083,45,4,28.82,0.0
3084,2,2,26.52,0.0
3085,113,2,570.95,0.1
3085,24,3,20.63,0.0
3085,44,4,18.46,0.0
3086,114,1,14.07,0.0
3086,89,3,15.09,0.0
3086,87,1,400.13,0.0
3086,53,2,108.15,0.0
3087,87,2,400.13,0.0
3088,68,2,34.7,0.15
3088,21,1,82.02,0.0
3088,70,2,28.81,0.1
3089,46,2,1072.61,0.0
3089,108,3,27.5,0.0
3089,14,4,74.09,0.0
3090,61,3,37.44,0.15
3090,116,2,340.28,0.0
3090,91,4,128.38,0.0
3090,89,4,15.09,0.15
3091,99,1,38.04,0.0
3092,32,1,37.01,0.0
3093,83,2,34.02,0.0
3094,87,4,400.13,0.1
3094,22,3,133.91,0.15
3094,84,3,62.27,0.0
3095,120,4,87.36,0.0
3095,112,3,10.05,0.0
3095,65,4,759.55,0.0
3095,113,2,570.95,0.15
3095,87,3,400.13,0.0
3096,54,4,27.62,0.0
3096,87,1,400.13,0.0
3096,104,4,291.82,0.0
3097,81,2,31.68,0.0
3097,118,3,369.42,0.0
3097,57,3,260.52,0.0
3097,29,3,102.09,0.0
3098,54,3,27.62,0.0
3098,25,3,11.98,0.0
3098,59,1,90.35,0.0
3099,1,2,74.48,0.0
3099,72,3,27.53,0.0
3100,100,4,30.75,0.0
3100,76,2,10.64,0.0
3100,107,2,257.39,0.0
3100,62,4,151.53,0.0
3100,120,4,87.36,0.0
3101,42,1,13.33,0.0
3101,30,2,18.03,0.2
3102,79,2,73.8,0.1
3102,105,3,45.11,0.1
3103,91,1,128.38,0.0
3103,46,1,1072.61,0.0
3103,55,3,16.78,0.0
3103,40,2,72.98,0.0
3103,69,4,149.0,0.0
3104,31,2,527.26,0.1
3105,101,1,29.93,0.0
3106,47,1,25.63,0.2
3106,1,2,74.48,0.0
3106,4,3,30.61,0.0
3106,40,3,72.98,0.0
3106,67,2,38.0,0.0
3107,66,1,405.53,0.15
3107,85,3,22.44,0.0
3108,103,3,101.9,0.0
3108,65,1,759.55,0.0
3108,75,1,350.21,0.0
3108,76,4,10.64,0.0
3108,42,2,13.33,0.0
3109,1,1,74.48,0.0
3109,85,2,22.44,0.1
3109,41,1,61.94,0.0
3109,75,2,350.21,0.0
3110,104,3,291.82,0.0
3110,49,4,23.55,0.0
3111,60,1,91.68,0.0
3111,69,1,149.0,0.0
3111,92,2,66.97,0.0
3112,111,2,36.67,0.1
3112,12,4,61.23,0.0
3112,107,3,257.39,0.15
3113,119,1,44.92,0.0
3113,54,3,27.62,0.0
3113,46,4,1072.61,0.0
3113,109,1,24.7,0.0
3113,95,3,31.66,0.0
3114,39,1,813.85,0.0
3114,4,4,30.61,0.0
3115,49,1,23.55,0.0
3116,9,4,35.83,0.0
3116,29,1,102.09,0.0
3116,42,2,13.33,0.0
3117,37,1,921.79,0.0
3117,112,2,10.05,0.0
3117,47,4,25.63,0.0
3117,84,2,62.27,0.0
3117,5,2,95.87,0.0
3118,13,4,290.11,0.0
3118,34,4,95.61,0.0
3118,40,1,72.98,0.0
3118,76,3,10.64,0.0
3119,15,2,50.98,0.0
3119,79,4,73.8,0.0
3119,21,2,82.02,0.0
3119,30,3,18.03,0.1
3119,77,1,15.68,0.0
3120,102,4,104.68,0.0
3120,7,3,23.82,0.0
3120,95,3,31.66,0.0
3121,118,4,369.42,0.2
3121,95,4,31.66,0.0
3122,10,1,121.49,0.0
3122,27,1,86.91,0.0
3122,70,2,28.81,0.0
3122,87,2,400.13,0.0
3123,75,2,350.21,0.0
3123,64,4,248.26,0.0
3123,109,3,24.7,0.0
3123,51,2,37.61,0.1
3123,27,2,86.91,0.0
3124,115,1,22.31,0.0
3124,82,3,55.45,0.2
3125,65,1,759.55,0.0
3125,2,1,26.52,0.0
3125,43,3,23.13,0.1
3125,47,1,25.63,0.0
3126,6,2,79.0,0.0
3126,83,3,34.02,0.15
3127,35,1,273.54,0.0
3128,115,1,22.31,0.0
3128,27,2,86.91,0.0
3129,48,4,128.2,0.0
3130,36,1,76.85,0.0
3130,97,3,15.51,0.0
3130,91,3,128.38,0.1
3130,52,2,15.79,0.0
3130,83,3,34.02,0.0
3131,59,4,90.35,0.0
3131,102,4,104.68,0.1
3132,60,2,91.68,0.0
3132,1,2,74.48,0.0
3132,22,4,133.91,0.0
3132,4,4,30.61,0.0
3133,92,2,66.97,0.0
3133,102,2,104.68,0.1
3133,48,4,128.2,0.0
3133,61,3,37.44,0.0
3133,76,2,10.64,0.15
3134,81,2,31.68,0.1
3134,68,3,34.7,0.0
3134,8,4,274.79,0.0
3134,96,3,13.59,0.15
3135,97,1,15.51,0.0
3135,84,2,62.27,0.0
3135,3,3,210.73,0.2
3136,71,2,114.05,0.0
3137,21,4,82.02,0.0
3137,10,2,121.49,0.0
3137,35,1,273.54,0.0
3137,39,2,813.85,0.0
3137,118,4,369.42,0.15
3138,34,2,95.61,0.0
3138,72,1,27.53,0.15
3139,63,4,19.91,0.0
3139,68,4,34.7,0.1
3139,110,2,59.35,0.0
3139,35,1,273.54,0.0
3140,22,1,133.91,0.0
3140,119,1,44.92,0.0
3140,76,2,10.64,0.0
3141,96,1,13.59,0.0
3141,29,3,102.09,0.0
3141,54,2,27.62,0.0
3141,4,4,30.61,0.0
3141,13,4,290.11,0.0
3142,103,3,101.9,0.0
3143,32,2,37.01,0.0
3143,5,4,95.87,0.15
3144,57,3,260.52,0.0
3144,42,1,13.33,0.0
3144,47,2,25.63,0.0
3145,92,3,66.97,0.0
3145,87,1,400.13,0.0
3145,103,4,101.9,0.0
3146,62,4,151.53,0.1
3146,80,2,21.1,0.0
3147,97,1,15.51,0.0
3147,72,3,27.53,0.0
3147,53,4,108.15,0.0
3148,94,3,8.62,0.1
3148,24,1,20.63,0.1
3149,49,1,23.55,0.0
3149,72,2,27.53,0.0
3149,84,1,62.27,0.2
3149,58,4,22.91,0.2
3149,107,4,257.39,0.1
3150,84,4,62.27,0.0
3150,2,2,26.52,0.0
3150,36,1,76.85,0.1
3150,27,2,86.91,0.0
3151,93,3,68.0,0.0
3151,84,2,62.27,0.0
3151,32,1,37.01,0.0
3151,11,2,362.9,0.0
3152,71,4,114.05,0.15
3152,85,4,22.44,0.0
3153,84,4,62.27,0.0
3153,105,4,45.11,0.15
3153,107,3,257.39,0.0
3153,67,3,38.0,0.0
3153,58,3,22.91,0.0
3154,28,4,93.78,0.0
3154,2,4,26.52,0.0
3154,16,2,15.62,0.0
3155,21,3,82.02,0.0
3156,114,3,14.07,0.0
3157,92,1,66.97,0.0
3158,111,1,36.67,0.0
3159,106,1,46.75,0.0
3159,63,1,19.91,0.0
3159,48,3,128.2,0.0
3159,99,4,38.04,0.0
3159,75,4,350.21,0.0
3160,48,2,128.2,0.0
3161,120,2,87.36,0.0
3161,10,2,121.49,0.0
3161,25,2,11.98,0.0
3161,37,1,921.79,0.0
3162,40,3,72.98,0.0
3163,102,1,104.68,0.0
3164,31,4,527.26,0.0
3164,106,3,46.75,0.0
3165,43,1,23.13,0.0
3165,4,2,30.61,0.0
3166,87,1,400.13,0.0
3166,19,3,207.39,0.0
3167,54,2,27.62,0.0
3167,32,1,37.01,0.0
3167,26,3,36.15,0.15
3167,86,2,230.89,0.0
3168,100,4,30.75,0.0
3168,113,2,570.95,0.1
3168,64,1,248.26,0.0
3169,42,1,13.33,0.0
3169,107,1,257.39,0.0
3169,59,2,90.35,0.0
3169,36,2,76.85,0.0
3169,69,4,149.0,0.0
3170,75,1,350.21,0.1
3170,16,4,15.62,0.0
3170,38,4,37.51,0.0
3170,118,4,369.42,0.0
3170,10,3,121.49,0.0
3171,29,1,102.09,0.0
3171,14,4,74.09,0.0
3172,115,2,22.31,0.0
3172,28,3,93.78,0.0
3172,113,2,570.95,0.0
3172,118,1,369.42,0.0
3172,24,3,20.63,0.0
3173,113,1,570.95,0.0
3173,81,2,31.68,0.0
3173,17,3,30.4,0.0
3174,6,3,79.0,0.0
3174,114,4,14.07,0.0
3174,113,2,570.95,0.0
3175,71,3,114.05,0.0
3175,109,3,24.7,0.0
3175,107,3,257.39,0.0
3176,29,3,102.09,0.15
3176,2,4,26.52,0.0
3176,116,2,340.28,0.0
3176,47,2,25.63,0.0
3177,111,1,36.67,0.0
3177,103,4,101.9,0.0
3178,93,4,68.0,0.1
3178,25,1,11.98,0.0
3179,27,1,86.91,0.0
3179,66,4,405.53,0.1
3179,99,1,38.04,0.0
3180,62,2,151.53,0.0
3180,94,1,8.62,0.0
3180,118,1,369.42,0.0
3181,48,3,128.2,0.0
3181,70,4,28.81,0.0
3181,53,2,108.15,0.0
3181,36,4,76.85,0.15
3182,9,4,35.83,0.0
3183,59,3,90.35,0.0
3184,76,3,10.64,0.0
3185,44,4,18.46,0.0
3185,67,2,38.0,0.0
3185,108,1,27.5,0.2
3185,17,3,30.4,0.0
3186,71,2,114.05,0.1
3186,9,1,35.83,0.0
3186,105,4,45.11,0.15
3186,32,4,37.01,0.0
3186,34,2,95.61,0.0
3187,120,2,87.36,0.15
3187,96,3,13.59,0.0
3188,18,1,673.88,0.1
3188,95,1,31.66,0.0
3188,6,1,79.0,0.0
3188,20,1,17.08,0.0
3188,17,2,30.4,0.1
3189,111,2,36.67,0.0
3190,39,2,813.85,0.0
3190,57,4,260.52,0.0
3190,79,3,73.8,0.0
3190,31,3,527.26,0.0
3190,29,3,102.09,0.0
3191,61,3,37.44,0.0
3191,68,2,34.7,0.0
3191,80,2,21.1,0.0
3191,76,4,10.64,0.0
3192,120,4,87.36,0.0
3193,101,3,29.93,0.0
3193,96,2,13.59,0.0
3193,50,4,36.36,0.15
3194,46,1,1072.61,0.0
3194,56,4,180.17,0.0
3194,47,2,25.63,0.0
3195,14,4,74.09,0.0
3196,89,3,15.09,0.0
3196,86,4,230.89,0.15
3197,98,2,979.01,0.0
3197,65,1,759.55,0.1
3197,76,2,10.64,0.15
3197,111,3,36.67,0.0
3198,98,3,979.01,0.0
3199,6,4,79.0,0.0
3199,118,3,369.42,0.0
3199,23,4,25.86,0.0
3200,113,3,570.95,0.0
3200,7,1,23.82,0.0
3200,45,2,28.82,0.0
3200,43,2,23.13,0.0
3201,10,1,121.49,0.0
3201,29,4,102.09,0.15
3202,88,3,13.67,0.2
3202,26,3,36.15,0.0
3202,107,1,257.39,0.0
3202,99,1,38.04,0.0
3202,44,1,18.46,0.0
3203,107,3,257.39,0.0
3203,84,3,62.27,0.1
3203,78,4,137.74,0.2
3203,76,4,10.64,0.0
3203,109,2,24.7,0.0
3204,71,3,114.05,0.0
3204,23,2,25.86,0.1
3204,97,2,15.51,0.0
3204,74,3,36.95,0.0
3205,104,1,291.82,0.1
3205,53,3,108.15,0.0
3206,75,4,350.21,0.0
3206,26,3,36.15,0.0
3207,33,1,19.5,0.1
3207,102,3,104.68,0.0
3207,10,1,121.49,0.0
3208,36,3,76.85,0.0
3208,57,2,260.52,0.0
3209,59,3,90.35,0.0
3210,98,2,979.01,0.1
3211,8,4,274.79,0.2
3211,52,1,15.79,0.0
3211,100,4,30.75,0.0
3211,120,2,87.36,0.0
3212,112,4,10.05,0.0
3212,38,4,37.51,0.0
3212,51,4,37.61,0.0
3213,97,3,15.51,0.0
3213,53,2,108.15,0.0
3213,31,2,527.26,0.0
3214,84,2,62.27,0.0
3214,34,1,95.61,0.0
3214,117,1,15.26,0.0
3215,32,3,37.01,0.0
3215,75,3,350.21,0.0
3216,92,1,66.97,0.0
3216,28,1,93.78,0.0
3216,94,3,8.62,0.0
3217,112,2,10.05,0.0
3217,7,3,23.82,0.0
3217,79,1,73.8,0.0
3217,46,2,1072.61,0.1
3217,106,1,46.75,0.0
3218,116,2,340.28,0.0
3219,77,2,15.68,0.0
3219,110,4,59.35,0.0
3219,79,1,73.8,0.0
3219,91,1,128.38,0.0
3220,73,3,111.85,0.0
3220,20,3,17.08,0.0
3220,68,1,34.7,0.0
3220,120,4,87.36,0.0
3221,11,2,362.9,0.0
3221,95,3,31.66,0.0
3221,90,1,109.37,0.0
3221,7,3,23.82,0.0
3221,8,3,274.79,0.0
3222,92,1,66.97,0.0
3222,3,4,210.73,0.0
3222,89,1,15.09,0.0
3222,72,2,27.53,0.0
3222,63,4,19.91,0.0
3223,30,4,18.03,0.0
3223,79,4,73.8,0.0
3223,16,1,15.62,0.0
3223,4,3,30.61,0.0
3223,107,2,257.39,0.0
3224,104,2,291.82,0.0
3225,54,4,27.62,0.1
3225,34,3,95.61,0.0
3225,111,1,36.67,0.15
3226,31,3,527.26,0.0
3226,35,4,273.54,0.0
3226,29,4,102.09,0.1
3226,81,1,31.68,0.0
3227,108,3,27.5,0.0
3228,59,1,90.35,0.0
3228,53,1,108.15,0.0
3229,97,1,15.51,0.0
3229,116,4,340.28,0.0
3230,26,4,36.15,0.2
3231,71,3,114.05,0.0
3231,50,2,36.36,0.0
3231,10,3,121.49,0.0
3231,36,4,76.85,0.0
3232,83,3,34.02,0.0
3232,1,4,74.48,0.0
3232,97,2,15.51,0.0
3233,30,3,18.03,0.0
3233,8,4,274.79,0.0
3233,78,1,137.74,0.0
3233,85,1,22.44,0.0
3233,5,3,95.87,0.1
3234,89,1,15.09,0.0
3234,11,2,362.9,0.1
3234,59,1,90.35,0.0
3234,52,4,15.79,0.0
3235,42,1,13.33,0.0
3235,107,2,257.39,0.0
3235,25,1,11.98,0.0
3235,31,4,527.26,0.2
3235,40,1,72.98,0.2
3236,65,2,759.55,0.0
3237,70,4,28.81,0.0
3238,110,1,59.35,0.0
3238,34,3,95.61,0.0
3238,21,4,82.02,0.0
3239,34,3,95.61,0.0
3239,57,3,260.52,0.0
3239,52,4,15.79,0.1
3239,24,3,20.63,0.2
3239,111,4,36.67,0.0
3240,35,1,273.54,0.0
3240,50,3,36.36,0.1
3240,18,2,673.88,0.2
3241,69,3,149.0,0.0
3241,72,4,27.53,0.0
3241,11,2,362.9,0.0
3241,36,3,76.85,0.0
3241,10,3,121.49,0.0
3242,2,4,26.52,0.0
3242,59,2,90.35,0.0
3242,29,4,102.09,0.0
3242,102,2,104.68,0.0
3243,107,1,257.39,0.15
3244,110,4,59.35,0.0
3244,63,1,19.91,0.0
3245,104,2,291.82,0.15
3245,112,1,10.05,0.0
3246,65,1,759.55,0.0
3246,112,1,10.05,0.0
3246,34,4,95.61,0.0
3246,28,2,93.78,0.0
3246,2,4,26.52,0.0
3247,20,1,17.08,0.1
3247,90,4,109.37,0.0
3247,10,3,121.49,0.0
3247,92,2,66.97,0.0
3247,19,1,207.39,0.0
3248,31,2,527.26,0.0
3248,91,4,128.38,0.0
3248,36,2,76.85,0.0
3248,50,1,36.36,0.0
3249,32,1,37.01,0.0
3250,36,1,76.85,0.2
3250,46,4,1072.61,0.0
3250,45,4,28.82,0.0
3251,99,4,38.04,0.0
3251,9,4,35.83,0.0
3252,12,4,61.23,0.0
3252,60,3,91.68,0.0
3253,103,3,101.9,0.0
3253,112,3,10.05,0.0
3253,38,4,37.51,0.0
3253,108,3,27.5,0.0
3253,56,4,180.17,0.0
3254,6,1,79.0,0.1
3254,92,2,66.97,0.0
3254,94,1,8.62,0.0
3254,80,1,21.1,0.0
3255,110,1,59.35,0.0
3255,34,3,95.61,0.0
3255,63,2,19.91,0.0
3255,39,2,813.85,0.0
3256,14,3,74.09,0.2
3256,81,4,31.68,0.0
3256,110,1,59.35,0.0
3256,66,1,405.53,0.0
3257,33,4,19.5,0.0
3257,24,1,20.63,0.1
3257,41,3,61.94,0.0
3257,40,3,72.98,0.0
3257,101,2,29.93,0.0
3258,40,1,72.98,0.0
3258,84,1,62.27,0.0
3258,109,4,24.7,0.0
3258,90,3,109.37,0.0
3258,120,2,87.36,0.0
3259,78,2,137.74,0.0
3259,90,4,109.37,0.0
3259,51,1,37.61,0.0
3259,2,2,26.52,0.0
3260,110,2,59.35,0.0
3260,77,1,15.68,0.0
3261,103,2,101.9,0.0
3262,74,4,36.95,0.0
3262,86,1,230.89,0.0
3262,55,2,16.78,0.1
3263,46,3,1072.61,0.0
3263,2,2,26.52,0.0
3264,20,4,17.08,0.0
3264,61,3,37.44,0.0
3264,9,3,35.83,0.0
3264,76,4,10.64,0.0
3265,114,1,14.07,0.0
3265,18,2,673.88,0.0
3266,30,3,18.03,0.0
3266,15,2,50.98,0.0
3266,18,1,673.88,0.0
3267,70,1,28.81,0.15
3267,82,4,55.45,0.0
3267,53,2,108.15,0.0
3268,19,4,207.39,0.0
3268,36,4,76.85,0.0
3268,61,3,37.44,0.0
3268,49,2,23.55,0.0
3269,53,3,108.15,0.0
3270,73,3,111.85,0.0
3270,23,4,25.86,0.0
3270,8,1,274.79,0.2
3271,109,4,24.7,0.0
3271,90,1,109.37,0.0
3272,3,2,210.73,0.0
3272,19,1,207.39,0.0
3272,60,2,91.68,0.0
3273,80,4,21.1,0.0
3274,22,1,133.91,0.0
3274,21,1,82.02,0.0
3274,39,2,813.85,0.0
3274,28,1,93.78,0.0
3275,64,3,248.26,0.0
3276,96,3,13.59,0.0
3276,23,1,25.86,0.1
3276,80,1,21.1,0.2
3277,44,4,18.46,0.0
3277,104,3,291.82,0.2
3277,109,3,24.7,0.0
3278,109,2,24.7,0.0
3278,104,1,291.82,0.0
3278,87,3,400.13,0.0
3278,35,1,273.54,0.0
3279,19,1,207.39,0.1
3279,76,1,10.64,0.2
3279,80,3,21.1,0.0
3279,50,4,36.36,0.0
3279,36,4,76.85,0.0
3280,66,4,405.53,0.0
3280,44,2,18.46,0.0
3281,61,2,37.44,0.0
3281,3,2,210.73,0.1
3281,110,4,59.35,0.0
3281,46,4,1072.61,0.0
3282,60,3,91.68,0.15
3282,82,1,55.45,0.0
3282,96,3,13.59,0.2
3282,51,1,37.61,0.1
3282,57,1,260.52,0.15
3283,48,3,128.2,0.0
3283,47,4,25.63,0.1
3283,81,1,31.68,0.0
3284,88,2,13.67,0.0
3284,49,4,23.55,0.0
3284,81,2,31.68,0.2
3284,46,3,1072.61,0.0
3285,69,2,149.0,0.15
3286,46,3,1072.61,0.0
3287,21,1,82.02,0.0
3287,28,2,93.78,0.0
3288,9,3,35.83,0.0
3289,91,2,128.38,0.0
3289,103,4,101.9,0.0
3290,117,3,15.26,0.0
3291,88,3,13.67,0.0
3291,42,2,13.33,0.0
3291,72,1,27.53,0.0
3292,26,4,36.15,0.0
3292,2,1,26.52,0.0
3292,43,1,23.13,0.0
3293,50,3,36.36,0.0
3293,66,1,405.53,0.0
3293,81,4,31.68,0.0
3293,11,4,362.9,0.0
3294,19,3,207.39,0.0
3295,1,3,74.48,0.0
3295,19,4,207.39,0.0
3296,120,3,87.36,0.0
3297,99,3,38.04,0.0
3298,101,2,29.93,0.15
3298,65,4,759.55,0.0
3299,46,3,1072.61,0.0
3299,35,3,273.54,0.0
3300,32,2,37.01,0.1
3300,36,1,76.85,0.0
3300,24,1,20.63,0.0
3301,54,2,27.62,0.0
3301,57,4,260.52,0.15
3301,24,2,20.63,0.0
3301,103,4,101.9,0.15
3301,20,4,17.08,0.0
3302,59,3,90.35,0.1
3302,8,2,274.79,0.2
3302,109,3,24.7,0.0
3303,105,4,45.11,0.0
3303,98,4,979.01,0.0
3303,51,2,37.61,0.0
3303,77,2,15.68,0.0
3303,111,1,36.67,0.0
3304,44,2,18.46,0.0
3304,114,2,14.07,0.0
3304,40,4,72.98,0.0
3304,84,2,62.27,0.0
3304,110,4,59.35,0.0
3305,23,3,25.86,0.0
3305,92,3,66.97,0.0
3306,52,3,15.79,0.2
3307,34,3,95.61,0.0
3307,2,1,26.52,0.0
3307,46,4,1072.61,0.0
3307,113,1,570.95,0.0
3308,11,4,362.9,0.15
3309,38,1,37.51,0.0
3310,101,2,29.93,0.0
3310,45,4,28.82,0.1
3310,67,4,38.0,0.0
3310,107,2,257.39,0.0
3311,53,2,108.15,0.2
3311,108,3,27.5,0.0
3312,106,4,46.75,0.0
3312,39,3,813.85,0.0
3312,89,1,15.09,0.15
3313,59,1,90.35,0.0
3314,55,3,16.78,0.0
3315,62,4,151.53,0.0
3315,50,3,36.36,0.0
3315,43,2,23.13,0.0
3315,74,4,36.95,0.0
3316,89,4,15.09,0.0
3316,63,1,19.91,0.0
3316,68,4,34.7,0.0
3316,113,3,570.95,0.0
3316,76,4,10.64,0.0
3317,110,1,59.35,0.0
3317,46,1,1072.61,0.0
3317,76,1,10.64,0.0
3318,102,2,104.68,0.2
3318,56,1,180.17,0.0
3318,120,1,87.36,0.1
3318,49,4,23.55,0.0
3318,35,2,273.54,0.0
3319,49,2,23.55,0.0
3319,32,3,37.01,0.0
3319,4,3,30.61,0.1
3319,119,3,44.92,0.0
3320,63,3,19.91,0.1
3320,25,4,11.98,0.0
3321,13,4,290.11,0.0
3321,33,4,19.5,0.0
3321,27,3,86.91,0.2
3321,81,2,31.68,0.1
3322,71,2,114.05,0.2
3323,50,1,36.36,0.0
3323,41,3,61.94,0.1
3323,48,3,128.2,0.0
3324,6,3,79.0,0.0
3324,41,3,61.94,0.0
3325,6,4,79.0,0.0
3325,16,2,15.62,0.0
3326,54,3,27.62,0.0
3326,55,3,16.78,0.0
3326,79,4,73.8,0.0
3327,72,1,27.53,0.0
3327,59,3,90.35,0.0
3327,112,3,10.05,0.0
3328,62,4,151.53,0.1
3328,117,3,15.26,0.0
3329,102,4,104.68,0.0
3329,81,3,31.68,0.0
3329,99,3,38.04,0.0
3329,19,3,207.39,0.0
3330,72,1,27.53,0.0
3331,97,2,15.51,0.0
3331,119,4,44.92,0.15
3332,25,4,11.98,0.0
3332,114,3,14.07,0.1
3332,108,4,27.5,0.0
3332,118,4,369.42,0.0
3332,50,3,36.36,0.0
3333,88,4,13.67,0.0
3333,60,3,91.68,0.0
3333,20,1,17.08,0.0
3333,83,2,34.02,0.0
3333,109,2,24.7,0.1
3334,92,4,66.97,0.0
3334,40,2,72.98,0.0
3334,78,3,137.74,0.0
3335,67,3,38.0,0.15
3335,22,4,133.91,0.0
3335,112,3,10.05,0.0
3335,40,1,72.98,0.2
3335,95,4,31.66,0.0
3336,15,3,50.98,0.0
3336,47,3,25.63,0.0
3336,53,3,108.15,0.1
3337,5,2,95.87,0.2
3337,49,2,23.55,0.1
3337,91,4,128.38,0.0
3337,52,2,15.79,0.0
3338,55,4,16.78,0.0
3338,37,4,921.79,0.0
3338,82,2,55.45,0.0
3338,108,2,27.5,0.0
3338,89,3,15.09,0.0
3339,114,1,14.07,0.0
3340,44,3,18.46,0.0
3341,48,3,128.2,0.0
3341,103,3,101.9,0.0
3341,61,1,37.44,0.0
3341,43,3,23.13,0.0
3341,55,4,16.78,0.0
3342,20,1,17.08,0.0
3342,101,3,29.93,0.0
3342,51,1,37.61,0.0
3342,105,3,45.11,0.0
3343,7,1,23.82,0.1
3343,120,2,87.36,0.0
3343,100,3,30.75,0.0
3343,111,3,36.67,0.0
3344,23,1,25.86,0.1
3344,56,3,180.17,0.0
3344,118,2,369.42,0.0
3344,95,1,31.66,0.0
3344,40,2,72.98,0.0
3345,79,1,73.8,0.0
3345,62,3,151.53,0.0
3345,108,4,27.5,0.0
3346,60,3,91.68,0.0
3346,49,4,23.55,0.0
3346,96,1,13.59,0.1
3346,12,1,61.23,0.2
3347,55,2,16.78,0.0
3347,105,1,45.11,0.0
3347,59,3,90.35,0.0
3347,29,3,102.09,0.0
3347,81,3,31.68,0.0
3348,43,4,23.13,0.0
3348,113,3,570.95,0.0
3348,11,4,362.9,0.0
3348,86,1,230.89,0.0
3349,116,2,340.28,0.1
3350,85,1,22.44,0.1
3351,113,2,570.95,0.0
3352,43,4,23.13,0.0
3352,119,2,44.92,0.0
3352,27,4,86.91,0.0
3352,14,1,74.09,0.0
3353,101,4,29.93,0.0
3354,5,4,95.87,0.0
3354,100,2,30.75,0.0
3354,8,1,274.79,0.0
3354,35,1,273.54,0.0
3354,116,1,340.28,0.2
3355,34,3,95.61,0.0
3355,59,2,90.35,0.1
3355,15,3,50.98,0.0
3356,25,2,11.98,0.0
3356,32,1,37.01,0.0
3357,4,2,30.61,0.0
3357,91,4,128.38,0.0
3357,75,2,350.21,0.0
3357,33,3,19.5,0.0
3358,117,2,15.26,0.0
3358,81,2,31.68,0.0
3359,43,1,23.13,0.2
3359,45,3,28.82,0.0
3359,22,4,133.91,0.1
3360,35,4,273.54,0.2
3360,98,1,979.01,0.0
3360,23,3,25.86,0.0
3361,77,3,15.68,0.15
3361,79,4,73.8,0.0
3362,116,2,340.28,0.15
3362,55,3,16.78,0.0
3363,78,4,137.74,0.0
3363,88,4,13.67,0.0
3364,9,4,35.83,0.0
3364,118,2,369.42,0.0
3365,85,4,22.44,0.0
3365,23,3,25.86,0.1
3365,115,2,22.31,0.0
3365,16,3,15.62,0.1
3366,28,3,93.78,0.2
3366,59,1,90.35,0.0
3366,86,2,230.89,0.0
3366,11,4,362.9,0.0
3366,44,3,18.46,0.0
3367,83,2,34.02,0.0
3367,79,1,73.8,0.0
3368,98,2,979.01,0.0
3368,79,3,73.8,0.0
3368,58,1,22.91,0.0
3369,57,2,260.52,0.1
3369,59,3,90.35,0.0
3370,67,2,38.0,0.0
3371,28,1,93.78,0.0
3371,109,4,24.7,0.0
3371,27,2,86.91,0.0
3371,56,2,180.17,0.0
3372,95,2,31.66,0.0
3372,28,1,93.78,0.0
3373,18,3,673.88,0.0
3373,54,3,27.62,0.1
3373,38,3,37.51,0.0
3373,117,3,15.26,0.0
3374,75,4,350.21,0.0
3374,18,3,673.88,0.0
3374,65,3,759.55,0.15
3374,13,4,290.11,0.0
3374,71,2,114.05,0.0
3375,77,1,15.68,0.2
3375,93,3,68.0,0.0
3375,63,1,19.91,0.1
3376,39,1,813.85,0.15
3376,15,3,50.98,0.1
3376,60,2,91.68,0.0
3376,115,3,22.31,0.0
3377,1,2,74.48,0.0
3377,37,1,921.79,0.0
3377,99,2,38.04,0.2
3378,63,2,19.91,0.0
3379,69,2,149.0,0.0
3379,118,2,369.42,0.0
3379,33,2,19.5,0.0
3379,10,1,121.49,0.0
3380,25,1,11.98,0.0
3380,53,1,108.15,0.0
3380,90,4,109.37,0.2
3381,10,3,121.49,0.1
3381,72,2,27.53,0.0
3381,47,3,25.63,0.0
3381,6,4,79.0,0.0
3381,73,3,111.85,0.0
3382,56,1,180.17,0.15
3383,27,4,86.91,0.0
3383,39,2,813.85,0.0
3383,60,4,91.68,0.0
3383,47,1,25.63,0.0
3384,79,2,73.8,0.0
3384,76,3,10.64,0.0
3384,103,4,101.9,0.0
3385,100,2,30.75,0.0
3385,40,3,72.98,0.0
3385,65,2,759.55,0.0
3385,61,1,37.44,0.0
3385,67,2,38.0,0.0
3386,31,2,527.26,0.0
3386,59,3,90.35,0.1
3386,95,2,31.66,0.0
3386,62,1,151.53,0.15
3386,119,3,44.92,0.0
3387,10,4,121.49,0.0
3387,51,3,37.61,0.2
3387,118,2,369.42,0.0
3387,25,3,11.98,0.0
3387,71,3,114.05,0.0
3388,117,1,15.26,0.2
3388,75,4,350.21,0.0
3389,46,3,1072.61,0.0
3389,7,1,23.82,0.0
3389,82,4,55.45,0.0
3390,100,2,30.75,0.1
3390,31,2,527.26,0.0
3390,79,3,73.8,0.0
3390,65,1,759.55,0.0
3390,41,1,61.94,0.0
3391,21,2,82.02,0.0
3392,114,1,14.07,0.15
3393,64,2,248.26,0.0
3393,18,4,673.88,0.0
3393,58,4,22.91,0.0
3393,92,4,66.97,0.0
3394,58,3,22.91,0.15
3394,65,4,759.55,0.0
3395,43,1,23.13,0.0
3395,14,4,74.09,0.15
3395,112,1,10.05,0.0
3395,6,1,79.0,0.0
3396,67,3,38.0,0.0
3396,28,3,93.78,0.0
3397,98,1,979.01,0.0
3398,115,2,22.31,0.0
3399,28,3,93.78,0.0
3399,78,3,137.74,0.0
3399,68,2,34.7,0.15
3400,38,3,37.51,0.0
3400,81,2,31.68,0.0
3401,120,1,87.36,0.0
3402,39,1,813.85,0.1
3403,18,1,673.88,0.0
3403,101,3,29.93,0.0
3403,15,4,50.98,0.0
3403,106,4,46.75,0.0
3403,13,4,290.11,0.0
3404,65,3,759.55,0.0
3405,52,1,15.79,0.0
3406,32,1,37.01,0.0
3407,69,3,149.0,0.0
3407,9,1,35.83,0.0
3408,43,2,23.13,0.0
3408,113,4,570.95,0.0
3408,92,3,66.97,0.0
3408,11,3,362.9,0.0
3409,91,2,128.38,0.0
3409,54,2,27.62,0.1
3409,93,2,68.0,0.0
3410,93,4,68.0,0.0
3411,87,1,400.13,0.0
3411,77,2,15.68,0.2
3411,17,4,30.4,0.0
3412,44,3,18.46,0.0
3412,16,1,15.62,0.2
3412,34,3,95.61,0.0
3412,27,1,86.91,0.0
3412,104,3,291.82,0.0
3413,69,4,149.0,0.0
3413,114,1,14.07,0.0
3413,45,1,28.82,0.0
3413,87,2,400.13,0.0
3414,91,3,128.38,0.0
3414,24,2,20.63,0.0
3414,33,1,19.5,0.1
3415,85,2,22.44,0.15
3415,60,4,91.68,0.0
3415,26,3,36.15,0.0
3416,113,4,570.95,0.0
3416,117,4,15.26,0.0
3417,63,2,19.91,0.0
3417,43,4,23.13,0.0
3417,10,2,121.49,0.0
3417,93,1,68.0,0.0
3418,1,3,74.48,0.0
3418,38,4,37.51,0.0
3419,54,1,27.62,0.0
3419,47,3,25.63,0.0
3419,42,2,13.33,0.2
3419,26,4,36.15,0.0
3420,31,4,527.26,0.0
3420,20,3,17.08,0.0
3420,90,2,109.37,0.0
3421,118,3,369.42,0.0
3421,76,3,10.64,0.0
3421,35,2,273.54,0.0
3421,113,4,570.95,0.0
3421,48,3,128.2,0.15
3422,118,2,369.42,0.0
3422,3,1,210.73,0.0
3422,116,1,340.28,0.0
3423,60,1,91.68,0.0
3423,91,3,128.38,0.0
3423,113,1,570.95,0.0
3423,39,2,813.85,0.15
3424,47,3,25.63,0.0
3425,31,4,527.26,0.0
3425,49,3,23.55,0.0
3426,92,1,66.97,0.0
3426,97,2,15.51,0.0
3427,9,3,35.83,0.0
3427,110,4,59.35,0.0
3427,114,1,14.07,0.0
3428,6,4,79.0,0.0
3428,20,2,17.08,0.0
3428,116,1,340.28,0.0
3428,75,4,350.21,0.0
3429,101,1,29.93,0.2
3429,102,2,104.68,0.0
3429,54,1,27.62,0.0
3429,76,3,10.64,0.0
3429,30,3,18.03,0.0
3430,110,4,59.35,0.0
3430,88,4,13.67,0.0
3430,66,2,405.53,0.0
3431,50,2,36.36,0.0
3431,46,2,1072.61,0.0
3432,23,4,25.86,0.0
3433,3,3,210.73,0.0
3433,116,3,340.28,0.0
3433,74,3,36.95,0.0
3433,83,4,34.02,0.15
3434,76,2,10.64,0.0
3434,62,1,151.53,0.0
3434,71,4,114.05,0.0
3434,74,3,36.95,0.0
3435,114,3,14.07,0.0
3435,66,1,405.53,0.0
3435,74,4,36.95,0.15
3435,20,3,17.08,0.1
3436,116,4,340.28,0.0
3436,65,3,759.55,0.0
3436,28,4,93.78,0.0
3436,58,2,22.91,0.0
3436,67,1,38.0,0.0
3437,74,1,36.95,0.0
3438,111,3,36.67,0.0
3438,32,3,37.01,0.15
3438,34,1,95.61,0.0
3438,88,4,13.67,0.0
3439,42,4,13.33,0.0
3440,81,2,31.68,0.0
3440,78,1,137.74,0.0
3440,25,2,11.98,0.1
3440,50,2,36.36,0.0
3440,118,3,369.42,0.0
3441,102,4,104.68,0.0
3442,94,4,8.62,0.0
3442,68,1,34.7,0.0
3442,109,3,24.7,0.0
3442,89,3,15.09,0.0
3442,116,2,340.28,0.15
3443,30,2,18.03,0.15
3443,74,1,36.95,0.0
3443,99,2,38.04,0.0
3444,95,4,31.66,0.0
3444,81,1,31.68,0.0
3444,77,1,15.68,0.0
3444,74,4,36.95,0.0
3444,42,3,13.33,0.0
3445,13,3,290.11,0.0
3446,73,3,111.85,0.0
3447,68,1,34.7,0.2
3447,97,1,15.51,0.15
3447,82,1,55.45,0.0
3447,61,2,37.44,0.1
3448,100,3,30.75,0.0
3448,78,4,137.74,0.0
3448,69,2,149.0,0.0
3448,27,3,86.91,0.0
3448,114,4,14.07,0.0
3449,117,1,15.26,0.0
3449,87,2,400.13,0.0
3449,57,4,260.52,0.0
3449,73,2,111.85,0.0
3449,99,3,38.04,0.1
3450,71,1,114.05,0.0
3450,112,3,10.05,0.0
3450,116,3,340.28,0.0
3450,25,2,11.98,0.0
3450,96,1,13.59,0.0
3451,24,4,20.63,0.2
3451,73,4,111.85,0.0
3451,69,2,149.0,0.0
3451,11,4,362.9,0.1
3452,94,1,8.62,0.0
3452,70,4,28.81,0.0
3452,6,4,79.0,0.0
3453,94,3,8.62,0.0
3453,71,1,114.05,0.0
3454,28,4,93.78,0.0
3455,49,3,23.55,0.0
3455,12,4,61.23,0.0
3456,93,2,68.0,0.1
3456,32,3,37.01,0.0
3456,79,3,73.8,0.0
3456,4,4,30.61,0.0
3457,5,2,95.87,0.0
3458,54,4,27.62,0.0
3458,72,1,27.53,0.0
3459,73,1,111.85,0.0
3459,77,1,15.68,0.0
3459,81,3,31.68,0.0
3459,112,2,10.05,0.0
3460,107,4,257.39,0.0
3460,85,3,22.44,0.0
3460,35,1,273.54,0.0
3460,33,1,19.5,0.0
3461,75,1,350.21,0.0
3462,109,1,24.7,0.2
3462,66,2,405.53,0.0
3462,50,2,36.36,0.1
3462,28,4,93.78,0.0
3463,33,2,19.5,0.0
3463,89,3,15.09,0.0
3463,74,2,36.95,0.1
3464,34,4,95.61,0.0
3464,1,3,74.48,0.0
3464,92,3,66.97,0.0
3465,31,3,527.26,0.0
3465,55,1,16.78,0.1
3465,79,2,73.8,0.0
3465,11,1,362.9,0.15
3466,43,4,23.13,0.0
3466,93,2,68.0,0.0
3466,28,4,93.78,0.0
3467,50,4,36.36,0.0
3467,69,1,149.0,0.0
3468,111,2,36.67,0.0
3468,23,2,25.86,0.0
3468,80,1,21.1,0.0
3468,119,2,44.92,0.1
3469,93,4,68.0,0.0
3470,98,3,979.01,0.0
3470,88,4,13.67,0.0
3471,91,2,128.38,0.0
3471,44,2,18.46,0.0
3472,30,1,18.03,0.1
3472,20,3,17.08,0.0
3472,10,4,121.49,0.15
3473,70,1,28.81,0.0
3473,54,2,27.62,0.2
3473,106,2,46.75,0.0
3473,7,2,23.82,0.0
3473,2,4,26.52,0.1
3474,20,2,17.08,0.0
3474,75,4,350.21,0.0
3474,47,4,25.63,0.0
3474,7,3,23.82,0.0
3475,102,4,104.68,0.0
3475,91,4,128.38,0.0
3475,87,4,400.13,0.0
3475,23,1,25.86,0.0
3475,79,1,73.8,0.0
3476,74,1,36.95,0.0
3476,28,1,93.78,0.15
3476,89,4,15.09,0.0
3476,118,3,369.42,0.0
3477,60,2,91.68,0.0
3477,85,2,22.44,0.0
3477,56,2,180.17,0.0
3477,71,1,114.05,0.0
3477,116,2,340.28,0.0
3478,43,1,23.13,0.0
3479,12,4,61.23,0.0
3479,103,2,101.9,0.0
3479,19,1,207.39,0.0
3480,102,2,104.68,0.0
3480,105,4,45.11,0.0
3480,30,1,18.03,0.15
3481,76,1,10.64,0.0
3481,29,1,102.09,0.0
3482,11,1,362.9,0.0
3482,57,1,260.52,0.0
3482,73,1,111.85,0.0
3482,10,1,121.49,0.15
3482,53,3,108.15,0.0
3483,3,4,210.73,0.0
3484,109,1,24.7,0.0
3484,61,3,37.44,0.0
3484,79,3,73.8,0.1
3485,48,1,128.2,0.2
3485,9,3,35.83,0.0
3485,13,4,290.11,0.0
3486,19,4,207.39,0.0
3486,46,1,1072.61,0.0
3486,45,4,28.82,0.0
3486,31,4,527.26,0.0
3487,1,3,74.48,0.0
3487,8,1,274.79,0.0
3487,96,4,13.59,0.0
3487,116,1,340.28,0.0
3488,57,3,260.52,0.2
3489,59,1,90.35,0.0
3489,58,3,22.91,0.0
3489,97,2,15.51,0.0
3489,9,3,35.83,0.0
3489,23,2,25.86,0.0
3490,24,3,20.63,0.15
3490,8,4,274.79,0.1
3490,107,2,257.39,0.15
3490,32,2,37.01,0.0
3490,70,2,28.81,0.0
3491,12,3,61.23,0.0
3492,3,3,210.73,0.0
3492,20,2,17.08,0.1
3492,21,3,82.02,0.0
3492,19,2,207.39,0.0
3493,94,3,8.62,0.0
3494,110,3,59.35,0.0
3494,28,4,93.78,0.0
3494,27,1,86.91,0.0
3494,83,4,34.02,0.15
3495,22,1,133.91,0.1
3496,90,4,109.37,0.0
3496,56,2,180.17,0.1
3497,25,1,11.98,0.0
3497,110,1,59.35,0.1
3498,42,3,13.33,0.0
3498,104,3,291.82,0.1
3498,23,4,25.86,0.0
3498,89,2,15.09,0.15
3498,79,1,73.8,0.0
3499,84,4,62.27,0.0
3499,41,1,61.94,0.2
3499,43,4,23.13,0.0
3500,56,2,180.17,0.1
3500,88,1,13.67,0.0
3501,20,4,17.08,0.0
3501,6,4,79.0,0.0
3501,72,3,27.53,0.0
3502,61,3,37.44,0.0
3502,29,3,102.09,0.0
3503,116,1,340.28,0.0
3504,24,1,20.63,0.0
3505,32,3,37.01,0.0
3505,58,2,22.91,0.0
3506,107,4,257.39,0.0
3507,46,2,1072.61,0.0
3508,64,2,248.26,0.0
3508,36,3,76.85,0.0
3509,102,2,104.68,0.0
3509,75,1,350.21,0.0
3509,120,2,87.36,0.2
3510,115,3,22.31,0.0
3510,15,4,50.98,0.0
3511,36,3,76.85,0.0
3511,79,3,73.8,0.0
3512,63,4,19.91,0.0
3512,41,2,61.94,0.0
3512,58,4,22.91,0.0
3513,27,3,86.91,0.1
3513,84,2,62.27,0.0
3513,81,2,31.68,0.0
3513,38,2,37.51,0.0
3514,7,1,23.82,0.0
3514,117,3,15.26,0.0
3514,37,2,921.79,0.0
3515,117,4,15.26,0.0
3515,34,3,95.61,0.15
3515,77,3,15.68,0.0
3515,114,2,14.07,0.0
3516,103,1,101.9,0.15
3516,105,1,45.11,0.0
3516,92,2,66.97,0.0
3516,115,4,22.31,0.2
3516,9,3,35.83,0.0
3517,43,3,23.13,0.0
3517,117,1,15.26,0.2
3518,79,3,73.8,0.0
3518,15,3,50.98,0.0
3518,13,3,290.11,0.0
3518,37,2,921.79,0.0
3518,30,1,18.03,0.0
3519,42,3,13.33,0.1
3519,78,3,137.74,0.0
3519,109,4,24.7,0.0
3520,42,2,13.33,0.0
3521,76,2,10.64,0.0
3521,111,3,36.67,0.15
3521,45,2,28.82,0.0
3521,43,1,23.13,0.0
3522,51,4,37.61,0.0
3522,71,2,114.05,0.0
3522,106,3,46.75,0.1
3523,97,4,15.51,0.0
3523,35,4,273.54,0.0
3523,12,3,61.23,0.0
3523,110,3,59.35,0.0
3523,65,4,759.55,0.0
3524,86,1,230.89,0.0
3524,50,2,36.36,0.15
3525,47,4,25.63,0.0
3525,115,4,22.31,0.0
3525,15,3,50.98,0.0
3525,32,4,37.01,0.0
3525,2,1,26.52,0.0
3526,100,2,30.75,0.2
3526,98,4,979.01,0.0
3527,96,4,13.59,0.0
3527,28,1,93.78,0.0
3527,69,1,149.0,0.0
3527,78,1,137.74,0.0
3528,33,3,19.5,0.1
3528,105,3,45.11,0.0
3529,88,1,13.67,0.0
3529,27,1,86.91,0.0
3529,97,1,15.51,0.0
3530,27,4,86.91,0.1
3531,93,2,68.0,0.0
3532,30,1,18.03,0.0
3533,103,1,101.9,0.0
3534,59,2,90.35,0.0
3534,69,2,149.0,0.1
3534,75,4,350.21,0.0
3534,56,2,180.17,0.15
3535,27,4,86.91,0.0
3536,83,2,34.02,0.0
3536,24,3,20.63,0.0
3536,46,3,1072.61,0.0
3536,71,4,114.05,0.0
3536,88,3,13.67,0.2
3537,117,4,15.26,0.1
3538,37,4,921.79,0.0
3538,86,1,230.89,0.2
3539,68,4,34.7,0.0
3540,99,2,38.04,0.0
3540,50,1,36.36,0.0
3540,74,1,36.95,0.0
3541,70,1,28.81,0.0
3541,32,2,37.01,0.0
3542,32,4,37.01,0.0
3542,108,4,27.5,0.0
3543,98,2,979.01,0.1
3543,2,4,26.52,0.0
3544,32,2,37.01,0.2
3545,108,2,27.5,0.0
3546,17,1,30.4,0.15
3546,7,1,23.82,0.0
3546,102,1,104.68,0.0
3546,56,4,180.17,0.1
3546,30,2,18.03,0.0
3547,51,2,37.61,0.0
3547,85,3,22.44,0.1
3548,64,3,248.26,0.0
3548,81,3,31.68,0.0
3548,56,1,180.17,0.1
3549,35,1,273.54,0.0
3550,17,3,30.4,0.0
3550,9,2,35.83,0.0
3551,94,4,8.62,0.0
3552,70,4,28.81,0.1
3552,17,4,30.4,0.0
3552,101,1,29.93,0.0
3552,36,3,76.85,0.0
3552,26,3,36.15,0.0
3553,81,4,31.68,0.1
3554,90,4,109.37,0.1
3554,97,3,15.51,0.0
3554,15,4,50.98,0.0
3554,112,2,10.05,0.0
3554,104,2,291.82,0.1
3555,53,1,108.15,0.0
3555,18,4,673.88,0.0
3555,27,2,86.91,0.15
3556,2,3,26.52,0.0
3557,19,1,207.39,0.0
3557,95,4,31.66,0.0
3558,73,1,111.85,0.0
3558,29,3,102.09,0.0
3558,110,1,59.35,0.0
3559,31,3,527.26,0.0
3559,28,3,93.78,0.1
3560,11,2,362.9,0.0
3560,52,1,15.79,0.0
3560,1,1,74.48,0.0
3561,27,1,86.91,0.1
3561,104,2,291.82,0.0
3561,62,2,151.53,0.0
3562,64,1,248.26,0.0
3562,58,2,22.91,0.0
3562,116,2,340.28,0.0
3562,60,3,91.68,0.2
3562,3,2,210.73,0.0
3563,14,3,74.09,0.0
3563,108,4,27.5,0.0
3564,103,4,101.9,0.0
3564,6,1,79.0,0.1
3565,54,3,27.62,0.1
3565,111,1,36.67,0.0
3565,45,1,28.82,0.0
3565,60,4,91.68,0.0
3566,11,4,362.9,0.0
3566,106,4,46.75,0.0
3566,100,3,30.75,0.0
3567,84,3,62.27,0.0
3567,79,4,73.8,0.0
3567,2,3,26.52,0.0
3567,108,2,27.5,0.0
3567,1,2,74.48,0.0
3568,94,2,8.62,0.0
3568,20,3,17.08,0.0
3568,51,4,37.61,0.0
3569,23,3,25.86,0.2
3569,120,1,87.36,0.0
3569,39,1,813.85,0.1
3569,89,2,15.09,0.0
3570,45,4,28.82,0.0
3570,11,1,362.9,0.0
3570,27,2,86.91,0.0
3570,39,2,813.85,0.0
3571,75,3,350.21,0.0
3571,24,4,20.63,0.0
3571,49,1,23.55,0.0
3572,76,2,10.64,0.0
3572,48,1,128.2,0.0
3572,19,3,207.39,0.0
3572,66,1,405.53,0.0
3573,28,1,93.78,0.2
3573,60,2,91.68,0.0
3573,27,3,86.91,0.0
3574,1,2,74.48,0.0
3574,40,1,72.98,0.15
3574,90,2,109.37,0.0
3574,91,4,128.38,0.0
3574,32,2,37.01,0.0
3575,78,4,137.74,0.1
3575,77,3,15.68,0.0
3575,18,4,673.88,0.0
3576,47,2,25.63,0.0
3576,50,1,36.36,0.0
3576,76,4,10.64,0.0
3577,36,4,76.85,0.0
3577,70,1,28.81,0.15
3577,58,3,22.91,0.0
3577,33,2,19.5,0.0
3578,59,3,90.35,0.0
3579,41,2,61.94,0.15
3579,7,1,23.82,0.0
3579,57,3,260.52,0.0
3579,70,4,28.81,0.0
3579,59,2,90.35,0.0
3580,5,2,95.87,0.0
3581,22,1,133.91,0.1
3581,79,4,73.8,0.0
3581,115,1,22.31,0.0
3581,30,3,18.03,0.0
3581,27,3,86.91,0.1
3582,98,2,979.01,0.0
3583,49,4,23.55,0.0
3583,5,3,95.87,0.2
3584,20,3,17.08,0.0
3584,16,2,15.62,0.0
3584,84,4,62.27,0.0
3585,2,2,26.52,0.1
3586,114,3,14.07,0.0
3586,90,4,109.37,0.0
3586,58,4,22.91,0.0
3587,26,2,36.15,0.0
3588,93,4,68.0,0.1
3588,120,2,87.36,0.0
3589,64,3,248.26,0.0
3589,68,3,34.7,0.0
3589,28,2,93.78,0.0
3590,2,3,26.52,0.0
3590,112,4,10.05,0.15
3590,73,4,111.85,0.0
3591,19,3,207.39,0.0
3592,53,3,108.15,0.0
3592,98,4,979.01,0.0
3592,7,1,23.82,0.0
3592,65,1,759.55,0.0
3592,43,4,23.13,0.0
3593,101,3,29.93,0.0
3593,19,2,207.39,0.0
3593,58,2,22.91,0.1
3593,11,2,362.9,0.0
3594,68,1,34.7,0.0
3595,62,2,151.53,0.0
3596,94,1,8.62,0.15
3596,4,1,30.61,0.0
3596,1,3,74.48,0.0
3596,35,1,273.54,0.1
3596,42,4,13.33,0.0
3597,81,2,31.68,0.0
3597,35,4,273.54,0.0
3597,107,4,257.39,0.0
3597,115,3,22.31,0.0
3598,90,3,109.37,0.0
3598,46,3,1072.61,0.0
3598,64,2,248.26,0.0
3598,55,1,16.78,0.0
3599,96,2,13.59,0.2
3599,41,1,61.94,0.0
3600,39,2,813.85,0.0
3600,25,1,11.98,0.0
3600,55,4,16.78,0.0
3600,31,1,527.26,0.1
3601,118,4,369.42,0.0
3601,5,4,95.87,0.0
3601,12,1,61.23,0.1
3601,75,1,350.21,0.0
3602,104,1,291.82,0.0
3603,4,2,30.61,0.0
3603,12,2,61.23,0.0
3603,94,2,8.62,0.0
3604,84,3,62.27,0.0
3605,111,3,36.67,0.0
3605,84,2,62.27,0.0
3606,5,4,95.87,0.0
3606,32,4,37.01,0.0
3607,103,4,101.9,0.0
3607,73,2,111.85,0.0
3608,35,1,273.54,0.1
3608,62,4,151.53,0.0
3609,16,3,15.62,0.0
3609,63,1,19.91,0.0
3609,43,2,23.13,0.0
3609,51,3,37.61,0.0
3609,111,4,36.67,0.0
3610,2,4,26.52,0.0
3610,81,4,31.68,0.0
3610,112,1,10.05,0.0
3610,90,4,109.37,0.0
3611,29,4,102.09,0.0
3611,51,1,37.61,0.1
3612,87,4,400.13,0.1
3612,37,2,921.79,0.0
3612,55,2,16.78,0.15
3612,85,2,22.44,0.0
3612,66,1,405.53,0.0
3613,69,1,149.0,0.0
3613,103,1,101.9,0.0
3613,20,2,17.08,0.0
3614,116,3,340.28,0.0
3615,86,4,230.89,0.0
3616,12,4,61.23,0.0
3616,63,4,19.91,0.15
3617,44,3,18.46,0.15
3617,81,2,31.68,0.0
3617,36,1,76.85,0.0
3617,79,3,73.8,0.1
3617,117,4,15.26,0.0
3618,51,3,37.61,0.0
3618,75,4,350.21,0.2
3618,20,3,17.08,0.0
3618,13,2,290.11,0.1
3619,2,4,26.52,0.0
3620,79,2,73.8,0.0
3620,56,2,180.17,0.0
3620,8,1,274.79,0.0
3620,54,4,27.62,0.0
3621,119,2,44.92,0.0
3621,120,3,87.36,0.0
3621,107,2,257.39,0.0
3622,114,2,14.07,0.0
3622,22,3,133.91,0.0
3623,77,3,15.68,0.0
3623,79,4,73.8,0.0
3624,24,1,20.63,0.15
3624,23,3,25.86,0.1
3625,104,2,291.82,0.0
3625,52,4,15.79,0.0
3626,90,4,109.37,0.0
3626,65,3,759.55,0.0
3626,44,4,18.46,0.0
3627,87,1,400.13,0.0
3628,70,1,28.81,0.0
3628,2,2,26.52,0.0
3629,65,1,759.55,0.0
3629,108,1,27.5,0.1
3629,96,3,13.59,0.15
3629,81,1,31.68,0.0
3629,36,2,76.85,0.0
3630,66,4,405.53,0.0
3630,92,3,66.97,0.0
3630,60,4,91.68,0.0
3630,114,3,14.07,0.1
3631,94,2,8.62,0.0
3631,17,3,30.4,0.15
3631,69,3,149.0,0.0
3631,80,1,21.1,0.0
3631,44,2,18.46,0.0
3632,48,1,128.2,0.0
3632,26,1,36.15,0.0
3632,113,1,570.95,0.0
3632,63,1,19.91,0.0
3632,39,2,813.85,0.0
3633,78,4,137.74,0.0
3633,82,2,55.45,0.0
3633,118,4,369.42,0.0
3633,99,2,38.04,0.0
3633,15,2,50.98,0.1
3634,54,2,27.62,0.15
3634,44,1,18.46,0.0
3634,70,3,28.81,0.15
3635,74,2,36.95,0.15
3635,65,1,759.55,0.1
3635,29,4,102.09,0.0
3635,97,3,15.51,0.0
3635,33,2,19.5,0.15
3636,65,3,759.55,0.0
3637,29,3,102.09,0.0
3637,85,1,22.44,0.15
3637,15,2,50.98,0.1
3638,74,1,36.95,0.0
3638,92,2,66.97,0.0
3638,103,4,101.9,0.0
3638,107,2,257.39,0.15
3639,65,3,759.55,0.0
3639,97,1,15.51,0.1
3639,80,4,21.1,0.0
3639,21,1,82.02,0.0
3640,32,1,37.01,0.1
3641,42,1,13.33,0.0
3641,94,4,8.62,0.15
3641,51,3,37.61,0.0
3642,85,3,22.44,0.0
3643,25,3,11.98,0.1
3643,70,3,28.81,0.0
3643,27,1,86.91,0.0
3643,113,4,570.95,0.0
3643,78,4,137.74,0.0
3644,59,4,90.35,0.0
3644,108,3,27.5,0.0
3645,44,1,18.46,0.0
3645,67,3,38.0,0.1
3645,81,3,31.68,0.1
3645,16,2,15.62,0.0
3646,31,3,527.26,0.0
3646,42,2,13.33,0.0
3647,95,4,31.66,0.0
3647,106,2,46.75,0.0
3647,64,4,248.26,0.0
3648,35,1,273.54,0.0
3648,111,3,36.67,0.0
3648,94,2,8.62,0.0
3648,120,3,87.36,0.1
3649,27,2,86.91,0.15
3649,71,3,114.05,0.0
3649,108,4,27.5,0.2
3649,57,2,260.52,0.0
3649,35,4,273.54,0.0
3650,80,4,21.1,0.15
3650,107,3,257.39,0.0
3651,69,3,149.0,0.0
3651,14,3,74.09,0.0
3651,86,2,230.89,0.1
