customer_id,first_name,last_name,email,country,signup_date
1,John,Taylor,john.taylor1@example.com,United States,2023-04-06
2,Yuki,Taylor,yuki.taylor2@example.com,Germany,2024-05-14
3,Yuki,Miller,yuki.miller3@example.com,Germany,2023-09-20
4,Marie,Lee,marie.lee4@example.com,  United States  ,2024-12-28
5,Yuki,Moore,yuki.moore5@example.com,United States,2023-03-29
6,James,Taylor,james.taylor6@example.com,  United States  ,2024-04-19
7,William,Williams,,  France  ,2024-04-02
8,Olivia,Wilson,olivia.wilson8@example.com,United States,2023-01-16
9,William,Smith,william.smith9@example.com,United States,2024-11-03
10,Mary,Dubois,mary.dubois10@example.com,Japan,2024-02-06
11,Michael,Johnson,michael.johnson11@example.com,United States,2023-06-20
12,Elizabeth,Jones,elizabeth.jones12@example.com,Canada,2024-02-05
13,John,Johnson,john.johnson13@example.com,United States,2024-08-30
14,Marie,Brown,marie.brown14@example.com,Canada,2023-10-04
15,David,Dubois,david.dubois15@example.com,Canada,2024-06-07
16,Olivia,Chen,olivia.chen16@example.com,Germany,2024-04-03
17,Michael,Davis,michael.davis17@example.com,United States,2024-04-07
18,Mary,Dubois,mary.dubois18@example.com,United States,2024-10-24
19,William,Wilson,,United States,2024-07-02
20,William,Williams,william.williams20@example.com,United States,2024-10-29
21,Marie,Miller,marie.miller21@example.com,UNITED STATES,2023-08-09
22,Barbara,Brown,barbara.brown22@example.com,United States,2024-12-28
23,David,Mueller,david.mueller23@example.com,Germany,2024-08-28
24,Elizabeth,Wilson,elizabeth.wilson24@example.com,Australia,2024-07-20
25,Elizabeth,Johnson,elizabeth.johnson25@example.com,  United States  ,2024-09-01
26,Wei,Davis,wei.davis26@example.com,United States,2023-05-06
27,Marie,Davis,marie.davis27@example.com,Germany,2024-10-24
28,Hans,Davis,hans.davis28@example.com,United Kingdom,2024-10-26
29,James,Johnson,james.johnson29@example.com,United States,2023-08-17
30,Barbara,Johnson,barbara.johnson30@example.com,  United Kingdom  ,2023-07-20
31,Liam,Mueller,liam.mueller31@example.com,Germany,2024-11-10
32,Robert,Moore,robert.moore32@example.com,United States,2024-01-26
33,Linda,Moore,linda.moore33@example.com,United States,2024-12-28
34,Wei,Johnson,wei.johnson34@example.com,United States,2023-02-03
35,Patricia,Lee,patricia.lee35@example.com,Germany,2023-06-03
36,Michael,Brown,michael.brown36@example.com,United States,2023-05-04
37,Olivia,Jones,olivia.jones37@example.com,Australia,2023-03-14
38,James,Jones,james.jones38@example.com,United States,2023-08-14
39,Marie,Davis,marie.davis39@example.com,Japan,2024-03-25
40,Linda,Mueller,linda.mueller40@example.com,  Japan  ,2023-11-19
41,David,Johnson,david.johnson41@example.com,United Kingdom,2024-03-25
42,William,Brown,william.brown42@example.com,  United States  ,2024-02-04
43,Robert,Davis,robert.davis43@example.com,United States,2024-10-25
44,Marie,Mueller,marie.mueller44@example.com,UNITED STATES,2024-10-18
45,Jennifer,Williams,jennifer.williams45@example.com,Australia,2023-11-17
46,Robert,Tanaka,robert.tanaka46@example.com,France,2023-07-12
47,Robert,Taylor,robert.taylor47@example.com,United Kingdom,2024-03-21
48,Barbara,Garcia,barbara.garcia48@example.com,United States,2024-04-12
49,Hans,Garcia,hans.garcia49@example.com,Australia,2024-07-12
50,Robert,Smith,robert.smith50@example.com,United States,2024-09-04
51,Patricia,Jones,,United States,2023-05-25
52,Marie,Moore,marie.moore52@example.com,United States,2023-08-10
53,Wei,Lee,wei.lee53@example.com,United States,2024-07-22
54,Barbara,Miller,barbara.miller54@example.com,Germany,2024-07-12
55,Michael,Davis,michael.davis55@example.com,Germany,2024-04-05
56,Linda,Johnson,linda.johnson56@example.com,  Australia  ,2023-12-31
57,Olivia,Miller,olivia.miller57@example.com,Germany,2023-12-18
58,David,Taylor,david.taylor58@example.com,United Kingdom,2024-05-20
59,James,Lee,james.lee59@example.com,United States,2023-05-27
60,Mary,Davis,mary.davis60@example.com,United States,2023-12-18
61,John,Jones,john.jones61@example.com,Germany,2023-09-29
62,Liam,Jones,liam.jones62@example.com,United Kingdom,2024-01-01
63,Elizabeth,Dubois,elizabeth.dubois63@example.com,United States,2023-05-08
64,Robert,Taylor,robert.taylor64@example.com,United States,2024-08-06
65,John,Moore,john.moore65@example.com,Australia,2023-04-12
66,James,Wilson,james.wilson66@example.com,United Kingdom,2024-07-26
67,Mary,Davis,,Japan,2024-10-21
68,James,Garcia,james.garcia68@example.com,Canada,2024-09-09
69,Michael,Davis,michael.davis69@example.com,United States,2024-09-05
70,Barbara,Wilson,barbara.wilson70@example.com,United States,2024-04-18
71,Linda,Davis,linda.davis71@example.com,United States,2023-12-11
72,Jennifer,Mueller,jennifer.mueller72@example.com,CANADA,2024-11-30
73,Olivia,Davis,olivia.davis73@example.com,Australia,2023-08-28
74,Liam,Chen,liam.chen74@example.com,Germany,2023-11-09
75,Robert,Williams,robert.williams75@example.com,United States,2024-02-07
76,Liam,Moore,liam.moore76@example.com,United States,2023-10-22
77,Yuki,Brown,yuki.brown77@example.com,United Kingdom,2023-02-14
78,Elizabeth,Smith,elizabeth.smith78@example.com,United States,2024-06-24
79,Wei,Davis,wei.davis79@example.com,Canada,2024-02-15
80,Olivia,Wilson,olivia.wilson80@example.com,Germany,2024-05-09
81,Michael,Miller,michael.miller81@example.com,United States,2024-05-07
82,Robert,Williams,robert.williams82@example.com,France,2024-09-10
83,Marie,Taylor,marie.taylor83@example.com,Japan,2024-01-29
84,Wei,Moore,wei.moore84@example.com,United States,2024-01-21
85,James,Chen,james.chen85@example.com,  United States  ,2023-11-05
86,Yuki,Garcia,yuki.garcia86@example.com,France,2023-03-07
87,Patricia,Taylor,patricia.taylor87@example.com,  UNITED STATES  ,2024-05-28
88,Mary,Miller,mary.miller88@example.com,France,2023-06-11
89,Elizabeth,Chen,elizabeth.chen89@example.com,France,2024-02-19
90,Wei,Davis,wei.davis90@example.com,United States,2023-03-06
91,James,Moore,james.moore91@example.com,United States,2024-09-18
92,Olivia,Moore,olivia.moore92@example.com,United States,2023-09-11
93,Michael,Dubois,michael.dubois93@example.com,United States,2024-12-09
94,Michael,Chen,michael.chen94@example.com,UNITED STATES,2024-11-10
95,James,Brown,james.brown95@example.com,Australia,2024-05-25
96,Michael,Brown,michael.brown96@example.com,Canada,2023-03-11
97,Mary,Williams,mary.williams97@example.com,Australia,2024-05-25
98,Hans,Taylor,hans.taylor98@example.com,Australia,2023-07-02
99,Mary,Moore,mary.moore99@example.com,United Kingdom,2024-03-28
100,Liam,Williams,liam.williams100@example.com,Japan,2024-12-20
101,Barbara,Garcia,barbara.garcia101@example.com,United States,2024-11-20
102,Michael,Taylor,michael.taylor102@example.com,Japan,2023-09-05
103,Michael,Garcia,michael.garcia103@example.com,United States,2024-06-05
104,Yuki,Wilson,yuki.wilson104@example.com,United States,2023-07-02
105,Mary,Taylor,,Canada,2023-07-20
106,Robert,Davis,robert.davis106@example.com,United Kingdom,2024-10-29
107,Wei,Williams,wei.williams107@example.com,France,2023-01-24
108,Olivia,Taylor,olivia.taylor108@example.com,United States,2023-12-11
109,Patricia,Moore,patricia.moore109@example.com,United States,2024-06-27
110,Barbara,Mueller,barbara.mueller110@example.com,United States,2023-03-03
111,William,Garcia,william.garcia111@example.com,United States,2024-04-26
112,Marie,Mueller,marie.mueller112@example.com,  United Kingdom  ,2024-08-04
113,Elizabeth,Jones,elizabeth.jones113@example.com,Australia,2024-10-05
114,Wei,Chen,wei.chen114@example.com,Australia,2024-03-17
115,Elizabeth,Jones,elizabeth.jones115@example.com,Japan,2024-03-28
116,Barbara,Williams,barbara.williams116@example.com,France,2024-04-06
117,Marie,Miller,marie.miller117@example.com,United States,2024-09-30
118,Mary,Smith,mary.smith118@example.com,  United States  ,2024-02-26
119,Liam,Johnson,liam.johnson119@example.com,United States,2024-02-26
120,Barbara,Moore,barbara.moore120@example.com,Japan,2023-10-27
121,John,Chen,john.chen121@example.com,United States,2024-11-10
122,Wei,Taylor,wei.taylor122@example.com,United States,2023-08-22
123,Elizabeth,Davis,elizabeth.davis123@example.com,United Kingdom,2023-09-22
124,William,Taylor,william.taylor124@example.com,United Kingdom,2024-02-04
125,Yuki,Mueller,yuki.mueller125@example.com,United States,2024-08-28
126,James,Dubois,james.dubois126@example.com,United Kingdom,2023-05-27
127,Yuki,Jones,yuki.jones127@example.com,United States,2023-02-14
128,Patricia,Dubois,patricia.dubois128@example.com,United States,2024-05-09
129,Hans,Dubois,hans.dubois129@example.com,United States,2024-05-16
130,Michael,Garcia,michael.garcia130@example.com,United States,2023-05-21
131,Marie,Garcia,marie.garcia131@example.com,United States,2023-09-17
132,Linda,Taylor,linda.taylor132@example.com,Australia,2023-07-03
133,William,Tanaka,william.tanaka133@example.com,United Kingdom,2024-03-08
134,John,Taylor,john.taylor134@example.com,United States,2023-09-15
135,Patricia,Williams,patricia.williams135@example.com,United States,2024-01-14
136,Robert,Wilson,robert.wilson136@example.com,United States,2024-06-24
137,David,Jones,david.jones137@example.com,United Kingdom,2023-06-08
138,Wei,Smith,wei.smith138@example.com,Canada,2023-01-15
139,Michael,Dubois,michael.dubois139@example.com,United States,2024-09-04
140,John,Lee,john.lee140@example.com,United States,2023-09-01
141,John,Brown,john.brown141@example.com,United States,2024-07-13
142,John,Jones,john.jones142@example.com,United States,2023-09-12
143,John,Brown,john.brown143@example.com,Australia,2023-12-12
144,Elizabeth,Wilson,elizabeth.wilson144@example.com,United States,2024-12-11
145,James,Moore,james.moore145@example.com,Germany,2024-10-21
146,Hans,Wilson,hans.wilson146@example.com,Australia,2024-09-17
147,James,Dubois,james.dubois147@example.com,Australia,2024-10-12
148,Barbara,Taylor,barbara.taylor148@example.com,United States,2023-08-20
149,Liam,Moore,liam.moore149@example.com,United States,2023-08-24
150,Yuki,Smith,yuki.smith150@example.com,United States,2024-12-10
151,Elizabeth,Chen,elizabeth.chen151@example.com,France,2024-09-15
152,Liam,Chen,liam.chen152@example.com,United Kingdom,2023-07-17
153,John,Williams,john.williams153@example.com,Japan,2024-07-04
154,Michael,Johnson,michael.johnson154@example.com,Japan,2024-11-04
155,Jennifer,Mueller,jennifer.mueller155@example.com,United Kingdom,2023-03-18
156,Linda,Williams,linda.williams156@example.com,United States,2024-01-28
157,Yuki,Brown,yuki.brown157@example.com,Germany,2024-03-21
158,John,Tanaka,john.tanaka158@example.com,United States,2023-12-06
159,Olivia,Brown,olivia.brown159@example.com,United Kingdom,2024-11-08
160,Mary,Tanaka,mary.tanaka160@example.com,Australia,2024-03-11
161,Elizabeth,Taylor,elizabeth.taylor161@example.com,UNITED KINGDOM,2024-12-15
162,Barbara,Miller,barbara.miller162@example.com,Germany,2023-04-30
163,Patricia,Garcia,patricia.garcia163@example.com,Canada,2023-12-30
164,Yuki,Jones,yuki.jones164@example.com,United States,2023-12-11
165,Linda,Taylor,linda.taylor165@example.com,United States,2024-02-16
166,David,Wilson,david.wilson166@example.com,United States,2023-05-26
167,Hans,Garcia,hans.garcia167@example.com,United States,2024-11-14
168,Patricia,Smith,patricia.smith168@example.com,UNITED STATES,2024-01-16
169,James,Moore,james.moore169@example.com,UNITED STATES,2024-02-15
170,Elizabeth,Williams,elizabeth.williams170@example.com,Australia,2023-08-17
171,Marie,Davis,marie.davis171@example.com,UNITED STATES,2024-12-21
172,Jennifer,Davis,jennifer.davis172@example.com,Canada,2024-09-09
173,Wei,Brown,wei.brown173@example.com,United States,2023-09-10
174,David,Taylor,david.taylor174@example.com,United States,2024-05-26
175,Patricia,Chen,patricia.chen175@example.com,United States,2024-12-07
176,Yuki,Chen,yuki.chen176@example.com,United States,2023-07-16
177,Elizabeth,Dubois,elizabeth.dubois177@example.com,United States,2024-12-01
178,Mary,Dubois,mary.dubois178@example.com,Japan,2024-06-12
179,John,Jones,john.jones179@example.com,United States,2024-07-02
180,Michael,Taylor,michael.taylor180@example.com,United Kingdom,2024-06-23
181,Wei,Miller,wei.miller181@example.com,UNITED KINGDOM,2023-06-02
182,William,Brown,william.brown182@example.com,  United Kingdom  ,2024-03-29
183,Yuki,Garcia,yuki.garcia183@example.com,United Kingdom,2023-04-23
184,Yuki,Wilson,yuki.wilson184@example.com,Canada,2024-03-12
185,Mary,Lee,mary.lee185@example.com,United States,2023-05-22
186,Patricia,Smith,patricia.smith186@example.com,Japan,2024-07-30
187,Olivia,Jones,olivia.jones187@example.com,United Kingdom,2023-04-25
188,Robert,Williams,robert.williams188@example.com,United States,2023-08-31
189,Elizabeth,Garcia,elizabeth.garcia189@example.com,United States,2024-12-14
190,Linda,Garcia,linda.garcia190@example.com,United States,2023-07-12
191,Linda,Dubois,linda.dubois191@example.com,JAPAN,2024-07-19
192,Mary,Taylor,,United States,2024-12-14
193,Liam,Miller,liam.miller193@example.com,United States,2023-02-02
194,Michael,Taylor,michael.taylor194@example.com,United Kingdom,2023-09-28
195,John,Wilson,john.wilson195@example.com,  France  ,2024-05-19
196,Yuki,Wilson,yuki.wilson196@example.com,Canada,2023-07-23
197,Olivia,Miller,olivia.miller197@example.com,United Kingdom,2024-02-08
198,William,Jones,william.jones198@example.com,United Kingdom,2024-07-11
199,James,Wilson,james.wilson199@example.com,Japan,2023-09-02
200,John,Taylor,john.taylor200@example.com,United States,2024-08-27
201,Jennifer,Jones,jennifer.jones201@example.com,Canada,2023-08-28
202,William,Davis,william.davis202@example.com,United States,2024-02-13
203,Barbara,Lee,barbara.lee203@example.com,United States,2023-12-04
204,Barbara,Johnson,barbara.johnson204@example.com,United States,2023-11-23
205,William,Williams,william.williams205@example.com,United States,2024-06-30
206,Patricia,Brown,patricia.brown206@example.com,United States,2024-08-11
207,Robert,Lee,robert.lee207@example.com,United Kingdom,2023-09-08
208,James,Johnson,james.johnson208@example.com,Canada,2024-03-30
209,William,Wilson,william.wilson209@example.com,France,2023-07-22
210,James,Brown,james.brown210@example.com,United States,2024-11-24
211,Patricia,Lee,patricia.lee211@example.com,  GERMANY  ,2023-04-23
212,Olivia,Dubois,olivia.dubois212@example.com,Japan,2024-10-01
213,Barbara,Lee,barbara.lee213@example.com,United States,2024-01-05
214,Barbara,Taylor,barbara.taylor214@example.com,United States,2023-04-30
215,John,Tanaka,john.tanaka215@example.com,United Kingdom,2024-02-26
216,Hans,Garcia,hans.garcia216@example.com,Canada,2023-02-23
217,Olivia,Moore,olivia.moore217@example.com,France,2024-03-25
218,Jennifer,Wilson,jennifer.wilson218@example.com,United Kingdom,2024-01-23
219,John,Mueller,john.mueller219@example.com,Germany,2023-04-28
220,Yuki,Jones,yuki.jones220@example.com,United States,2023-10-10
221,Linda,Williams,linda.williams221@example.com,United States,2023-03-17
222,Michael,Wilson,michael.wilson222@example.com,United States,2024-08-18
223,Barbara,Tanaka,barbara.tanaka223@example.com,France,2024-10-05
224,Elizabeth,Taylor,elizabeth.taylor224@example.com,Germany,2023-06-25
225,John,Johnson,john.johnson225@example.com,Japan,2023-09-03
226,Mary,Dubois,mary.dubois226@example.com,Canada,2023-10-12
227,Mary,Tanaka,mary.tanaka227@example.com,Canada,2024-12-25
228,Marie,Tanaka,marie.tanaka228@example.com,United States,2023-10-27
229,Hans,Tanaka,hans.tanaka229@example.com,United Kingdom,2023-08-14
230,Linda,Tanaka,linda.tanaka230@example.com,United States,2023-02-26
231,James,Dubois,james.dubois231@example.com,United Kingdom,2024-08-09
232,Olivia,Brown,olivia.brown232@example.com,United States,2024-06-27
233,Liam,Lee,liam.lee233@example.com,United States,2024-06-28
234,Wei,Davis,wei.davis234@example.com,United States,2023-08-10
235,Mary,Chen,mary.chen235@example.com,Canada,2024-12-22
236,James,Brown,james.brown236@example.com,United Kingdom,2023-05-07
237,Olivia,Taylor,olivia.taylor237@example.com,Australia,2023-06-08
238,John,Miller,john.miller238@example.com,United States,2023-09-30
239,James,Lee,james.lee239@example.com,United States,2024-01-01
240,Elizabeth,Dubois,elizabeth.dubois240@example.com,United States,2024-01-21
241,Wei,Tanaka,,United States,2023-10-15
242,William,Moore,william.moore242@example.com,  United Kingdom  ,2023-01-28
243,Michael,Johnson,michael.johnson243@example.com,United States,2023-09-05
244,Barbara,Taylor,barbara.taylor244@example.com,Canada,2024-12-14
245,Marie,Mueller,marie.mueller245@example.com,United Kingdom,2024-05-01
246,Jennifer,Taylor,jennifer.taylor246@example.com,France,2023-08-20
247,Liam,Lee,liam.lee247@example.com,United States,2024-06-23
248,Olivia,Johnson,olivia.johnson248@example.com,United Kingdom,2024-01-29
249,Michael,Brown,michael.brown249@example.com,Germany,2023-12-03
250,James,Mueller,james.mueller250@example.com,France,2024-07-12
251,Linda,Tanaka,linda.tanaka251@example.com,United States,2023-12-22
252,Linda,Taylor,linda.taylor252@example.com,United States,2023-04-06
253,Robert,Chen,robert.chen253@example.com,United Kingdom,2024-03-20
254,Barbara,Jones,barbara.jones254@example.com,Germany,2024-08-20
255,Robert,Lee,robert.lee255@example.com,Australia,2024-07-29
256,James,Miller,james.miller256@example.com,France,2023-10-12
257,Mary,Brown,mary.brown257@example.com,  United States  ,2024-08-27
258,Elizabeth,Chen,elizabeth.chen258@example.com,France,2023-11-10
259,Elizabeth,Taylor,elizabeth.taylor259@example.com,United States,2023-05-12
260,Robert,Dubois,robert.dubois260@example.com,Canada,2023-02-06
261,Yuki,Williams,yuki.williams261@example.com,United Kingdom,2024-08-24
262,Elizabeth,Mueller,elizabeth.mueller262@example.com,United Kingdom,2023-12-15
263,Mary,Mueller,mary.mueller263@example.com,France,2023-01-05
264,Barbara,Mueller,barbara.mueller264@example.com,United Kingdom,2023-10-08
265,Yuki,Dubois,yuki.dubois265@example.com,Germany,2024-02-09
266,Hans,Moore,hans.moore266@example.com,Canada,2024-08-29
267,William,Tanaka,william.tanaka267@example.com,  United States  ,2023-02-07
268,Patricia,Dubois,patricia.dubois268@example.com,United States,2023-12-11
269,Wei,Mueller,wei.mueller269@example.com,United States,2024-02-28
270,John,Brown,john.brown270@example.com,United Kingdom,2024-03-18
271,Barbara,Smith,barbara.smith271@example.com,France,2023-09-29
272,Mary,Wilson,mary.wilson272@example.com,United States,2024-05-27
273,Olivia,Miller,olivia.miller273@example.com,Germany,2024-01-21
274,Marie,Miller,,United Kingdom,2023-04-02
275,Marie,Brown,marie.brown275@example.com,United States,2023-12-27
276,William,Chen,william.chen276@example.com,United States,2024-10-06
277,Barbara,Tanaka,barbara.tanaka277@example.com,Japan,2023-05-18
278,Jennifer,Williams,jennifer.williams278@example.com,Japan,2023-09-25
279,Marie,Williams,marie.williams279@example.com,  United Kingdom  ,2024-07-12
280,Hans,Lee,hans.lee280@example.com,United States,2024-09-03
281,Michael,Dubois,michael.dubois281@example.com,Canada,2024-05-08
282,Liam,Brown,liam.brown282@example.com,United States,2023-03-11
283,Elizabeth,Wilson,elizabeth.wilson283@example.com,Japan,2023-12-08
284,Wei,Williams,wei.williams284@example.com,United States,2024-08-11
285,Marie,Jones,marie.jones285@example.com,Canada,2024-09-04
286,Patricia,Mueller,patricia.mueller286@example.com,Germany,2024-12-29
287,Yuki,Brown,yuki.brown287@example.com,United States,2024-08-17
288,Marie,Tanaka,marie.tanaka288@example.com,United Kingdom,2023-08-27
289,Jennifer,Dubois,jennifer.dubois289@example.com,United States,2023-05-26
290,William,Wilson,william.wilson290@example.com,Germany,2023-11-04
291,Michael,Dubois,michael.dubois291@example.com,United Kingdom,2023-08-12
292,William,Wilson,william.wilson292@example.com,  United States  ,2023-08-11
293,David,Mueller,david.mueller293@example.com,United States,2023-10-01
294,Wei,Taylor,wei.taylor294@example.com,United States,2024-04-02
295,Patricia,Williams,patricia.williams295@example.com,United States,2023-12-23
296,Liam,Miller,liam.miller296@example.com,United States,2024-10-27
297,James,Taylor,james.taylor297@example.com,United States,2023-04-01
298,Hans,Wilson,hans.wilson298@example.com,United States,2023-06-27
299,Linda,Lee,linda.lee299@example.com,United Kingdom,2024-06-03
300,James,Lee,james.lee300@example.com,Germany,2024-10-07
301,Wei,Jones,wei.jones301@example.com,Germany,2024-03-20
302,Barbara,Williams,barbara.williams302@example.com,United States,2024-01-31
303,Yuki,Lee,yuki.lee303@example.com,United Kingdom,2024-02-21
304,Mary,Wilson,mary.wilson304@example.com,United States,2023-07-06
305,Mary,Dubois,mary.dubois305@example.com,Australia,2024-10-30
306,James,Johnson,james.johnson306@example.com,United States,2024-08-24
307,Mary,Dubois,mary.dubois307@example.com,UNITED STATES,2024-03-11
308,John,Moore,john.moore308@example.com,United States,2023-10-20
309,Olivia,Johnson,,Germany,2024-02-22
310,Patricia,Mueller,patricia.mueller310@example.com,United States,2024-04-30
311,Yuki,Mueller,yuki.mueller311@example.com,Australia,2024-03-25
312,Olivia,Wilson,olivia.wilson312@example.com,Canada,2024-07-15
313,Elizabeth,Wilson,elizabeth.wilson313@example.com,Germany,2024-08-05
314,Patricia,Davis,patricia.davis314@example.com,United States,2024-06-17
315,Wei,Garcia,wei.garcia315@example.com,Australia,2024-04-28
316,Barbara,Taylor,,United Kingdom,2023-03-27
317,Hans,Jones,hans.jones317@example.com,Canada,2024-10-21
318,William,Brown,william.brown318@example.com,Germany,2023-04-08
319,Elizabeth,Moore,,United Kingdom,2023-11-01
320,John,Brown,john.brown320@example.com,Canada,2024-09-08
321,Elizabeth,Davis,,United Kingdom,2024-12-19
322,William,Jones,william.jones322@example.com,Japan,2024-07-05
323,Hans,Taylor,hans.taylor323@example.com,United Kingdom,2024-03-09
324,Jennifer,Smith,jennifer.smith324@example.com,United Kingdom,2024-11-12
325,David,Brown,david.brown325@example.com,Japan,2024-05-22
326,Hans,Jones,hans.jones326@example.com,United Kingdom,2024-07-08
327,John,Tanaka,john.tanaka327@example.com,France,2024-12-13
328,David,Chen,david.chen328@example.com,United Kingdom,2023-12-03
329,Wei,Garcia,,Germany,2024-05-13
330,Michael,Chen,michael.chen330@example.com,United Kingdom,2023-10-23
331,David,Mueller,david.mueller331@example.com,UNITED KINGDOM,2024-01-16
332,Robert,Dubois,robert.dubois332@example.com,Australia,2024-08-03
333,William,Taylor,william.taylor333@example.com,Australia,2023-11-06
334,Elizabeth,Chen,elizabeth.chen334@example.com,United States,2024-12-07
335,William,Garcia,william.garcia335@example.com,Canada,2024-01-13
336,Yuki,Tanaka,yuki.tanaka336@example.com,UNITED KINGDOM,2023-01-03
337,David,Tanaka,david.tanaka337@example.com,United States,2024-07-22
338,Robert,Garcia,robert.garcia338@example.com,France,2023-06-01
339,Patricia,Taylor,patricia.taylor339@example.com,United States,2024-08-17
340,Mary,Tanaka,mary.tanaka340@example.com,United States,2024-02-13
341,Wei,Miller,wei.miller341@example.com,France,2023-08-04
342,Elizabeth,Dubois,elizabeth.dubois342@example.com,  Germany  ,2023-10-11
343,Elizabeth,Tanaka,elizabeth.tanaka343@example.com,United States,2023-12-27
344,Michael,Smith,michael.smith344@example.com,Canada,2024-05-21
345,Robert,Lee,robert.lee345@example.com,Australia,2023-12-23
346,Marie,Johnson,marie.johnson346@example.com,UNITED STATES,2023-09-22
347,Olivia,Smith,olivia.smith347@example.com,United Kingdom,2024-02-16
348,Michael,Taylor,michael.taylor348@example.com,United Kingdom,2024-10-30
349,Robert,Moore,robert.moore349@example.com,Australia,2024-08-15
350,Elizabeth,Tanaka,elizabeth.tanaka350@example.com,United Kingdom,2024-09-22
351,James,Davis,james.davis351@example.com,France,2024-05-29
352,John,Moore,john.moore352@example.com,United States,2024-08-10
353,Liam,Wilson,liam.wilson353@example.com,United States,2024-07-05
354,Robert,Smith,robert.smith354@example.com,Japan,2024-02-12
355,Yuki,Smith,yuki.smith355@example.com,United States,2023-02-09
356,Liam,Tanaka,liam.tanaka356@example.com,Germany,2024-06-01
357,John,Moore,john.moore357@example.com,Canada,2024-02-19
358,Elizabeth,Tanaka,elizabeth.tanaka358@example.com,United States,2023-06-05
359,Wei,Smith,wei.smith359@example.com,France,2023-09-19
360,Yuki,Jones,yuki.jones360@example.com,United States,2024-01-18
361,Elizabeth,Smith,elizabeth.smith361@example.com,United States,2024-01-23
362,Olivia,Miller,olivia.miller362@example.com,Canada,2024-08-28
363,Liam,Tanaka,liam.tanaka363@example.com,United States,2024-04-03
364,David,Garcia,david.garcia364@example.com,Japan,2024-05-02
365,Olivia,Miller,olivia.miller365@example.com,United States,2024-11-28
366,Barbara,Garcia,barbara.garcia366@example.com,Germany,2023-06-19
367,Liam,Moore,liam.moore367@example.com,Germany,2024-09-15
368,Yuki,Moore,yuki.moore368@example.com,France,2023-02-22
369,Barbara,Tanaka,barbara.tanaka369@example.com,United States,2024-01-30
370,James,Moore,james.moore370@example.com,United Kingdom,2024-09-11
371,Yuki,Chen,yuki.chen371@example.com,United Kingdom,2024-12-05
372,John,Lee,john.lee372@example.com,United States,2024-07-10
373,Jennifer,Mueller,jennifer.mueller373@example.com,Japan,2024-06-13
374,Hans,Wilson,hans.wilson374@example.com,Japan,2023-12-11
375,Elizabeth,Williams,elizabeth.williams375@example.com,United States,2023-08-03
376,Elizabeth,Mueller,elizabeth.mueller376@example.com,FRANCE,2024-05-24
377,James,Williams,james.williams377@example.com,Canada,2023-10-12
378,Wei,Miller,wei.miller378@example.com,United States,2023-12-17
379,David,Smith,david.smith379@example.com,Germany,2024-11-08
380,Jennifer,Jones,jennifer.jones380@example.com,United Kingdom,2024-10-14
381,Mary,Tanaka,mary.tanaka381@example.com,Japan,2023-11-25
382,Liam,Garcia,liam.garcia382@example.com,United States,2024-05-22
383,Hans,Smith,hans.smith383@example.com,Germany,2024-10-31
384,John,Garcia,,UNITED STATES,2024-11-29
385,Hans,Miller,hans.miller385@example.com,Germany,2023-09-20
386,Elizabeth,Williams,elizabeth.williams386@example.com,Canada,2023-08-26
387,Elizabeth,Brown,elizabeth.brown387@example.com,United States,2024-03-08
388,Elizabeth,Chen,elizabeth.chen388@example.com,France,2023-07-16
389,Liam,Chen,liam.chen389@example.com,Canada,2024-09-23
390,Robert,Chen,robert.chen390@example.com,  France  ,2024-03-20
391,Mary,Jones,mary.jones391@example.com,United States,2023-09-30
392,Hans,Williams,hans.williams392@example.com,Australia,2023-03-24
393,Yuki,Dubois,yuki.dubois393@example.com,United States,2024-03-14
394,Liam,Garcia,liam.garcia394@example.com,United States,2024-03-11
395,David,Johnson,david.johnson395@example.com,United States,2024-06-05
396,Patricia,Brown,patricia.brown396@example.com,UNITED STATES,2023-07-06
397,Wei,Johnson,wei.johnson397@example.com,United Kingdom,2023-12-06
398,David,Williams,david.williams398@example.com,UNITED KINGDOM,2024-06-10
399,Linda,Tanaka,linda.tanaka399@example.com,United Kingdom,2023-10-28
400,Linda,Taylor,linda.taylor400@example.com,France,2024-06-18
401,Yuki,Mueller,yuki.mueller401@example.com,United Kingdom,2023-05-06
402,Wei,Williams,wei.williams402@example.com,Australia,2024-11-03
403,Patricia,Mueller,patricia.mueller403@example.com,United Kingdom,2023-04-29
404,William,Lee,william.lee404@example.com,Germany,2024-10-21
405,Marie,Williams,marie.williams405@example.com,United States,2023-09-18
406,Mary,Williams,mary.williams406@example.com,United Kingdom,2023-04-05
407,James,Tanaka,james.tanaka407@example.com,United States,2023-12-28
408,Patricia,Tanaka,patricia.tanaka408@example.com,Canada,2024-09-18
409,Wei,Johnson,wei.johnson409@example.com,Germany,2024-09-13
410,Michael,Wilson,michael.wilson410@example.com,United States,2023-12-29
411,Linda,Miller,linda.miller411@example.com,Japan,2023-09-09
412,James,Miller,james.miller412@example.com,United Kingdom,2024-03-29
413,James,Chen,james.chen413@example.com,United States,2024-04-06
414,Olivia,Brown,olivia.brown414@example.com,United Kingdom,2024-03-28
415,Robert,Brown,robert.brown415@example.com,  United Kingdom  ,2024-05-20
416,Linda,Chen,linda.chen416@example.com,United Kingdom,2023-10-03
417,Wei,Taylor,wei.taylor417@example.com,Germany,2023-10-28
418,Robert,Johnson,robert.johnson418@example.com,Germany,2024-03-12
419,Liam,Johnson,liam.johnson419@example.com,United States,2023-12-08
420,Elizabeth,Davis,elizabeth.davis420@example.com,United States,2023-05-18
421,Michael,Johnson,michael.johnson421@example.com,Japan,2024-05-15
422,Wei,Tanaka,wei.tanaka422@example.com,United States,2024-10-11
423,David,Williams,david.williams423@example.com,United States,2024-12-03
424,Jennifer,Smith,jennifer.smith424@example.com,United States,2024-08-24
425,Marie,Smith,marie.smith425@example.com,United Kingdom,2024-05-26
426,Wei,Chen,wei.chen426@example.com,United Kingdom,2024-07-04
427,Mary,Brown,,United States,2024-09-04
428,Hans,Williams,hans.williams428@example.com,Australia,2024-09-01
429,Patricia,Johnson,patricia.johnson429@example.com,Canada,2024-10-17
430,Robert,Dubois,robert.dubois430@example.com,Japan,2024-08-09
431,James,Chen,james.chen431@example.com,France,2024-02-07
432,Yuki,Miller,yuki.miller432@example.com,  France  ,2024-11-05
433,Michael,Moore,michael.moore433@example.com,AUSTRALIA,2024-11-07
434,Olivia,Smith,olivia.smith434@example.com,United Kingdom,2024-10-03
435,Yuki,Chen,yuki.chen435@example.com,France,2024-01-12
436,Elizabeth,Garcia,elizabeth.garcia436@example.com,United Kingdom,2024-09-05
437,Michael,Davis,michael.davis437@example.com,Canada,2023-10-16
438,Patricia,Williams,patricia.williams438@example.com,Germany,2023-12-28
439,Mary,Moore,mary.moore439@example.com,Australia,2023-05-15
440,Robert,Mueller,robert.mueller440@example.com,United States,2023-09-18
441,Elizabeth,Smith,elizabeth.smith441@example.com,United States,2024-09-30
442,Barbara,Smith,,Germany,2024-04-17
443,Barbara,Williams,barbara.williams443@example.com,CANADA,2024-10-18
444,Olivia,Jones,olivia.jones444@example.com,Australia,2023-09-05
445,Michael,Jones,michael.jones445@example.com,United States,2024-02-08
446,Jennifer,Chen,jennifer.chen446@example.com,United States,2023-07-23
447,Wei,Tanaka,wei.tanaka447@example.com,United States,2024-01-08
448,David,Williams,david.williams448@example.com,  Canada  ,2023-01-29
449,John,Mueller,john.mueller449@example.com,United Kingdom,2024-12-29
450,Linda,Moore,linda.moore450@example.com,United States,2024-01-16
451,Yuki,Johnson,yuki.johnson451@example.com,  United States  ,2024-11-08
452,Yuki,Tanaka,yuki.tanaka452@example.com,United Kingdom,2024-07-12
453,Hans,Chen,hans.chen453@example.com,Australia,2023-05-06
454,Yuki,Johnson,yuki.johnson454@example.com,United States,2023-10-29
455,Olivia,Chen,olivia.chen455@example.com,France,2024-06-29
456,Wei,Williams,wei.williams456@example.com,United States,2024-02-20
457,Patricia,Jones,patricia.jones457@example.com,Germany,2024-01-09
458,Marie,Wilson,marie.wilson458@example.com,Germany,2023-06-21
459,David,Mueller,david.mueller459@example.com,Germany,2024-02-25
460,Linda,Moore,linda.moore460@example.com,United States,2023-06-18
461,Yuki,Lee,yuki.lee461@example.com,Germany,2024-01-25
462,Olivia,Dubois,olivia.dubois462@example.com,United States,2024-07-21
463,Michael,Taylor,michael.taylor463@example.com,Japan,2024-11-21
464,John,Moore,john.moore464@example.com,United States,2023-06-09
465,Barbara,Chen,barbara.chen465@example.com,United States,2024-08-02
466,William,Brown,william.brown466@example.com,  United States  ,2024-10-12
467,Mary,Dubois,,United States,2024-09-05
468,Wei,Taylor,wei.taylor468@example.com,United States,2024-09-25
469,Hans,Moore,hans.moore469@example.com,Australia,2024-03-09
470,Linda,Tanaka,,United States,2024-03-11
471,Wei,Williams,wei.williams471@example.com,United States,2024-01-17
472,James,Jones,james.jones472@example.com,United Kingdom,2024-10-28
473,Michael,Mueller,michael.mueller473@example.com,United States,2024-05-31
474,Robert,Williams,robert.williams474@example.com,United States,2024-09-22
475,Linda,Taylor,linda.taylor475@example.com,Canada,2024-04-11
476,Yuki,Jones,yuki.jones476@example.com,Canada,2024-09-23
477,Linda,Taylor,linda.taylor477@example.com,United States,2024-12-12
478,William,Wilson,william.wilson478@example.com,United States,2024-10-30
479,Robert,Chen,robert.chen479@example.com,United States,2023-05-28
480,William,Taylor,william.taylor480@example.com,United Kingdom,2023-12-08
481,Robert,Miller,robert.miller481@example.com,United States,2024-02-14
482,Elizabeth,Jones,elizabeth.jones482@example.com,Japan,2024-02-29
483,John,Mueller,john.mueller483@example.com,United Kingdom,2023-09-08
484,Wei,Moore,wei.moore484@example.com,Germany,2024-04-09
485,Yuki,Tanaka,yuki.tanaka485@example.com,UNITED KINGDOM,2024-08-25
486,Patricia,Brown,patricia.brown486@example.com,United Kingdom,2024-12-19
487,Jennifer,Miller,jennifer.miller487@example.com,United States,2024-08-20
488,Patricia,Garcia,patricia.garcia488@example.com,France,2024-04-29
489,James,Jones,james.jones489@example.com,United States,2024-03-13
490,Marie,Johnson,marie.johnson490@example.com,Japan,2024-07-31
491,Liam,Wilson,liam.wilson491@example.com,Canada,2024-10-02
492,Elizabeth,Dubois,elizabeth.dubois492@example.com,Canada,2024-09-21
493,Liam,Tanaka,liam.tanaka493@example.com,Canada,2023-11-12
494,Jennifer,Brown,jennifer.brown494@example.com,United States,2024-02-11
495,Wei,Wilson,wei.wilson495@example.com,United Kingdom,2023-09-22
496,Robert,Mueller,robert.mueller496@example.com,United States,2024-08-11
497,Mary,Miller,mary.miller497@example.com,United States,2024-05-08
498,Jennifer,Dubois,jennifer.dubois498@example.com,United States,2024-05-13
499,Marie,Dubois,marie.dubois499@example.com,Canada,2024-08-09
500,James,Tanaka,james.tanaka500@example.com,France,2024-07-12
501,Wei,Dubois,,United States,2024-11-24
502,David,Smith,david.smith502@example.com,Canada,2024-04-20
503,Elizabeth,Brown,elizabeth.brown503@example.com,France,2024-10-31
504,David,Mueller,david.mueller504@example.com,United States,2023-12-26
505,Jennifer,Brown,jennifer.brown505@example.com,United States,2024-04-16
506,Liam,Smith,liam.smith506@example.com,United Kingdom,2023-06-06
507,Olivia,Dubois,olivia.dubois507@example.com,United States,2023-07-03
508,Elizabeth,Taylor,elizabeth.taylor508@example.com,  CANADA  ,2023-09-22
509,Marie,Moore,marie.moore509@example.com,United States,2023-10-22
510,John,Brown,john.brown510@example.com,United States,2024-01-05
511,Liam,Miller,liam.miller511@example.com,United Kingdom,2024-10-10
512,David,Williams,david.williams512@example.com,United States,2024-05-22
513,Robert,Chen,robert.chen513@example.com,United States,2024-07-31
514,Mary,Garcia,mary.garcia514@example.com,Germany,2023-06-23
515,Olivia,Miller,olivia.miller515@example.com,Japan,2024-02-18
516,James,Dubois,,Canada,2024-09-11
517,Patricia,Davis,patricia.davis517@example.com,United States,2024-07-26
518,Mary,Johnson,mary.johnson518@example.com,Australia,2024-03-25
519,Robert,Chen,robert.chen519@example.com,United Kingdom,2024-09-01
520,Michael,Moore,michael.moore520@example.com,United Kingdom,2024-09-26
521,Yuki,Taylor,yuki.taylor521@example.com,United States,2023-09-26
522,Mary,Johnson,mary.johnson522@example.com,United States,2024-03-27
523,Marie,Miller,marie.miller523@example.com,Canada,2023-01-31
524,Wei,Moore,wei.moore524@example.com,United States,2024-08-10
525,Elizabeth,Miller,elizabeth.miller525@example.com,United States,2024-04-08
526,Yuki,Tanaka,yuki.tanaka526@example.com,Germany,2024-08-03
527,Patricia,Chen,,  United States  ,2024-10-28
528,John,Johnson,john.johnson528@example.com,  United States  ,2023-08-10
529,Mary,Johnson,mary.johnson529@example.com,UNITED STATES,2024-04-03
530,Michael,Brown,michael.brown530@example.com,United States,2023-09-21
531,Linda,Johnson,linda.johnson531@example.com,United Kingdom,2024-09-26
532,James,Chen,james.chen532@example.com,United States,2024-02-19
533,David,Taylor,david.taylor533@example.com,Canada,2023-09-23
534,Marie,Garcia,marie.garcia534@example.com,United States,2024-06-30
535,Marie,Moore,marie.moore535@example.com,United States,2023-11-22
536,Olivia,Lee,olivia.lee536@example.com,United States,2023-05-10
537,Barbara,Davis,barbara.davis537@example.com,Australia,2024-08-16
538,Yuki,Chen,yuki.chen538@example.com,Canada,2023-11-26
539,Olivia,Jones,olivia.jones539@example.com,United Kingdom,2024-09-17
540,Yuki,Garcia,yuki.garcia540@example.com,United States,2024-07-10
541,Yuki,Davis,yuki.davis541@example.com,United States,2024-08-19
542,Wei,Mueller,wei.mueller542@example.com,France,2024-09-19
543,Wei,Dubois,wei.dubois543@example.com,Germany,2024-02-27
544,Jennifer,Taylor,jennifer.taylor544@example.com,Canada,2024-04-19
545,William,Taylor,william.taylor545@example.com,JAPAN,2023-07-03
546,David,Tanaka,david.tanaka546@example.com,Canada,2023-04-18
547,Liam,Wilson,liam.wilson547@example.com,United States,2023-04-07
548,Linda,Miller,linda.miller548@example.com,JAPAN,2023-05-28
549,Elizabeth,Mueller,elizabeth.mueller549@example.com,United States,2024-06-17
550,Elizabeth,Moore,elizabeth.moore550@example.com,  United States  ,2024-09-05
551,William,Williams,william.williams551@example.com,United States,2024-08-07
552,Jennifer,Moore,jennifer.moore552@example.com,Australia,2023-11-24
553,Elizabeth,Moore,elizabeth.moore553@example.com,United States,2024-05-21
554,William,Jones,william.jones554@example.com,France,2023-10-29
555,Olivia,Taylor,olivia.taylor555@example.com,United Kingdom,2024-03-12
556,Yuki,Dubois,yuki.dubois556@example.com,United States,2024-06-23
557,David,Lee,david.lee557@example.com,UNITED STATES,2024-08-17
558,Mary,Smith,mary.smith558@example.com,United States,2024-04-10
559,Marie,Brown,,United States,2024-02-04
560,Barbara,Chen,barbara.chen560@example.com,United States,2023-08-08
561,William,Johnson,william.johnson561@example.com,United Kingdom,2023-11-01
562,Barbara,Tanaka,barbara.tanaka562@example.com,United Kingdom,2023-04-08
563,Marie,Wilson,marie.wilson563@example.com,United States,2024-04-14
564,William,Garcia,william.garcia564@example.com,United States,2023-05-11
565,Wei,Tanaka,wei.tanaka565@example.com,Germany,2024-11-20
566,Marie,Jones,marie.jones566@example.com,United States,2023-06-15
567,Yuki,Brown,,Canada,2023-11-24
568,Marie,Garcia,marie.garcia568@example.com,United States,2024-12-15
569,Olivia,Dubois,olivia.dubois569@example.com,Germany,2023-06-10
570,Robert,Tanaka,robert.tanaka570@example.com,United States,2024-04-05
571,Linda,Johnson,linda.johnson571@example.com,Australia,2024-03-07
572,David,Smith,david.smith572@example.com,Germany,2024-06-03
573,Olivia,Johnson,olivia.johnson573@example.com,United Kingdom,2024-12-27
574,Mary,Smith,mary.smith574@example.com,United States,2024-08-24
575,Mary,Dubois,mary.dubois575@example.com,United States,2023-05-25
576,Yuki,Tanaka,yuki.tanaka576@example.com,United States,2023-12-16
577,Olivia,Brown,,Australia,2024-12-01
578,James,Brown,james.brown578@example.com,Germany,2023-12-28
579,Barbara,Chen,barbara.chen579@example.com,United Kingdom,2024-10-30
580,Marie,Williams,marie.williams580@example.com,Canada,2024-03-14
581,Mary,Johnson,mary.johnson581@example.com,United Kingdom,2023-05-08
582,Michael,Moore,michael.moore582@example.com,United States,2023-06-24
583,Barbara,Tanaka,barbara.tanaka583@example.com,France,2024-09-18
584,John,Johnson,john.johnson584@example.com,United States,2023-11-21
585,Olivia,Garcia,olivia.garcia585@example.com,Australia,2024-06-13
586,Liam,Tanaka,liam.tanaka586@example.com,Canada,2024-11-05
587,Elizabeth,Johnson,elizabeth.johnson587@example.com,United States,2023-07-12
588,Patricia,Johnson,patricia.johnson588@example.com,Canada,2024-12-05
589,Michael,Taylor,michael.taylor589@example.com,United Kingdom,2024-12-24
590,Marie,Brown,marie.brown590@example.com,United Kingdom,2024-04-30
591,Marie,Lee,marie.lee591@example.com,United Kingdom,2023-04-14
592,Michael,Williams,michael.williams592@example.com,United States,2023-12-12
593,Hans,Tanaka,hans.tanaka593@example.com,Germany,2024-08-13
594,Hans,Chen,hans.chen594@example.com,United States,2023-10-04
595,Jennifer,Miller,jennifer.miller595@example.com,Germany,2023-03-30
596,Michael,Chen,michael.chen596@example.com,France,2023-11-07
597,Marie,Chen,marie.chen597@example.com,United Kingdom,2024-10-18
598,Wei,Lee,wei.lee598@example.com,United States,2024-05-02
599,Liam,Jones,liam.jones599@example.com,Canada,2024-12-06
600,John,Williams,john.williams600@example.com,United States,2024-12-13
601,Linda,Williams,linda.williams601@example.com,GERMANY,2024-03-03
602,Michael,Jones,michael.jones602@example.com,UNITED STATES,2023-10-24
603,Wei,Wilson,,United States,2024-11-15
604,Hans,Davis,hans.davis604@example.com,Australia,2023-12-20
605,Elizabeth,Jones,elizabeth.jones605@example.com,UNITED STATES,2024-09-07
606,John,Dubois,john.dubois606@example.com,  United States  ,2023-04-17
607,Barbara,Brown,barbara.brown607@example.com,United States,2024-11-22
608,Barbara,Tanaka,barbara.tanaka608@example.com,United States,2024-02-04
609,Liam,Garcia,liam.garcia609@example.com,United Kingdom,2024-05-05
610,Jennifer,Jones,jennifer.jones610@example.com,United States,2023-11-06
611,Michael,Tanaka,michael.tanaka611@example.com,France,2024-05-10
612,Michael,Garcia,michael.garcia612@example.com,United States,2023-10-28
613,David,Smith,david.smith613@example.com,United States,2024-04-05
614,Mary,Miller,mary.miller614@example.com,Canada,2024-02-22
615,Elizabeth,Smith,elizabeth.smith615@example.com,UNITED KINGDOM,2023-10-30
616,Patricia,Mueller,patricia.mueller616@example.com,United States,2024-10-06
617,Yuki,Williams,yuki.williams617@example.com,Australia,2024-04-21
618,James,Davis,james.davis618@example.com,United States,2024-01-22
619,Linda,Davis,linda.davis619@example.com,United States,2024-05-08
620,Linda,Chen,,United Kingdom,2023-10-17
621,Robert,Wilson,robert.wilson621@example.com,Australia,2024-05-23
622,Hans,Brown,hans.brown622@example.com,United States,2023-11-09
623,Wei,Mueller,wei.mueller623@example.com,United States,2023-05-02
624,Wei,Wilson,wei.wilson624@example.com,United Kingdom,2024-04-02
625,Patricia,Lee,patricia.lee625@example.com,United States,2024-01-02
626,Robert,Moore,robert.moore626@example.com,United Kingdom,2023-08-20
627,David,Miller,david.miller627@example.com,Germany,2023-07-23
628,Patricia,Garcia,patricia.garcia628@example.com,United States,2024-08-26
629,Jennifer,Dubois,jennifer.dubois629@example.com,United States,2023-07-23
630,Yuki,Williams,yuki.williams630@example.com,United States,2024-02-28
631,Yuki,Wilson,yuki.wilson631@example.com,  GERMANY  ,2023-04-26
632,Jennifer,Taylor,jennifer.taylor632@example.com,Germany,2024-02-07
633,Olivia,Garcia,olivia.garcia633@example.com,Germany,2023-06-15
634,David,Garcia,david.garcia634@example.com,United States,2024-08-17
635,James,Dubois,james.dubois635@example.com,UNITED STATES,2023-04-07
636,Mary,Miller,mary.miller636@example.com,France,2023-05-02
637,Jennifer,Williams,,Germany,2024-05-16
638,Barbara,Tanaka,barbara.tanaka638@example.com,United States,2023-12-30
639,Robert,Tanaka,robert.tanaka639@example.com,United States,2023-06-18
640,Olivia,Davis,olivia.davis640@example.com,France,2024-07-18
641,Olivia,Mueller,olivia.mueller641@example.com,United States,2023-10-21
642,Robert,Miller,robert.miller642@example.com,France,2023-04-16
643,Olivia,Davis,olivia.davis643@example.com,United States,2023-12-27
644,John,Wilson,,  United States  ,2023-07-22
645,Barbara,Brown,barbara.brown645@example.com,Canada,2024-08-20
646,Hans,Chen,hans.chen646@example.com,Japan,2024-06-30
647,Liam,Mueller,liam.mueller647@example.com,United States,2023-04-27
648,Mary,Garcia,mary.garcia648@example.com,Germany,2023-08-05
649,Michael,Dubois,michael.dubois649@example.com,United Kingdom,2024-06-16
650,Marie,Moore,marie.moore650@example.com,Canada,2024-02-14
651,Marie,Miller,marie.miller651@example.com,United Kingdom,2023-02-01
652,Linda,Jones,linda.jones652@example.com,Canada,2024-07-28
653,Marie,Davis,marie.davis653@example.com,United States,2023-04-28
654,Olivia,Moore,olivia.moore654@example.com,  United States  ,2024-03-04
655,Jennifer,Dubois,jennifer.dubois655@example.com,United States,2024-06-17
656,Michael,Mueller,michael.mueller656@example.com,Germany,2024-07-30
657,Elizabeth,Mueller,elizabeth.mueller657@example.com,United States,2024-03-23
658,Marie,Williams,marie.williams658@example.com,United States,2023-08-24
659,John,Brown,john.brown659@example.com,United States,2023-08-16
660,John,Taylor,john.taylor660@example.com,  Germany  ,2023-06-28
661,Robert,Miller,robert.miller661@example.com,United Kingdom,2023-12-19
662,John,Chen,john.chen662@example.com,United States,2024-12-01
663,Michael,Wilson,michael.wilson663@example.com,United States,2023-11-14
664,Hans,Chen,hans.chen664@example.com,Germany,2024-05-06
665,Marie,Dubois,marie.dubois665@example.com,Japan,2023-03-03
666,William,Brown,william.brown666@example.com,United States,2024-08-22
667,James,Mueller,james.mueller667@example.com,UNITED STATES,2024-11-09
668,Barbara,Davis,barbara.davis668@example.com,United Kingdom,2023-03-31
669,Patricia,Smith,patricia.smith669@example.com,Japan,2023-05-14
670,Patricia,Williams,patricia.williams670@example.com,UNITED KINGDOM,2024-03-27
671,Liam,Brown,liam.brown671@example.com,United States,2024-09-04
672,Yuki,Smith,yuki.smith672@example.com,United Kingdom,2024-08-10
673,John,Taylor,john.taylor673@example.com,United Kingdom,2024-08-18
674,Michael,Brown,michael.brown674@example.com,France,2023-12-20
675,John,Davis,john.davis675@example.com,United States,2023-04-21
676,Yuki,Taylor,yuki.taylor676@example.com,Germany,2024-08-22
677,Linda,Lee,linda.lee677@example.com,JAPAN,2023-02-14
678,James,Lee,james.lee678@example.com,Australia,2023-08-27
679,Hans,Brown,hans.brown679@example.com,United States,2023-11-02
680,Mary,Johnson,mary.johnson680@example.com,Australia,2024-07-22
681,Patricia,Lee,patricia.lee681@example.com,UNITED STATES,2023-08-13
682,James,Miller,james.miller682@example.com,United States,2023-11-19
683,Barbara,Taylor,barbara.taylor683@example.com,CANADA,2023-07-09
684,Wei,Moore,,United States,2024-12-13
685,Yuki,Mueller,yuki.mueller685@example.com,Japan,2024-06-16
686,Robert,Miller,robert.miller686@example.com,United States,2024-12-18
687,Mary,Brown,mary.brown687@example.com,France,2024-10-06
688,Olivia,Taylor,olivia.taylor688@example.com,United States,2023-12-04
689,James,Lee,james.lee689@example.com,Australia,2024-02-11
690,James,Jones,james.jones690@example.com,United States,2023-06-27
691,David,Tanaka,david.tanaka691@example.com,United States,2024-08-12
692,Linda,Moore,linda.moore692@example.com,Canada,2023-09-09
693,Jennifer,Smith,jennifer.smith693@example.com,United States,2023-12-16
694,Barbara,Lee,barbara.lee694@example.com,UNITED STATES,2023-03-21
695,Olivia,Johnson,olivia.johnson695@example.com,United States,2023-04-21
696,Marie,Johnson,marie.johnson696@example.com,France,2023-07-12
697,Barbara,Garcia,barbara.garcia697@example.com,Canada,2023-05-13
698,Liam,Lee,liam.lee698@example.com,United Kingdom,2024-06-30
699,David,Tanaka,david.tanaka699@example.com,United States,2023-09-25
700,Hans,Garcia,hans.garcia700@example.com,Germany,2023-08-10
701,William,Miller,william.miller701@example.com,Canada,2023-07-26
702,Marie,Wilson,marie.wilson702@example.com,United States,2024-04-06
703,John,Johnson,john.johnson703@example.com,JAPAN,2024-08-10
704,Barbara,Moore,barbara.moore704@example.com,  Canada  ,2024-11-12
705,Michael,Lee,michael.lee705@example.com,Australia,2024-12-09
706,Mary,Miller,mary.miller706@example.com,United States,2023-07-23
707,David,Brown,david.brown707@example.com,United States,2024-09-26
708,Wei,Smith,wei.smith708@example.com,Canada,2023-11-02
709,Liam,Smith,liam.smith709@example.com,United States,2023-12-23
710,Yuki,Lee,yuki.lee710@example.com,United Kingdom,2024-04-23
711,Robert,Williams,robert.williams711@example.com,United States,2024-03-09
712,Barbara,Moore,barbara.moore712@example.com,Germany,2024-11-05
713,Mary,Dubois,mary.dubois713@example.com,Australia,2024-07-10
714,William,Chen,william.chen714@example.com,United States,2024-03-10
715,Olivia,Tanaka,olivia.tanaka715@example.com,Germany,2024-03-31
716,Liam,Davis,liam.davis716@example.com,United Kingdom,2024-10-13
717,Olivia,Tanaka,olivia.tanaka717@example.com,Japan,2024-11-21
718,Robert,Taylor,robert.taylor718@example.com,United States,2024-02-06
719,Elizabeth,Tanaka,elizabeth.tanaka719@example.com,  Canada  ,2023-09-16
720,Marie,Brown,marie.brown720@example.com,France,2024-03-27
721,Patricia,Tanaka,patricia.tanaka721@example.com,United States,2024-03-26
722,John,Moore,john.moore722@example.com,Germany,2024-06-28
723,Marie,Wilson,,United States,2024-06-19
724,Hans,Lee,hans.lee724@example.com,United States,2024-03-15
725,David,Johnson,,United Kingdom,2024-12-11
726,William,Johnson,william.johnson726@example.com,United States,2023-07-23
727,Linda,Johnson,linda.johnson727@example.com,United States,2024-04-01
728,Olivia,Miller,olivia.miller728@example.com,UNITED STATES,2024-05-09
729,Mary,Jones,mary.jones729@example.com,United States,2024-09-15
730,Hans,Brown,hans.brown730@example.com,United States,2024-08-09
731,Yuki,Wilson,yuki.wilson731@example.com,France,2024-06-09
732,Olivia,Garcia,olivia.garcia732@example.com,United Kingdom,2023-06-02
733,Mary,Brown,mary.brown733@example.com,  United States  ,2024-11-04
734,Olivia,Tanaka,olivia.tanaka734@example.com,United States,2023-08-20
735,David,Miller,david.miller735@example.com,Germany,2023-02-14
736,Olivia,Lee,olivia.lee736@example.com,United States,2024-05-07
737,James,Jones,james.jones737@example.com,Germany,2023-06-14
738,Linda,Johnson,linda.johnson738@example.com,Australia,2024-09-15
739,James,Lee,james.lee739@example.com,Canada,2024-08-18
740,Linda,Wilson,,Japan,2024-03-04
741,John,Dubois,john.dubois741@example.com,Canada,2023-06-19
742,Marie,Miller,marie.miller742@example.com,Germany,2023-06-22
743,Michael,Chen,michael.chen743@example.com,United States,2023-08-21
744,Hans,Dubois,hans.dubois744@example.com,UNITED STATES,2023-02-17
745,Liam,Williams,liam.williams745@example.com,Canada,2024-06-15
746,Liam,Dubois,liam.dubois746@example.com,United States,2023-10-25
747,Yuki,Smith,yuki.smith747@example.com,United States,2024-02-23
748,David,Wilson,david.wilson748@example.com,United States,2024-07-21
749,James,Davis,james.davis749@example.com,Japan,2024-01-14
750,Michael,Tanaka,michael.tanaka750@example.com,United Kingdom,2023-11-12
751,Liam,Chen,liam.chen751@example.com,United States,2023-07-02
752,David,Taylor,david.taylor752@example.com,United States,2024-08-04
753,John,Dubois,john.dubois753@example.com,United States,2023-11-23
754,Marie,Williams,marie.williams754@example.com,United States,2024-04-27
755,Barbara,Taylor,barbara.taylor755@example.com,Canada,2023-05-07
756,Hans,Wilson,hans.wilson756@example.com,United States,2024-06-17
757,Marie,Moore,marie.moore757@example.com,Japan,2023-12-29
758,Elizabeth,Garcia,elizabeth.garcia758@example.com,Japan,2024-01-28
759,David,Miller,david.miller759@example.com,Australia,2024-04-15
760,Robert,Smith,robert.smith760@example.com,  United States  ,2023-07-21
761,David,Lee,david.lee761@example.com,Canada,2024-01-28
762,Yuki,Wilson,yuki.wilson762@example.com,Australia,2024-02-05
763,William,Jones,william.jones763@example.com,France,2024-03-07
764,Linda,Garcia,linda.garcia764@example.com,United States,2024-08-17
765,William,Smith,william.smith765@example.com,United States,2024-09-17
766,Barbara,Garcia,barbara.garcia766@example.com,JAPAN,2024-04-09
767,James,Lee,james.lee767@example.com,Canada,2023-11-24
768,Michael,Moore,michael.moore768@example.com,United States,2024-05-09
769,John,Dubois,john.dubois769@example.com,United States,2023-04-02
770,Barbara,Williams,barbara.williams770@example.com,United States,2024-06-15
771,Marie,Dubois,marie.dubois771@example.com,United States,2024-08-17
772,Barbara,Garcia,barbara.garcia772@example.com,United States,2024-03-24
773,Elizabeth,Davis,elizabeth.davis773@example.com,Canada,2023-04-22
774,Robert,Tanaka,robert.tanaka774@example.com,United States,2024-10-24
775,Michael,Miller,michael.miller775@example.com,Australia,2024-07-11
776,Marie,Smith,marie.smith776@example.com,United States,2024-08-26
777,Elizabeth,Mueller,elizabeth.mueller777@example.com,United States,2024-04-08
778,Wei,Moore,wei.moore778@example.com,Canada,2024-05-06
779,James,Moore,james.moore779@example.com,Germany,2024-04-14
780,John,Brown,john.brown780@example.com,FRANCE,2023-10-30
781,Robert,Garcia,robert.garcia781@example.com,Japan,2024-02-10
782,Robert,Lee,,United Kingdom,2024-03-08
783,Wei,Jones,wei.jones783@example.com,United States,2024-02-27
784,Mary,Jones,mary.jones784@example.com,United States,2023-07-06
785,John,Mueller,john.mueller785@example.com,  JAPAN  ,2024-04-25
786,Hans,Garcia,hans.garcia786@example.com,United States,2023-01-10
787,Yuki,Tanaka,yuki.tanaka787@example.com,United Kingdom,2023-02-10
788,Mary,Lee,mary.lee788@example.com,United Kingdom,2024-08-12
789,Linda,Wilson,linda.wilson789@example.com,Germany,2024-06-13
790,Olivia,Moore,olivia.moore790@example.com,United States,2023-02-09
791,Olivia,Smith,olivia.smith791@example.com,  France  ,2024-01-12
792,Hans,Lee,hans.lee792@example.com,Canada,2023-04-13
793,William,Johnson,william.johnson793@example.com,United States,2024-06-26
794,Patricia,Wilson,patricia.wilson794@example.com,France,2024-08-15
795,David,Davis,david.davis795@example.com,France,2024-06-18
796,Michael,Davis,michael.davis796@example.com,United Kingdom,2024-03-22
797,Elizabeth,Moore,elizabeth.moore797@example.com,  United States  ,2023-07-18
798,Elizabeth,Miller,elizabeth.miller798@example.com,United States,2023-07-10
799,James,Chen,james.chen799@example.com,United Kingdom,2024-03-21
800,James,Miller,james.miller800@example.com,France,2024-03-15
801,William,Davis,william.davis801@example.com,United States,2024-06-26
802,Liam,Tanaka,liam.tanaka802@example.com,United States,2024-10-10
803,James,Davis,james.davis803@example.com,United States,2024-02-22
804,James,Chen,james.chen804@example.com,Canada,2024-09-13
805,James,Taylor,james.taylor805@example.com,United States,2024-02-09
806,William,Mueller,william.mueller806@example.com,United States,2024-03-13
807,Wei,Lee,wei.lee807@example.com,Germany,2023-03-11
808,Linda,Chen,linda.chen808@example.com,United States,2024-05-22
809,James,Chen,james.chen809@example.com,United States,2024-11-10
810,Olivia,Brown,olivia.brown810@example.com,France,2023-02-19
811,Olivia,Smith,olivia.smith811@example.com,United States,2024-04-25
812,Michael,Lee,michael.lee812@example.com,United Kingdom,2023-08-05
813,Linda,Williams,linda.williams813@example.com,France,2024-10-12
814,Robert,Jones,robert.jones814@example.com,Germany,2023-11-16
815,Liam,Jones,liam.jones815@example.com,United States,2024-10-19
816,Jennifer,Brown,jennifer.brown816@example.com,United States,2023-10-23
817,Yuki,Davis,yuki.davis817@example.com,United States,2024-05-03
818,William,Chen,william.chen818@example.com,  United States  ,2024-02-28
819,Yuki,Dubois,yuki.dubois819@example.com,United States,2024-01-12
820,Linda,Johnson,linda.johnson820@example.com,United States,2023-07-15
821,Wei,Tanaka,wei.tanaka821@example.com,Japan,2024-07-25
822,Liam,Lee,liam.lee822@example.com,  United States  ,2024-07-14
823,Jennifer,Miller,jennifer.miller823@example.com,Canada,2024-08-24
824,Patricia,Smith,patricia.smith824@example.com,Germany,2024-12-14
825,Yuki,Brown,yuki.brown825@example.com,United States,2023-07-03
826,Marie,Jones,marie.jones826@example.com,Australia,2023-11-10
827,Linda,Jones,linda.jones827@example.com,United States,2023-06-15
828,Wei,Chen,wei.chen828@example.com,  France  ,2024-10-15
829,Wei,Taylor,wei.taylor829@example.com,France,2024-07-24
830,Hans,Lee,hans.lee830@example.com,Japan,2023-08-17
831,John,Garcia,john.garcia831@example.com,UNITED STATES,2023-03-29
832,Hans,Wilson,hans.wilson832@example.com,Germany,2024-01-23
833,Mary,Garcia,mary.garcia833@example.com,United States,2023-11-26
834,Robert,Lee,robert.lee834@example.com,United States,2024-08-22
835,Wei,Garcia,wei.garcia835@example.com,Canada,2024-07-03
836,David,Moore,david.moore836@example.com,United Kingdom,2024-08-01
837,Yuki,Dubois,yuki.dubois837@example.com,Japan,2023-11-05
838,Patricia,Chen,patricia.chen838@example.com,Germany,2024-07-18
839,Patricia,Chen,patricia.chen839@example.com,United States,2024-02-04
840,David,Brown,david.brown840@example.com,Canada,2023-06-19
841,Robert,Johnson,robert.johnson841@example.com,United States,2023-09-11
842,Michael,Davis,michael.davis842@example.com,  Japan  ,2024-10-31
843,Olivia,Moore,olivia.moore843@example.com,Canada,2023-11-25
844,Robert,Tanaka,robert.tanaka844@example.com,United States,2024-01-07
845,James,Garcia,james.garcia845@example.com,United States,2024-04-10
846,Hans,Jones,hans.jones846@example.com,United States,2024-07-06
847,Wei,Garcia,wei.garcia847@example.com,Canada,2024-07-20
848,Wei,Tanaka,wei.tanaka848@example.com,Australia,2024-04-10
849,Jennifer,Brown,jennifer.brown849@example.com,United States,2024-01-24
850,Robert,Tanaka,robert.tanaka850@example.com,United Kingdom,2023-08-20
851,Olivia,Wilson,olivia.wilson851@example.com,United Kingdom,2024-05-21
852,Patricia,Mueller,patricia.mueller852@example.com,Australia,2023-05-29
853,Liam,Brown,liam.brown853@example.com,United States,2023-07-12
854,Marie,Mueller,marie.mueller854@example.com,Japan,2023-07-07
855,John,Tanaka,john.tanaka855@example.com,United States,2023-09-01
856,Hans,Dubois,hans.dubois856@example.com,United States,2024-01-07
857,James,Johnson,james.johnson857@example.com,Australia,2024-12-23
858,James,Lee,james.lee858@example.com,United States,2024-03-25
859,David,Moore,david.moore859@example.com,Germany,2024-11-13
860,Liam,Mueller,liam.mueller860@example.com,Japan,2023-10-06
861,Wei,Dubois,wei.dubois861@example.com,United States,2024-11-16
862,David,Johnson,david.johnson862@example.com,United States,2023-11-03
863,Yuki,Smith,yuki.smith863@example.com,Germany,2024-03-11
864,Liam,Brown,liam.brown864@example.com,United Kingdom,2023-10-30
865,Jennifer,Garcia,jennifer.garcia865@example.com,United States,2024-01-15
866,Olivia,Smith,olivia.smith866@example.com,United Kingdom,2023-06-03
867,Yuki,Davis,yuki.davis867@example.com,United States,2024-08-14
868,Mary,Miller,mary.miller868@example.com,Germany,2024-03-08
869,Yuki,Williams,yuki.williams869@example.com,United States,2024-06-30
870,John,Mueller,john.mueller870@example.com,United States,2024-07-01
871,Marie,Johnson,marie.johnson871@example.com,Germany,2023-10-26
872,Elizabeth,Tanaka,elizabeth.tanaka872@example.com,Germany,2023-12-17
873,David,Williams,david.williams873@example.com,United States,2024-03-29
874,Mary,Dubois,mary.dubois874@example.com,United States,2024-06-25
875,Wei,Tanaka,wei.tanaka875@example.com,France,2023-12-22
876,John,Chen,john.chen876@example.com,Canada,2024-11-15
877,Robert,Jones,robert.jones877@example.com,France,2023-04-23
878,David,Tanaka,david.tanaka878@example.com,United States,2024-03-30
879,Linda,Lee,linda.lee879@example.com,  United States  ,2024-09-25
880,Barbara,Mueller,barbara.mueller880@example.com,United States,2023-04-18
881,Jennifer,Lee,jennifer.lee881@example.com,Australia,2024-08-13
882,David,Chen,david.chen882@example.com,UNITED STATES,2023-08-21
883,John,Jones,,United States,2024-07-18
884,Hans,Chen,hans.chen884@example.com,France,2023-09-06
885,Liam,Miller,liam.miller885@example.com,  AUSTRALIA  ,2024-08-01
886,Marie,Wilson,marie.wilson886@example.com,United States,2024-04-29
887,Jennifer,Jones,jennifer.jones887@example.com,United Kingdom,2024-02-16
888,James,Johnson,james.johnson888@example.com,CANADA,2024-09-01
889,Liam,Brown,liam.brown889@example.com,  Japan  ,2023-03-25
890,Olivia,Lee,olivia.lee890@example.com,United States,2024-06-25
891,Robert,Wilson,robert.wilson891@example.com,Germany,2023-11-25
892,Linda,Brown,linda.brown892@example.com,Australia,2024-11-21
893,Michael,Mueller,,Japan,2024-07-10
894,James,Williams,james.williams894@example.com,Canada,2023-04-04
895,David,Davis,david.davis895@example.com,Canada,2023-09-04
896,Hans,Mueller,hans.mueller896@example.com,United Kingdom,2024-08-31
897,Olivia,Brown,olivia.brown897@example.com,Germany,2024-02-27
898,Olivia,Mueller,olivia.mueller898@example.com,Canada,2024-10-14
899,Wei,Garcia,wei.garcia899@example.com,UNITED STATES,2024-03-10
900,Liam,Mueller,,United States,2024-06-27
901,Patricia,Smith,patricia.smith901@example.com,United States,2024-11-03
902,David,Lee,david.lee902@example.com,Japan,2023-09-06
903,Jennifer,Jones,jennifer.jones903@example.com,United States,2024-11-05
904,Robert,Taylor,robert.taylor904@example.com,United States,2024-11-05
905,Hans,Wilson,hans.wilson905@example.com,Germany,2024-03-03
906,Yuki,Jones,,United States,2024-01-23
907,Patricia,Williams,patricia.williams907@example.com,United States,2024-07-20
908,John,Miller,john.miller908@example.com,United States,2024-11-17
909,Michael,Smith,michael.smith909@example.com,United States,2023-09-27
910,Jennifer,Wilson,jennifer.wilson910@example.com,United Kingdom,2024-09-28
911,David,Miller,david.miller911@example.com,UNITED KINGDOM,2023-10-16
912,Yuki,Mueller,yuki.mueller912@example.com,United States,2024-08-17
913,Elizabeth,Dubois,elizabeth.dubois913@example.com,United States,2023-11-28
914,Patricia,Brown,patricia.brown914@example.com,Canada,2023-05-06
915,Mary,Tanaka,mary.tanaka915@example.com,United States,2023-07-05
916,John,Wilson,john.wilson916@example.com,Australia,2023-07-01
917,Robert,Tanaka,robert.tanaka917@example.com,Canada,2023-09-27
918,Michael,Tanaka,michael.tanaka918@example.com,United Kingdom,2023-11-19
919,Linda,Wilson,linda.wilson919@example.com,United Kingdom,2024-08-06
920,James,Lee,james.lee920@example.com,Japan,2023-12-29
921,Yuki,Mueller,yuki.mueller921@example.com,Germany,2023-09-30
922,Barbara,Chen,barbara.chen922@example.com,United States,2023-03-19
923,James,Williams,james.williams923@example.com,United States,2024-02-25
924,Patricia,Lee,patricia.lee924@example.com,United States,2023-10-07
925,Olivia,Jones,olivia.jones925@example.com,United States,2024-04-20
926,Marie,Miller,marie.miller926@example.com,United States,2024-03-06
927,Michael,Davis,michael.davis927@example.com,  Germany  ,2024-08-15
928,Hans,Wilson,hans.wilson928@example.com,United States,2024-06-13
929,David,Jones,david.jones929@example.com,United States,2023-10-15
930,Liam,Miller,liam.miller930@example.com,France,2024-04-05
931,Olivia,Jones,olivia.jones931@example.com,  United Kingdom  ,2024-09-26
932,Wei,Davis,wei.davis932@example.com,United Kingdom,2024-08-05
933,Elizabeth,Lee,elizabeth.lee933@example.com,France,2024-06-23
934,Jennifer,Johnson,jennifer.johnson934@example.com,Germany,2023-09-16
935,James,Chen,james.chen935@example.com,United States,2023-05-19
936,Robert,Dubois,robert.dubois936@example.com,United Kingdom,2024-06-18
937,Marie,Miller,marie.miller937@example.com,France,2023-09-19
938,Hans,Chen,hans.chen938@example.com,CANADA,2024-11-24
939,John,Miller,john.miller939@example.com,Australia,2024-02-28
940,Yuki,Moore,yuki.moore940@example.com,United States,2024-06-16
941,Barbara,Smith,barbara.smith941@example.com,United Kingdom,2024-08-12
942,Barbara,Dubois,barbara.dubois942@example.com,France,2023-09-25
943,James,Moore,james.moore943@example.com,United States,2023-04-15
944,Elizabeth,Taylor,elizabeth.taylor944@example.com,Canada,2024-05-29
945,James,Johnson,james.johnson945@example.com,United States,2023-09-28
946,Robert,Moore,robert.moore946@example.com,Australia,2023-12-04
947,Patricia,Wilson,patricia.wilson947@example.com,United States,2023-03-19
948,Wei,Mueller,,Germany,2024-04-13
949,David,Garcia,david.garcia949@example.com,United States,2024-10-20
950,Liam,Mueller,liam.mueller950@example.com,United Kingdom,2023-08-14
951,Robert,Lee,robert.lee951@example.com,United States,2024-10-02
952,Jennifer,Wilson,jennifer.wilson952@example.com,United States,2024-09-24
953,John,Tanaka,john.tanaka953@example.com,Canada,2023-08-09
954,Wei,Jones,wei.jones954@example.com,CANADA,2024-10-26
955,Linda,Dubois,linda.dubois955@example.com,United Kingdom,2024-05-04
956,Elizabeth,Smith,elizabeth.smith956@example.com,Germany,2024-01-02
957,Patricia,Lee,patricia.lee957@example.com,United Kingdom,2024-12-21
958,James,Mueller,james.mueller958@example.com,Canada,2024-12-15
959,Michael,Mueller,michael.mueller959@example.com,UNITED STATES,2024-11-30
960,William,Miller,william.miller960@example.com,United States,2024-05-07
961,William,Mueller,william.mueller961@example.com,United Kingdom,2023-10-19
962,Robert,Jones,,United Kingdom,2023-05-28
963,Liam,Miller,liam.miller963@example.com,United States,2024-10-05
964,James,Wilson,james.wilson964@example.com,United States,2023-01-05
965,James,Wilson,james.wilson965@example.com,France,2024-07-06
966,Michael,Garcia,,Germany,2024-03-15
967,Patricia,Tanaka,patricia.tanaka967@example.com,United Kingdom,2024-12-01
968,Jennifer,Moore,jennifer.moore968@example.com,United States,2024-01-17
969,Patricia,Moore,patricia.moore969@example.com,United States,2023-07-09
970,Liam,Taylor,liam.taylor970@example.com,Canada,2024-03-10
971,Robert,Lee,robert.lee971@example.com,United Kingdom,2024-04-07
972,Liam,Miller,liam.miller972@example.com,Australia,2024-01-02
973,Elizabeth,Johnson,elizabeth.johnson973@example.com,France,2023-12-26
974,David,Garcia,david.garcia974@example.com,Canada,2024-07-22
975,Hans,Garcia,hans.garcia975@example.com,France,2024-04-20
976,William,Chen,william.chen976@example.com,United States,2023-10-13
977,Hans,Chen,hans.chen977@example.com,Canada,2024-05-12
978,James,Miller,james.miller978@example.com,France,2023-11-15
979,Patricia,Jones,patricia.jones979@example.com,Japan,2024-01-21
980,James,Wilson,james.wilson980@example.com,United States,2023-06-12
981,John,Lee,john.lee981@example.com,Canada,2023-10-28
982,James,Davis,james.davis982@example.com,United Kingdom,2023-06-08
983,John,Brown,john.brown983@example.com,Germany,2023-05-26
984,Linda,Chen,linda.chen984@example.com,United Kingdom,2024-09-12
985,Wei,Garcia,wei.garcia985@example.com,  UNITED STATES  ,2024-04-02
986,Michael,Tanaka,michael.tanaka986@example.com,United States,2023-10-08
987,Barbara,Davis,barbara.davis987@example.com,France,2023-12-19
988,Elizabeth,Dubois,elizabeth.dubois988@example.com,United States,2023-06-06
989,Jennifer,Jones,jennifer.jones989@example.com,France,2024-05-15
990,Michael,Taylor,michael.taylor990@example.com,United States,2023-07-19
991,David,Brown,david.brown991@example.com,Germany,2023-04-15
992,Barbara,Garcia,barbara.garcia992@example.com,Germany,2024-12-10
993,Yuki,Taylor,yuki.taylor993@example.com,United States,2024-11-05
994,Yuki,Lee,yuki.lee994@example.com,United States,2024-08-17
995,Wei,Williams,wei.williams995@example.com,Germany,2023-04-01
996,Hans,Taylor,,United States,2024-08-16
997,Liam,Tanaka,liam.tanaka997@example.com,United Kingdom,2023-12-02
998,Mary,Taylor,mary.taylor998@example.com,United States,2024-11-30
999,William,Chen,william.chen999@example.com,Canada,2024-08-25
1000,John,Mueller,john.mueller1000@example.com,United States,2024-08-22
1001,Patricia,Williams,patricia.williams1001@example.com,United States,2024-07-05
1002,Barbara,Johnson,barbara.johnson1002@example.com,Canada,2023-11-06
1003,David,Johnson,david.johnson1003@example.com,Germany,2023-02-15
1004,Liam,Wilson,liam.wilson1004@example.com,United States,2024-09-27
1005,Hans,Garcia,hans.garcia1005@example.com,Germany,2023-11-21
1006,Linda,Chen,linda.chen1006@example.com,United Kingdom,2024-07-21
1007,John,Davis,john.davis1007@example.com,United States,2024-05-07
1008,Yuki,Wilson,yuki.wilson1008@example.com,Germany,2024-11-22
1009,Yuki,Garcia,yuki.garcia1009@example.com,Canada,2023-08-18
1010,Marie,Taylor,marie.taylor1010@example.com,United States,2024-01-11
1011,Liam,Wilson,liam.wilson1011@example.com,United States,2024-03-02
1012,David,Jones,david.jones1012@example.com,France,2023-07-01
1013,Elizabeth,Chen,elizabeth.chen1013@example.com,UNITED STATES,2024-04-27
1014,Liam,Lee,liam.lee1014@example.com,United States,2023-08-07
1015,James,Williams,james.williams1015@example.com,Germany,2024-05-08
1016,Michael,Johnson,michael.johnson1016@example.com,United States,2024-09-13
1017,Linda,Tanaka,linda.tanaka1017@example.com,France,2023-12-31
1018,David,Moore,david.moore1018@example.com,United States,2024-02-05
1019,Yuki,Lee,yuki.lee1019@example.com,  United States  ,2024-01-07
1020,Michael,Tanaka,michael.tanaka1020@example.com,Canada,2024-06-08
1021,Olivia,Taylor,,France,2024-01-19
1022,Olivia,Dubois,olivia.dubois1022@example.com,United Kingdom,2024-03-03
1023,Mary,Chen,mary.chen1023@example.com,United States,2023-06-25
1024,William,Wilson,william.wilson1024@example.com,United States,2024-11-11
1025,Yuki,Brown,yuki.brown1025@example.com,United Kingdom,2024-02-07
1026,Jennifer,Smith,jennifer.smith1026@example.com,UNITED STATES,2024-08-05
1027,Elizabeth,Tanaka,elizabeth.tanaka1027@example.com,Germany,2024-11-20
1028,Hans,Jones,,  United States  ,2024-07-20
1029,Mary,Taylor,mary.taylor1029@example.com,France,2024-11-18
1030,Marie,Davis,marie.davis1030@example.com,  United Kingdom  ,2024-01-23
1031,Linda,Davis,linda.davis1031@example.com,Australia,2023-12-20
1032,Olivia,Moore,olivia.moore1032@example.com,United States,2024-04-05
1033,Elizabeth,Johnson,elizabeth.johnson1033@example.com,  Canada  ,2024-08-29
1034,Wei,Smith,wei.smith1034@example.com,United Kingdom,2024-06-27
1035,Michael,Garcia,michael.garcia1035@example.com,France,2023-02-22
1036,Michael,Brown,,Australia,2023-12-22
1037,Liam,Moore,liam.moore1037@example.com,Canada,2023-07-11
1038,Barbara,Tanaka,barbara.tanaka1038@example.com,Germany,2023-08-07
1039,Robert,Jones,robert.jones1039@example.com,United States,2023-08-29
1040,Elizabeth,Tanaka,elizabeth.tanaka1040@example.com,United States,2023-12-01
1041,Mary,Brown,mary.brown1041@example.com,Australia,2024-03-24
1042,David,Wilson,david.wilson1042@example.com,CANADA,2023-09-15
1043,David,Lee,david.lee1043@example.com,France,2023-04-16
1044,Robert,Davis,robert.davis1044@example.com,United Kingdom,2024-03-15
1045,Patricia,Chen,patricia.chen1045@example.com,Germany,2024-11-01
1046,Linda,Jones,linda.jones1046@example.com,United States,2024-05-29
1047,David,Garcia,david.garcia1047@example.com,United States,2024-08-08
1048,John,Garcia,john.garcia1048@example.com,United Kingdom,2023-01-31
1049,Robert,Lee,robert.lee1049@example.com,United States,2023-05-15
1050,Olivia,Mueller,olivia.mueller1050@example.com,France,2023-12-29
1051,James,Williams,james.williams1051@example.com,Australia,2024-02-22
1052,Barbara,Lee,,Japan,2024-07-04
1053,Michael,Mueller,michael.mueller1053@example.com,  UNITED STATES  ,2023-03-10
1054,Jennifer,Dubois,jennifer.dubois1054@example.com,United States,2023-06-18
1055,Mary,Davis,mary.davis1055@example.com,France,2024-04-13
1056,Barbara,Chen,barbara.chen1056@example.com,Australia,2024-07-04
1057,Barbara,Dubois,barbara.dubois1057@example.com,United Kingdom,2023-07-08
1058,Wei,Williams,wei.williams1058@example.com,UNITED KINGDOM,2024-04-05
1059,Marie,Lee,marie.lee1059@example.com,United States,2024-09-10
1060,William,Moore,,United States,2023-01-17
1061,John,Chen,john.chen1061@example.com,United Kingdom,2024-07-18
1062,Jennifer,Smith,jennifer.smith1062@example.com,Japan,2024-09-18
1063,Robert,Brown,robert.brown1063@example.com,Germany,2024-03-05
1064,Patricia,Taylor,patricia.taylor1064@example.com,  United States  ,2024-10-08
1065,Linda,Garcia,linda.garcia1065@example.com,United States,2023-05-23
1066,Elizabeth,Chen,elizabeth.chen1066@example.com,United States,2024-03-20
1067,Hans,Taylor,hans.taylor1067@example.com,United States,2024-11-18
1068,Jennifer,Tanaka,jennifer.tanaka1068@example.com,United States,2023-07-15
1069,John,Lee,john.lee1069@example.com,United States,2023-10-17
1070,James,Wilson,james.wilson1070@example.com,Canada,2023-08-14
1071,Olivia,Jones,olivia.jones1071@example.com,United States,2024-02-21
1072,Elizabeth,Smith,elizabeth.smith1072@example.com,United States,2024-05-17
1073,Marie,Dubois,marie.dubois1073@example.com,United States,2023-12-01
1074,Wei,Brown,,France,2024-08-09
1075,Patricia,Garcia,patricia.garcia1075@example.com,France,2024-04-26
1076,Liam,Garcia,liam.garcia1076@example.com,Germany,2023-11-21
1077,John,Johnson,john.johnson1077@example.com,United States,2023-09-06
1078,Robert,Moore,robert.moore1078@example.com,  Canada  ,2023-10-17
1079,Barbara,Mueller,barbara.mueller1079@example.com,France,2024-10-15
1080,Elizabeth,Williams,elizabeth.williams1080@example.com,United States,2024-10-17
1081,Robert,Tanaka,robert.tanaka1081@example.com,Japan,2024-01-13
1082,Patricia,Dubois,patricia.dubois1082@example.com,United States,2023-08-21
1083,Patricia,Miller,,France,2024-12-09
1084,William,Garcia,william.garcia1084@example.com,Australia,2023-11-29
1085,Wei,Taylor,wei.taylor1085@example.com,United States,2024-10-16
1086,William,Chen,william.chen1086@example.com,Canada,2024-10-12
1087,Elizabeth,Mueller,elizabeth.mueller1087@example.com,United Kingdom,2024-07-08
1088,Liam,Wilson,liam.wilson1088@example.com,United Kingdom,2024-01-12
1089,Michael,Jones,michael.jones1089@example.com,United Kingdom,2023-11-27
1090,Mary,Mueller,mary.mueller1090@example.com,Canada,2024-08-09
1091,David,Davis,david.davis1091@example.com,United States,2023-11-23
1092,James,Brown,james.brown1092@example.com,  United States  ,2024-03-23
1093,Wei,Chen,wei.chen1093@example.com,United States,2024-12-15
1094,James,Miller,james.miller1094@example.com,UNITED STATES,2024-11-21
1095,Hans,Mueller,hans.mueller1095@example.com,United States,2024-09-08
1096,Elizabeth,Miller,elizabeth.miller1096@example.com,  Japan  ,2023-11-25
1097,Elizabeth,Davis,elizabeth.davis1097@example.com,Australia,2024-11-21
1098,Yuki,Mueller,yuki.mueller1098@example.com,Japan,2023-08-08
1099,Jennifer,Davis,jennifer.davis1099@example.com,United States,2023-06-07
1100,William,Miller,william.miller1100@example.com,United States,2024-01-05
1101,John,Williams,john.williams1101@example.com,United States,2023-10-31
1102,Robert,Dubois,robert.dubois1102@example.com,Canada,2023-09-28
1103,Michael,Tanaka,michael.tanaka1103@example.com,United States,2023-11-05
1104,William,Williams,william.williams1104@example.com,  United States  ,2023-05-29
1105,Jennifer,Taylor,jennifer.taylor1105@example.com,United Kingdom,2023-06-01
1106,Linda,Dubois,linda.dubois1106@example.com,United States,2024-07-30
1107,Hans,Williams,hans.williams1107@example.com,France,2024-11-23
1108,Patricia,Brown,patricia.brown1108@example.com,Australia,2024-08-28
1109,William,Garcia,william.garcia1109@example.com,United Kingdom,2024-06-11
1110,Robert,Taylor,robert.taylor1110@example.com,Canada,2024-02-11
1111,James,Jones,james.jones1111@example.com,United States,2023-11-19
1112,John,Lee,john.lee1112@example.com,United States,2024-02-16
1113,Marie,Brown,marie.brown1113@example.com,United Kingdom,2023-06-21
1114,Olivia,Wilson,olivia.wilson1114@example.com,United States,2024-09-11
1115,William,Lee,william.lee1115@example.com,France,2024-08-30
1116,Yuki,Johnson,yuki.johnson1116@example.com,Australia,2024-11-07
1117,Wei,Lee,wei.lee1117@example.com,Australia,2024-02-25
1118,Patricia,Garcia,patricia.garcia1118@example.com,United Kingdom,2024-08-11
1119,David,Garcia,david.garcia1119@example.com,United States,2023-08-09
1120,Patricia,Wilson,patricia.wilson1120@example.com,United States,2024-11-02
1121,Marie,Jones,marie.jones1121@example.com,Germany,2023-12-19
1122,William,Moore,william.moore1122@example.com,France,2024-02-24
1123,Yuki,Moore,yuki.moore1123@example.com,United Kingdom,2023-11-26
1124,John,Moore,john.moore1124@example.com,Germany,2024-05-14
1125,David,Mueller,david.mueller1125@example.com,Germany,2023-08-16
1126,Barbara,Wilson,barbara.wilson1126@example.com,United States,2024-03-29
1127,James,Dubois,james.dubois1127@example.com,Canada,2024-05-09
1128,William,Davis,william.davis1128@example.com,  United States  ,2023-12-21
1129,Marie,Wilson,marie.wilson1129@example.com,United Kingdom,2024-08-01
1130,Elizabeth,Williams,elizabeth.williams1130@example.com,Canada,2024-03-22
1131,Michael,Brown,michael.brown1131@example.com,FRANCE,2024-10-11
1132,William,Jones,william.jones1132@example.com,United Kingdom,2024-11-29
1133,Marie,Davis,marie.davis1133@example.com,CANADA,2023-09-26
1134,Marie,Williams,marie.williams1134@example.com,Japan,2023-05-05
1135,Robert,Lee,robert.lee1135@example.com,Australia,2024-07-29
1136,Michael,Jones,michael.jones1136@example.com,United States,2024-10-23
1137,Barbara,Dubois,barbara.dubois1137@example.com,Germany,2024-09-22
1138,Patricia,Mueller,patricia.mueller1138@example.com,Germany,2023-09-21
1139,Barbara,Garcia,barbara.garcia1139@example.com,United States,2024-11-02
1140,Yuki,Wilson,yuki.wilson1140@example.com,United States,2024-09-23
1141,John,Tanaka,john.tanaka1141@example.com,Germany,2024-04-29
1142,William,Wilson,william.wilson1142@example.com,United States,2023-05-23
1143,Elizabeth,Davis,elizabeth.davis1143@example.com,United States,2023-06-22
1144,John,Wilson,john.wilson1144@example.com,United States,2024-12-07
1145,Yuki,Jones,yuki.jones1145@example.com,UNITED STATES,2024-05-18
1146,Olivia,Johnson,olivia.johnson1146@example.com,UNITED STATES,2024-11-06
1147,Hans,Wilson,hans.wilson1147@example.com,Australia,2024-02-28
1148,David,Tanaka,david.tanaka1148@example.com,France,2024-06-07
1149,Michael,Chen,michael.chen1149@example.com,Australia,2024-01-08
1150,Liam,Johnson,liam.johnson1150@example.com,France,2024-06-28
1151,Linda,Taylor,linda.taylor1151@example.com,Japan,2024-04-22
1152,Elizabeth,Wilson,elizabeth.wilson1152@example.com,Australia,2023-05-10
1153,Hans,Chen,hans.chen1153@example.com,United States,2023-10-22
1154,Olivia,Miller,olivia.miller1154@example.com,Canada,2023-10-30
1155,Michael,Williams,michael.williams1155@example.com,United States,2023-09-08
1156,Elizabeth,Williams,elizabeth.williams1156@example.com,FRANCE,2023-08-08
1157,Wei,Taylor,wei.taylor1157@example.com,Japan,2023-04-17
1158,David,Moore,david.moore1158@example.com,Germany,2024-10-18
1159,David,Miller,,Japan,2023-07-24
1160,John,Taylor,john.taylor1160@example.com,United States,2024-07-01
1161,John,Chen,john.chen1161@example.com,France,2023-01-31
1162,Wei,Jones,wei.jones1162@example.com,United States,2024-10-15
1163,Barbara,Taylor,barbara.taylor1163@example.com,United States,2024-09-03
1164,Liam,Miller,liam.miller1164@example.com,United States,2023-05-20
1165,Marie,Johnson,marie.johnson1165@example.com,United Kingdom,2024-07-01
1166,Marie,Lee,marie.lee1166@example.com,Germany,2024-07-05
1167,William,Smith,william.smith1167@example.com,France,2024-07-24
1168,Liam,Tanaka,liam.tanaka1168@example.com,Australia,2023-10-04
1169,Wei,Johnson,wei.johnson1169@example.com,United Kingdom,2024-02-11
1170,Mary,Chen,mary.chen1170@example.com,Germany,2024-02-27
1171,David,Williams,david.williams1171@example.com,Japan,2023-06-05
1172,Mary,Jones,mary.jones1172@example.com,Germany,2024-05-14
1173,Barbara,Williams,barbara.williams1173@example.com,United States,2024-06-03
1174,Jennifer,Jones,jennifer.jones1174@example.com,  United States  ,2023-06-30
1175,John,Dubois,john.dubois1175@example.com,France,2024-01-26
1176,Hans,Dubois,hans.dubois1176@example.com,Australia,2024-08-02
1177,Robert,Lee,robert.lee1177@example.com,United Kingdom,2023-11-29
1178,James,Smith,james.smith1178@example.com,United States,2024-12-21
1179,Linda,Williams,linda.williams1179@example.com,United Kingdom,2024-02-14
1180,Jennifer,Williams,jennifer.williams1180@example.com,United States,2024-02-27
1181,Yuki,Davis,yuki.davis1181@example.com,United States,2024-10-31
1182,David,Smith,david.smith1182@example.com,France,2024-03-31
1183,Marie,Johnson,marie.johnson1183@example.com,United Kingdom,2024-08-24
1184,David,Davis,david.davis1184@example.com,France,2024-07-12
1185,James,Jones,james.jones1185@example.com,Canada,2024-02-01
1186,Robert,Smith,robert.smith1186@example.com,United States,2023-11-15
1187,Elizabeth,Williams,elizabeth.williams1187@example.com,United States,2024-02-13
1188,Michael,Lee,michael.lee1188@example.com,Japan,2023-05-23
1189,Elizabeth,Moore,elizabeth.moore1189@example.com,Germany,2024-04-03
1190,Patricia,Wilson,patricia.wilson1190@example.com,Canada,2024-01-04
1191,Linda,Williams,linda.williams1191@example.com,United States,2024-07-17
1192,Liam,Chen,liam.chen1192@example.com,Australia,2024-02-11
1193,Liam,Lee,liam.lee1193@example.com,United States,2023-11-21
1194,William,Tanaka,william.tanaka1194@example.com,  United States  ,2024-11-15
1195,Jennifer,Lee,jennifer.lee1195@example.com,United States,2024-01-12
1196,Jennifer,Brown,jennifer.brown1196@example.com,United States,2024-09-04
1197,Patricia,Wilson,patricia.wilson1197@example.com,Canada,2024-02-03
1198,John,Taylor,john.taylor1198@example.com,United States,2023-05-14
1199,Hans,Jones,hans.jones1199@example.com,United States,2023-07-23
1200,Hans,Moore,hans.moore1200@example.com,Germany,2024-09-27
1201,Jennifer,Williams,jennifer.williams1201@example.com,Canada,2024-09-27
1202,James,Moore,james.moore1202@example.com,United Kingdom,2024-04-23
1203,Liam,Johnson,liam.johnson1203@example.com,Canada,2024-07-31
1204,David,Williams,david.williams1204@example.com,United States,2024-06-01
1205,Marie,Moore,,United States,2024-07-28
1206,Linda,Dubois,,United Kingdom,2024-02-29
1207,Mary,Taylor,mary.taylor1207@example.com,United States,2023-11-06
1208,Yuki,Garcia,yuki.garcia1208@example.com,  FRANCE  ,2024-11-09
1209,Yuki,Williams,yuki.williams1209@example.com,Australia,2024-11-05
1210,Yuki,Chen,,  Japan  ,2023-02-12
1211,Linda,Dubois,linda.dubois1211@example.com,United States,2024-05-21
1212,Hans,Tanaka,hans.tanaka1212@example.com,Australia,2024-01-07
1213,Liam,Tanaka,liam.tanaka1213@example.com,United States,2024-05-31
1214,Barbara,Smith,barbara.smith1214@example.com,Australia,2023-07-15
1215,Elizabeth,Tanaka,elizabeth.tanaka1215@example.com,United States,2024-12-12
1216,Barbara,Wilson,barbara.wilson1216@example.com,France,2023-05-23
1217,Linda,Jones,linda.jones1217@example.com,Canada,2024-03-22
1218,Jennifer,Lee,jennifer.lee1218@example.com,Germany,2023-08-23
1219,Yuki,Davis,yuki.davis1219@example.com,Germany,2024-04-19
1220,Hans,Johnson,hans.johnson1220@example.com,United States,2024-04-20
1221,Liam,Moore,liam.moore1221@example.com,Japan,2024-12-01
1222,Yuki,Mueller,yuki.mueller1222@example.com,United States,2024-05-01
1223,Liam,Jones,liam.jones1223@example.com,  Japan  ,2023-10-18
1224,Jennifer,Chen,jennifer.chen1224@example.com,United States,2024-06-23
1225,Liam,Wilson,liam.wilson1225@example.com,United States,2023-05-08
1226,Michael,Mueller,michael.mueller1226@example.com,Germany,2024-05-07
1227,Patricia,Taylor,patricia.taylor1227@example.com,Japan,2023-09-02
1228,Linda,Garcia,linda.garcia1228@example.com,United States,2024-03-03
1229,Marie,Garcia,marie.garcia1229@example.com,Canada,2024-07-20
1230,Yuki,Mueller,yuki.mueller1230@example.com,Germany,2023-10-13
1231,William,Smith,william.smith1231@example.com,United States,2023-08-08
1232,Marie,Lee,marie.lee1232@example.com,France,2023-03-04
1233,Patricia,Brown,patricia.brown1233@example.com,United States,2024-01-22
1234,Barbara,Wilson,barbara.wilson1234@example.com,United States,2023-12-02
1235,Mary,Tanaka,mary.tanaka1235@example.com,United States,2024-04-14
1236,Elizabeth,Lee,elizabeth.lee1236@example.com,United States,2023-05-13
1237,William,Dubois,william.dubois1237@example.com,United States,2024-12-13
1238,John,Wilson,john.wilson1238@example.com,United States,2023-11-14
1239,Olivia,Jones,olivia.jones1239@example.com,United States,2023-05-20
1240,Yuki,Mueller,yuki.mueller1240@example.com,Japan,2023-04-20
1241,John,Taylor,john.taylor1241@example.com,United States,2024-07-28
1242,Marie,Mueller,marie.mueller1242@example.com,  United States  ,2023-08-11
1243,Olivia,Tanaka,olivia.tanaka1243@example.com,Germany,2024-03-27
1244,Olivia,Mueller,olivia.mueller1244@example.com,Canada,2024-01-05
1245,William,Wilson,william.wilson1245@example.com,United States,2023-08-26
1246,Hans,Moore,hans.moore1246@example.com,Japan,2024-04-01
1247,Liam,Smith,liam.smith1247@example.com,United Kingdom,2024-07-14
1248,Wei,Williams,wei.williams1248@example.com,United States,2024-05-08
1249,Marie,Chen,marie.chen1249@example.com,Australia,2024-02-28
1250,Elizabeth,Davis,elizabeth.davis1250@example.com,Germany,2024-06-22
1251,Patricia,Brown,patricia.brown1251@example.com,United States,2024-12-16
1252,Liam,Wilson,liam.wilson1252@example.com,  United States  ,2024-10-23
1253,Elizabeth,Dubois,elizabeth.dubois1253@example.com,United States,2024-10-06
1254,Hans,Moore,hans.moore1254@example.com,CANADA,2024-07-21
1255,Robert,Davis,robert.davis1255@example.com,United States,2024-11-01
1256,Wei,Miller,wei.miller1256@example.com,United Kingdom,2024-09-09
1257,Jennifer,Taylor,jennifer.taylor1257@example.com,Australia,2024-06-02
1258,Olivia,Dubois,olivia.dubois1258@example.com,Germany,2024-11-07
1259,Linda,Wilson,linda.wilson1259@example.com,Canada,2024-03-12
1260,Yuki,Dubois,yuki.dubois1260@example.com,United Kingdom,2024-10-03
1261,David,Chen,david.chen1261@example.com,United Kingdom,2024-07-29
1262,Linda,Brown,linda.brown1262@example.com,United Kingdom,2024-10-30
1263,Marie,Chen,marie.chen1263@example.com,United States,2024-02-10
1264,Olivia,Davis,olivia.davis1264@example.com,United States,2024-07-26
1265,Jennifer,Johnson,jennifer.johnson1265@example.com,United States,2024-01-27
1266,Michael,Wilson,michael.wilson1266@example.com,United States,2024-12-02
1267,William,Williams,william.williams1267@example.com,United States,2023-07-16
1268,William,Smith,william.smith1268@example.com,JAPAN,2023-10-10
1269,Barbara,Mueller,barbara.mueller1269@example.com,Canada,2024-12-03
1270,John,Williams,john.williams1270@example.com,United States,2024-04-24
1271,Elizabeth,Taylor,elizabeth.taylor1271@example.com,United States,2024-08-11
1272,David,Williams,david.williams1272@example.com,United States,2024-05-28
1273,Mary,Johnson,mary.johnson1273@example.com,Germany,2023-04-09
1274,Olivia,Mueller,olivia.mueller1274@example.com,Germany,2024-01-31
1275,Patricia,Williams,patricia.williams1275@example.com,United States,2024-10-20
1276,Wei,Williams,wei.williams1276@example.com,United States,2023-07-12
1277,Barbara,Miller,barbara.miller1277@example.com,United States,2024-06-27
1278,Olivia,Mueller,olivia.mueller1278@example.com,Germany,2024-06-15
1279,Olivia,Mueller,olivia.mueller1279@example.com,United States,2024-01-15
1280,Wei,Lee,wei.lee1280@example.com,Japan,2024-10-01
1281,William,Garcia,william.garcia1281@example.com,France,2024-02-23
1282,David,Mueller,david.mueller1282@example.com,Australia,2023-12-09
1283,Elizabeth,Smith,elizabeth.smith1283@example.com,Australia,2023-09-12
1284,John,Lee,john.lee1284@example.com,United States,2024-11-28
1285,Barbara,Jones,barbara.jones1285@example.com,Canada,2024-05-26
1286,James,Taylor,james.taylor1286@example.com,United States,2024-08-15
1287,John,Smith,john.smith1287@example.com,United States,2024-03-01
1288,Jennifer,Williams,jennifer.williams1288@example.com,United States,2024-04-09
1289,Robert,Chen,robert.chen1289@example.com,Canada,2024-03-10
1290,Linda,Davis,linda.davis1290@example.com,United States,2024-11-19
1291,Mary,Dubois,mary.dubois1291@example.com,United States,2024-09-03
1292,David,Williams,david.williams1292@example.com,United States,2024-06-21
1293,Elizabeth,Brown,elizabeth.brown1293@example.com,United Kingdom,2023-05-30
1294,Elizabeth,Johnson,elizabeth.johnson1294@example.com,  United States  ,2024-02-02
1295,Wei,Wilson,wei.wilson1295@example.com,United States,2023-02-14
1296,Jennifer,Smith,jennifer.smith1296@example.com,United States,2023-08-26
1297,Wei,Mueller,wei.mueller1297@example.com,United Kingdom,2024-08-17
1298,Jennifer,Chen,jennifer.chen1298@example.com,France,2023-06-09
1299,Linda,Wilson,linda.wilson1299@example.com,Japan,2024-05-22
1300,Wei,Mueller,wei.mueller1300@example.com,United States,2024-04-02
1301,James,Davis,james.davis1301@example.com,Germany,2024-04-17
1302,James,Johnson,james.johnson1302@example.com,United States,2024-01-08
1303,Jennifer,Mueller,jennifer.mueller1303@example.com,Germany,2024-12-21
1304,Marie,Davis,marie.davis1304@example.com,Japan,2024-09-04
1305,Marie,Chen,marie.chen1305@example.com,United Kingdom,2024-09-27
1306,Patricia,Smith,patricia.smith1306@example.com,United Kingdom,2023-11-22
1307,Elizabeth,Brown,elizabeth.brown1307@example.com,Australia,2023-08-23
1308,Jennifer,Wilson,jennifer.wilson1308@example.com,United States,2023-09-25
1309,Robert,Tanaka,robert.tanaka1309@example.com,Germany,2024-01-31
1310,James,Brown,james.brown1310@example.com,United States,2024-10-27
1311,Marie,Dubois,marie.dubois1311@example.com,United Kingdom,2024-04-09
1312,James,Mueller,james.mueller1312@example.com,Japan,2024-03-12
1313,John,Smith,john.smith1313@example.com,United States,2024-05-04
1314,Mary,Johnson,mary.johnson1314@example.com,Japan,2024-12-29
1315,Jennifer,Mueller,jennifer.mueller1315@example.com,United Kingdom,2023-04-19
1316,Linda,Jones,linda.jones1316@example.com,France,2024-04-20
1317,David,Williams,david.williams1317@example.com,France,2023-10-19
1318,Robert,Brown,robert.brown1318@example.com,United States,2023-02-14
1319,Robert,Tanaka,robert.tanaka1319@example.com,Japan,2023-05-17
1320,Marie,Williams,marie.williams1320@example.com,United Kingdom,2024-03-22
1321,John,Taylor,john.taylor1321@example.com,United Kingdom,2024-08-13
1322,John,Tanaka,,United States,2024-04-12
1323,John,Dubois,john.dubois1323@example.com,United Kingdom,2023-04-01
1324,Elizabeth,Lee,elizabeth.lee1324@example.com,United States,2023-08-02
1325,David,Chen,david.chen1325@example.com,United States,2023-05-04
1326,Patricia,Garcia,patricia.garcia1326@example.com,United Kingdom,2024-10-16
1327,Wei,Miller,wei.miller1327@example.com,United Kingdom,2024-04-13
1328,Wei,Tanaka,wei.tanaka1328@example.com,United States,2024-07-28
1329,Olivia,Davis,olivia.davis1329@example.com,Germany,2023-08-17
1330,Michael,Jones,michael.jones1330@example.com,United Kingdom,2023-06-01
1331,Linda,Davis,linda.davis1331@example.com,United Kingdom,2023-07-09
1332,Hans,Lee,hans.lee1332@example.com,United Kingdom,2023-07-04
1333,Liam,Wilson,liam.wilson1333@example.com,Canada,2023-08-05
1334,Hans,Williams,hans.williams1334@example.com,France,2024-03-18
1335,Jennifer,Tanaka,jennifer.tanaka1335@example.com,Japan,2023-07-23
1336,Hans,Lee,hans.lee1336@example.com,United Kingdom,2023-03-07
1337,David,Chen,david.chen1337@example.com,United States,2024-03-21
1338,Patricia,Williams,patricia.williams1338@example.com,Germany,2024-10-29
1339,David,Garcia,david.garcia1339@example.com,United Kingdom,2023-07-04
1340,Hans,Jones,hans.jones1340@example.com,Australia,2024-06-22
1341,Elizabeth,Tanaka,elizabeth.tanaka1341@example.com,Japan,2024-07-23
1342,John,Williams,john.williams1342@example.com,Canada,2024-12-16
1343,Michael,Wilson,michael.wilson1343@example.com,France,2023-05-29
1344,Mary,Brown,mary.brown1344@example.com,United States,2024-07-23
1345,Hans,Jones,hans.jones1345@example.com,  United Kingdom  ,2023-04-12
1346,John,Johnson,john.johnson1346@example.com,United States,2024-11-05
1347,Barbara,Moore,barbara.moore1347@example.com,France,2024-12-10
1348,Patricia,Brown,patricia.brown1348@example.com,Canada,2023-03-24
1349,Patricia,Williams,patricia.williams1349@example.com,Canada,2023-11-14
1350,Linda,Moore,linda.moore1350@example.com,Canada,2023-12-04
1351,Linda,Williams,linda.williams1351@example.com,UNITED KINGDOM,2024-05-26
1352,Robert,Davis,robert.davis1352@example.com,Germany,2024-11-08
1353,Marie,Wilson,,France,2024-06-07
1354,Yuki,Moore,yuki.moore1354@example.com,United States,2024-09-01
1355,Mary,Brown,mary.brown1355@example.com,  Australia  ,2023-11-11
1356,Marie,Brown,marie.brown1356@example.com,United States,2024-05-17
1357,Barbara,Mueller,barbara.mueller1357@example.com,Canada,2024-05-28
1358,John,Smith,john.smith1358@example.com,United States,2024-03-09
1359,James,Miller,james.miller1359@example.com,  Australia  ,2023-12-02
1360,Wei,Dubois,,Japan,2024-01-31
1361,Patricia,Tanaka,patricia.tanaka1361@example.com,Canada,2024-05-14
1362,Linda,Williams,linda.williams1362@example.com,United States,2024-05-31
1363,Patricia,Williams,patricia.williams1363@example.com,Canada,2024-01-10
1364,James,Garcia,james.garcia1364@example.com,United States,2023-06-24
1365,Marie,Tanaka,marie.tanaka1365@example.com,United States,2023-02-20
1366,Hans,Williams,hans.williams1366@example.com,Australia,2024-10-04
1367,Liam,Taylor,liam.taylor1367@example.com,United States,2023-11-08
1368,Elizabeth,Williams,elizabeth.williams1368@example.com,United States,2023-04-14
1369,Linda,Tanaka,linda.tanaka1369@example.com,United Kingdom,2023-07-27
1370,Robert,Mueller,robert.mueller1370@example.com,United Kingdom,2023-09-29
1371,Linda,Moore,linda.moore1371@example.com,United States,2024-04-26
1372,Hans,Lee,hans.lee1372@example.com,France,2023-12-27
1373,Jennifer,Brown,jennifer.brown1373@example.com,  United States  ,2023-10-19
1374,Marie,Mueller,marie.mueller1374@example.com,United Kingdom,2023-08-24
1375,Jennifer,Dubois,jennifer.dubois1375@example.com,Australia,2023-10-18
1376,Patricia,Wilson,patricia.wilson1376@example.com,United States,2024-10-14
1377,Jennifer,Davis,jennifer.davis1377@example.com,United Kingdom,2024-07-23
1378,Jennifer,Jones,jennifer.jones1378@example.com,United States,2024-04-13
1379,Hans,Tanaka,hans.tanaka1379@example.com,UNITED STATES,2024-12-22
1380,Jennifer,Garcia,jennifer.garcia1380@example.com,United States,2024-06-24
1381,Michael,Lee,michael.lee1381@example.com,United Kingdom,2024-02-23
1382,Michael,Johnson,michael.johnson1382@example.com,  United States  ,2023-09-04
1383,Marie,Miller,marie.miller1383@example.com,  United Kingdom  ,2023-04-13
1384,Yuki,Moore,yuki.moore1384@example.com,  United States  ,2024-01-07
1385,James,Davis,james.davis1385@example.com,France,2024-04-18
1386,Mary,Williams,mary.williams1386@example.com,Australia,2024-10-16
1387,John,Smith,john.smith1387@example.com,United States,2024-03-01
1388,Elizabeth,Dubois,elizabeth.dubois1388@example.com,  Australia  ,2024-08-05
1389,Elizabeth,Johnson,elizabeth.johnson1389@example.com,France,2024-05-14
1390,Hans,Taylor,hans.taylor1390@example.com,Japan,2023-08-27
1391,John,Garcia,john.garcia1391@example.com,United Kingdom,2024-12-25
1392,Hans,Smith,hans.smith1392@example.com,United States,2024-04-21
1393,Patricia,Dubois,patricia.dubois1393@example.com,France,2024-02-03
1394,Wei,Smith,wei.smith1394@example.com,United States,2024-09-21
1395,Mary,Davis,mary.davis1395@example.com,United States,2024-02-07
1396,Liam,Garcia,liam.garcia1396@example.com,United States,2024-09-24
1397,Barbara,Williams,barbara.williams1397@example.com,United States,2023-07-01
1398,Hans,Chen,,Australia,2024-10-07
1399,Hans,Miller,hans.miller1399@example.com,United Kingdom,2024-04-11
1400,Barbara,Miller,barbara.miller1400@example.com,France,2024-10-16
1401,Michael,Mueller,michael.mueller1401@example.com,United States,2024-02-07
1402,Yuki,Chen,yuki.chen1402@example.com,Germany,2024-11-08
1403,Barbara,Williams,barbara.williams1403@example.com,United States,2023-02-08
1404,Elizabeth,Williams,elizabeth.williams1404@example.com,GERMANY,2023-08-06
1405,Wei,Taylor,wei.taylor1405@example.com,United States,2024-10-26
1406,John,Miller,john.miller1406@example.com,France,2024-03-14
1407,Hans,Lee,hans.lee1407@example.com,United States,2024-07-11
1408,Patricia,Taylor,,Japan,2024-04-20
1409,Michael,Brown,michael.brown1409@example.com,United Kingdom,2023-11-07
1410,James,Lee,,United States,2023-10-30
1411,James,Jones,,United States,2024-02-14
1412,Patricia,Mueller,patricia.mueller1412@example.com,Canada,2024-05-31
1413,Jennifer,Garcia,jennifer.garcia1413@example.com,United Kingdom,2023-05-20
1414,John,Smith,john.smith1414@example.com,United States,2023-08-02
1415,Marie,Taylor,marie.taylor1415@example.com,Germany,2024-11-13
1416,David,Williams,david.williams1416@example.com,United States,2024-06-09
1417,David,Mueller,david.mueller1417@example.com,United States,2024-07-27
1418,Patricia,Wilson,patricia.wilson1418@example.com,Australia,2023-09-28
1419,Olivia,Moore,olivia.moore1419@example.com,United Kingdom,2023-04-01
1420,James,Williams,james.williams1420@example.com,United States,2024-12-21
1421,Jennifer,Tanaka,jennifer.tanaka1421@example.com,United States,2023-12-31
1422,Mary,Taylor,mary.taylor1422@example.com,United States,2023-02-18
1423,John,Garcia,john.garcia1423@example.com,Japan,2023-04-20
1424,David,Moore,david.moore1424@example.com,United Kingdom,2023-05-18
1425,James,Moore,james.moore1425@example.com,United States,2024-01-10
1426,John,Garcia,john.garcia1426@example.com,United Kingdom,2023-05-22
1427,John,Davis,john.davis1427@example.com,Canada,2023-08-05
1428,Wei,Mueller,wei.mueller1428@example.com,Germany,2023-06-30
1429,John,Lee,john.lee1429@example.com,United States,2024-04-22
1430,Mary,Chen,mary.chen1430@example.com,Japan,2024-10-13
1431,Elizabeth,Miller,elizabeth.miller1431@example.com,United States,2023-12-27
1432,John,Williams,john.williams1432@example.com,France,2024-09-25
1433,John,Moore,john.moore1433@example.com,United States,2024-05-30
1434,Olivia,Jones,olivia.jones1434@example.com,United States,2024-12-17
1435,Olivia,Taylor,olivia.taylor1435@example.com,Canada,2024-09-05
1436,William,Williams,william.williams1436@example.com,United States,2024-12-23
1437,Jennifer,Wilson,jennifer.wilson1437@example.com,United States,2024-09-23
1438,Mary,Smith,mary.smith1438@example.com,United States,2024-02-20
1439,Olivia,Moore,olivia.moore1439@example.com,United States,2023-06-03
1440,Olivia,Moore,olivia.moore1440@example.com,United States,2023-11-27
1441,Patricia,Wilson,patricia.wilson1441@example.com,Canada,2024-07-18
1442,Olivia,Garcia,olivia.garcia1442@example.com,France,2023-07-02
1443,Hans,Mueller,hans.mueller1443@example.com,United States,2024-01-09
1444,Olivia,Moore,olivia.moore1444@example.com,UNITED STATES,2024-12-15
1445,Jennifer,Tanaka,jennifer.tanaka1445@example.com,Germany,2023-05-20
1446,William,Wilson,william.wilson1446@example.com,United States,2024-12-12
1447,William,Williams,william.williams1447@example.com,United States,2024-05-02
1448,James,Williams,james.williams1448@example.com,United States,2023-12-05
1449,Mary,Chen,mary.chen1449@example.com,Japan,2023-10-07
1450,Elizabeth,Taylor,elizabeth.taylor1450@example.com,Australia,2023-04-20
1451,Hans,Johnson,hans.johnson1451@example.com,United States,2023-06-16
1452,Jennifer,Miller,jennifer.miller1452@example.com,United States,2024-12-26
1453,Barbara,Garcia,barbara.garcia1453@example.com,United States,2024-09-20
1454,Michael,Smith,michael.smith1454@example.com,United Kingdom,2023-10-10
1455,Robert,Williams,robert.williams1455@example.com,  Canada  ,2024-12-08
1456,Hans,Tanaka,hans.tanaka1456@example.com,United Kingdom,2023-12-17
1457,James,Mueller,james.mueller1457@example.com,United Kingdom,2023-02-19
1458,Yuki,Williams,yuki.williams1458@example.com,Canada,2024-09-12
1459,Linda,Miller,linda.miller1459@example.com,United States,2024-03-21
1460,James,Mueller,james.mueller1460@example.com,United States,2024-03-14
1461,Yuki,Garcia,yuki.garcia1461@example.com,UNITED KINGDOM,2024-12-10
1462,Robert,Moore,robert.moore1462@example.com,Germany,2024-06-14
1463,Jennifer,Mueller,jennifer.mueller1463@example.com,United States,2024-05-12
1464,Michael,Johnson,michael.johnson1464@example.com,United Kingdom,2023-08-19
1465,Wei,Dubois,wei.dubois1465@example.com,Germany,2024-02-23
1466,Robert,Lee,robert.lee1466@example.com,Australia,2023-10-12
1467,Mary,Smith,mary.smith1467@example.com,United States,2024-08-11
1468,Mary,Chen,mary.chen1468@example.com,United Kingdom,2023-05-18
1469,Olivia,Brown,olivia.brown1469@example.com,Australia,2024-12-30
1470,John,Taylor,john.taylor1470@example.com,United States,2024-06-05
1471,David,Johnson,david.johnson1471@example.com,Canada,2024-05-22
1472,Michael,Chen,michael.chen1472@example.com,United States,2024-03-03
1473,Wei,Garcia,wei.garcia1473@example.com,United Kingdom,2024-08-03
1474,Linda,Taylor,linda.taylor1474@example.com,United Kingdom,2024-03-27
1475,Mary,Dubois,mary.dubois1475@example.com,Canada,2023-12-18
1476,Michael,Mueller,michael.mueller1476@example.com,United States,2023-05-25
1477,Linda,Chen,linda.chen1477@example.com,United Kingdom,2024-09-04
1478,David,Moore,david.moore1478@example.com,United Kingdom,2024-06-07
1479,Liam,Taylor,,Germany,2023-08-21
1480,Patricia,Taylor,patricia.taylor1480@example.com,France,2023-11-16
1481,Liam,Williams,liam.williams1481@example.com,Australia,2024-11-03
1482,Mary,Brown,mary.brown1482@example.com,France,2023-12-13
1483,William,Lee,william.lee1483@example.com,Japan,2024-05-30
1484,William,Smith,william.smith1484@example.com,Japan,2024-02-16
1485,David,Jones,david.jones1485@example.com,UNITED KINGDOM,2023-08-24
1486,Marie,Moore,marie.moore1486@example.com,Australia,2023-11-21
1487,Wei,Wilson,wei.wilson1487@example.com,United States,2023-09-06
1488,Liam,Miller,liam.miller1488@example.com,United Kingdom,2023-01-29
1489,Robert,Brown,robert.brown1489@example.com,United Kingdom,2024-01-20
1490,Elizabeth,Moore,elizabeth.moore1490@example.com,GERMANY,2023-05-21
1491,Hans,Jones,hans.jones1491@example.com,France,2023-08-29
1492,Liam,Johnson,liam.johnson1492@example.com,United States,2024-07-04
1493,Robert,Mueller,robert.mueller1493@example.com,Germany,2023-03-28
1494,Elizabeth,Garcia,elizabeth.garcia1494@example.com,United Kingdom,2024-11-06
1495,Yuki,Smith,yuki.smith1495@example.com,United States,2024-05-31
1496,Yuki,Taylor,yuki.taylor1496@example.com,United Kingdom,2024-06-10
1497,Elizabeth,Brown,elizabeth.brown1497@example.com,UNITED STATES,2024-12-17
1498,Marie,Mueller,marie.mueller1498@example.com,United States,2024-01-08
1499,James,Tanaka,james.tanaka1499@example.com,Australia,2024-02-20
1500,William,Tanaka,william.tanaka1500@example.com,Japan,2024-03-22
1501,Marie,Moore,marie.moore1501@example.com,United States,2023-09-09
1502,Liam,Miller,liam.miller1502@example.com,France,2023-04-15
1503,Barbara,Garcia,barbara.garcia1503@example.com,United Kingdom,2024-04-09
1504,Olivia,Brown,olivia.brown1504@example.com,United Kingdom,2023-06-18
1505,Hans,Garcia,hans.garcia1505@example.com,  Australia  ,2023-09-19
1506,Michael,Dubois,michael.dubois1506@example.com,Australia,2024-02-10
1507,Barbara,Taylor,barbara.taylor1507@example.com,  Australia  ,2023-04-30
1508,Robert,Wilson,robert.wilson1508@example.com,United Kingdom,2024-05-23
1509,Olivia,Smith,olivia.smith1509@example.com,  United Kingdom  ,2024-05-28
1510,Marie,Wilson,marie.wilson1510@example.com,United States,2024-08-09
1511,Barbara,Tanaka,barbara.tanaka1511@example.com,Canada,2023-12-18
1512,Wei,Tanaka,wei.tanaka1512@example.com,UNITED STATES,2023-06-17
1513,Hans,Davis,hans.davis1513@example.com,United States,2023-05-09
1514,Olivia,Moore,olivia.moore1514@example.com,France,2024-01-04
1515,Liam,Dubois,liam.dubois1515@example.com,Germany,2023-10-19
1516,Olivia,Chen,olivia.chen1516@example.com,United States,2024-11-08
1517,Robert,Moore,robert.moore1517@example.com,United Kingdom,2023-09-25
1518,Michael,Mueller,michael.mueller1518@example.com,UNITED STATES,2023-11-06
1519,Wei,Williams,wei.williams1519@example.com,France,2024-01-27
1520,Patricia,Tanaka,patricia.tanaka1520@example.com,Germany,2023-01-25
1521,Olivia,Brown,olivia.brown1521@example.com,United States,2024-10-22
1522,Olivia,Garcia,olivia.garcia1522@example.com,UNITED KINGDOM,2023-06-20
1523,Jennifer,Taylor,jennifer.taylor1523@example.com,Japan,2024-09-27
1524,Elizabeth,Williams,elizabeth.williams1524@example.com,Japan,2024-01-08
1525,Elizabeth,Wilson,elizabeth.wilson1525@example.com,Australia,2024-03-09
1526,Patricia,Williams,patricia.williams1526@example.com,United Kingdom,2024-06-09
1527,Elizabeth,Johnson,elizabeth.johnson1527@example.com,United States,2024-05-12
1528,Wei,Davis,wei.davis1528@example.com,Australia,2023-09-01
1529,Wei,Jones,wei.jones1529@example.com,Australia,2024-09-07
1530,James,Garcia,james.garcia1530@example.com,United States,2024-09-10
1531,William,Brown,william.brown1531@example.com,Australia,2024-04-20
1532,Hans,Miller,hans.miller1532@example.com,Germany,2023-05-09
1533,Yuki,Dubois,yuki.dubois1533@example.com,United States,2024-10-02
1534,Barbara,Dubois,barbara.dubois1534@example.com,Germany,2023-04-18
1535,Elizabeth,Brown,elizabeth.brown1535@example.com,United States,2023-06-19
1536,James,Wilson,james.wilson1536@example.com,  Canada  ,2023-12-12
1537,Linda,Smith,linda.smith1537@example.com,United States,2023-08-06
1538,Patricia,Moore,patricia.moore1538@example.com,United States,2023-11-05
1539,James,Dubois,james.dubois1539@example.com,Australia,2024-02-28
1540,Robert,Johnson,robert.johnson1540@example.com,Australia,2024-09-24
1541,James,Lee,james.lee1541@example.com,Canada,2023-09-16
1542,Marie,Garcia,marie.garcia1542@example.com,United States,2024-01-30
1543,Barbara,Williams,barbara.williams1543@example.com,United States,2023-07-01
1544,David,Lee,david.lee1544@example.com,France,2023-08-09
1545,Elizabeth,Smith,elizabeth.smith1545@example.com,United States,2024-09-01
1546,Yuki,Smith,yuki.smith1546@example.com,France,2023-12-26
1547,Mary,Chen,mary.chen1547@example.com,Canada,2023-09-24
1548,Michael,Mueller,michael.mueller1548@example.com,United States,2024-09-02
1549,William,Jones,william.jones1549@example.com,Germany,2024-05-27
1550,Robert,Williams,robert.williams1550@example.com,Canada,2023-07-19
1551,Patricia,Taylor,patricia.taylor1551@example.com,  Australia  ,2023-08-28
1552,Barbara,Garcia,barbara.garcia1552@example.com,United States,2024-11-27
1553,Marie,Chen,marie.chen1553@example.com,JAPAN,2024-04-04
1554,Marie,Moore,marie.moore1554@example.com,France,2023-04-17
1555,Mary,Dubois,mary.dubois1555@example.com,Canada,2024-10-25
1556,Michael,Tanaka,michael.tanaka1556@example.com,United States,2024-12-18
1557,Hans,Jones,hans.jones1557@example.com,  Canada  ,2023-08-17
1558,Liam,Johnson,liam.johnson1558@example.com,United States,2023-08-18
1559,William,Dubois,william.dubois1559@example.com,United States,2024-07-06
1560,Marie,Brown,marie.brown1560@example.com,Canada,2024-03-16
1561,Jennifer,Dubois,jennifer.dubois1561@example.com,UNITED STATES,2024-07-12
1562,David,Brown,david.brown1562@example.com,United States,2023-06-23
1563,Wei,Williams,wei.williams1563@example.com,Canada,2024-10-01
1564,Robert,Dubois,robert.dubois1564@example.com,Canada,2024-02-05
1565,Yuki,Brown,yuki.brown1565@example.com,United States,2023-06-27
1566,Linda,Tanaka,linda.tanaka1566@example.com,United Kingdom,2024-09-11
1567,Marie,Taylor,marie.taylor1567@example.com,United States,2024-04-16
1568,David,Smith,david.smith1568@example.com,United Kingdom,2024-01-16
1569,Olivia,Davis,olivia.davis1569@example.com,United States,2024-09-30
1570,Robert,Wilson,robert.wilson1570@example.com,United States,2024-02-08
1571,Mary,Miller,mary.miller1571@example.com,Australia,2024-07-21
1572,William,Miller,william.miller1572@example.com,Canada,2023-02-18
1573,Patricia,Johnson,,Canada,2024-07-25
1574,Barbara,Moore,barbara.moore1574@example.com,UNITED STATES,2023-08-04
1575,William,Tanaka,william.tanaka1575@example.com,United States,2023-12-10
1576,Liam,Miller,liam.miller1576@example.com,Canada,2024-08-16
1577,John,Smith,john.smith1577@example.com,United States,2024-02-18
1578,Liam,Brown,liam.brown1578@example.com,United States,2023-01-25
1579,John,Brown,john.brown1579@example.com,United States,2024-09-27
1580,David,Davis,david.davis1580@example.com,United States,2024-03-04
1581,James,Dubois,james.dubois1581@example.com,Australia,2024-10-07
1582,Yuki,Wilson,yuki.wilson1582@example.com,Germany,2023-10-06
1583,Michael,Moore,michael.moore1583@example.com,United States,2024-07-12
1584,Liam,Garcia,liam.garcia1584@example.com,United States,2023-07-11
1585,John,Tanaka,john.tanaka1585@example.com,United States,2024-02-02
1586,Marie,Wilson,marie.wilson1586@example.com,United States,2024-05-04
1587,Linda,Jones,linda.jones1587@example.com,  United States  ,2024-05-28
1588,James,Brown,james.brown1588@example.com,  Canada  ,2024-10-23
1589,Michael,Wilson,michael.wilson1589@example.com,United Kingdom,2024-02-16
1590,Yuki,Garcia,yuki.garcia1590@example.com,Australia,2024-06-15
1591,Olivia,Wilson,olivia.wilson1591@example.com,United States,2024-08-31
1592,Linda,Dubois,linda.dubois1592@example.com,United States,2023-12-22
1593,Hans,Moore,hans.moore1593@example.com,France,2024-12-21
1594,Elizabeth,Garcia,elizabeth.garcia1594@example.com,France,2023-06-10
1595,David,Davis,david.davis1595@example.com,United States,2024-07-10
1596,Patricia,Wilson,patricia.wilson1596@example.com,United Kingdom,2023-06-03
1597,Olivia,Wilson,olivia.wilson1597@example.com,Canada,2023-09-06
1598,Marie,Davis,marie.davis1598@example.com,United States,2023-10-04
1599,Hans,Miller,hans.miller1599@example.com,France,2024-05-09
1600,Olivia,Lee,olivia.lee1600@example.com,France,2023-04-18
1601,Olivia,Taylor,olivia.taylor1601@example.com,United States,2024-03-25
1602,Marie,Wilson,marie.wilson1602@example.com,United States,2023-08-24
1603,Mary,Tanaka,mary.tanaka1603@example.com,Germany,2023-12-04
1604,Linda,Wilson,linda.wilson1604@example.com,United States,2024-05-25
1605,Olivia,Dubois,olivia.dubois1605@example.com,  Canada  ,2023-10-31
1606,John,Mueller,john.mueller1606@example.com,United Kingdom,2023-12-08
1607,Elizabeth,Smith,elizabeth.smith1607@example.com,United Kingdom,2024-09-07
1608,Robert,Wilson,robert.wilson1608@example.com,United Kingdom,2023-10-24
1609,William,Wilson,william.wilson1609@example.com,United Kingdom,2024-07-30
1610,Barbara,Lee,barbara.lee1610@example.com,  United States  ,2024-09-02
1611,John,Moore,john.moore1611@example.com,United States,2024-06-27
1612,Liam,Brown,liam.brown1612@example.com,Germany,2023-03-05
1613,Jennifer,Miller,jennifer.miller1613@example.com,  Germany  ,2023-10-22
1614,Patricia,Brown,patricia.brown1614@example.com,  United Kingdom  ,2024-04-03
1615,Wei,Brown,wei.brown1615@example.com,United States,2024-10-17
1616,John,Johnson,john.johnson1616@example.com,United States,2024-04-29
1617,Jennifer,Mueller,jennifer.mueller1617@example.com,Australia,2023-09-19
1618,Linda,Davis,linda.davis1618@example.com,United Kingdom,2024-01-11
1619,Linda,Chen,linda.chen1619@example.com,United States,2024-07-02
1620,William,Chen,william.chen1620@example.com,United States,2023-10-05
1621,James,Johnson,james.johnson1621@example.com,Japan,2024-08-31
1622,Hans,Williams,hans.williams1622@example.com,Australia,2024-06-23
1623,Jennifer,Jones,jennifer.jones1623@example.com,JAPAN,2024-11-10
1624,John,Johnson,john.johnson1624@example.com,United States,2024-10-03
1625,Wei,Moore,wei.moore1625@example.com,Japan,2023-09-20
1626,John,Williams,john.williams1626@example.com,France,2023-09-26
1627,Elizabeth,Johnson,elizabeth.johnson1627@example.com,United States,2023-09-02
1628,Barbara,Mueller,barbara.mueller1628@example.com,United States,2024-11-05
1629,Jennifer,Johnson,jennifer.johnson1629@example.com,Germany,2023-12-13
1630,Jennifer,Tanaka,jennifer.tanaka1630@example.com,  United States  ,2024-07-20
1631,David,Brown,david.brown1631@example.com,Australia,2023-12-13
1632,Mary,Miller,mary.miller1632@example.com,United Kingdom,2023-05-18
1633,Hans,Miller,hans.miller1633@example.com,United States,2024-10-04
1634,James,Mueller,james.mueller1634@example.com,  Australia  ,2024-08-24
1635,Barbara,Garcia,barbara.garcia1635@example.com,Germany,2024-05-01
1636,Robert,Taylor,robert.taylor1636@example.com,France,2024-01-27
1637,Robert,Jones,robert.jones1637@example.com,Australia,2024-04-13
1638,David,Jones,david.jones1638@example.com,United States,2024-02-15
1639,Jennifer,Williams,jennifer.williams1639@example.com,Japan,2023-02-03
1640,Patricia,Garcia,patricia.garcia1640@example.com,United States,2024-08-08
1641,Linda,Dubois,linda.dubois1641@example.com,United States,2023-12-14
1642,William,Garcia,william.garcia1642@example.com,United Kingdom,2023-06-06
1643,Liam,Garcia,liam.garcia1643@example.com,United Kingdom,2023-06-05
1644,Wei,Brown,wei.brown1644@example.com,Japan,2024-12-22
1645,Robert,Smith,robert.smith1645@example.com,France,2023-06-13
1646,Barbara,Mueller,barbara.mueller1646@example.com,Australia,2023-12-06
1647,Jennifer,Brown,jennifer.brown1647@example.com,Canada,2023-11-06
1648,Michael,Dubois,michael.dubois1648@example.com,United States,2023-10-22
1649,Wei,Williams,wei.williams1649@example.com,Canada,2024-01-27
1650,Patricia,Johnson,patricia.johnson1650@example.com,United States,2023-03-22
1651,John,Tanaka,john.tanaka1651@example.com,United States,2023-08-21
1652,Jennifer,Davis,jennifer.davis1652@example.com,France,2023-12-14
1653,William,Johnson,william.johnson1653@example.com,United Kingdom,2024-10-10
1654,Marie,Wilson,marie.wilson1654@example.com,United States,2024-12-10
1655,Marie,Mueller,marie.mueller1655@example.com,Germany,2024-09-14
1656,James,Tanaka,james.tanaka1656@example.com,  Australia  ,2024-02-02
1657,Hans,Lee,hans.lee1657@example.com,United States,2023-12-30
1658,Olivia,Johnson,olivia.johnson1658@example.com,United States,2023-02-03
1659,Wei,Wilson,,  United Kingdom  ,2023-05-10
1660,Mary,Dubois,mary.dubois1660@example.com,Canada,2024-07-15
1661,Marie,Chen,,United States,2023-12-16
1662,Marie,Lee,marie.lee1662@example.com,UNITED STATES,2024-08-31
1663,Barbara,Chen,barbara.chen1663@example.com,United Kingdom,2023-09-15
1664,Robert,Dubois,robert.dubois1664@example.com,  United States  ,2024-01-21
1665,John,Williams,john.williams1665@example.com,United Kingdom,2024-07-17
1666,Liam,Smith,liam.smith1666@example.com,Canada,2024-09-05
1667,Linda,Wilson,linda.wilson1667@example.com,Germany,2023-03-26
1668,Robert,Williams,,United States,2023-10-15
1669,David,Jones,david.jones1669@example.com,Japan,2023-12-20
1670,Wei,Taylor,wei.taylor1670@example.com,Germany,2024-11-14
1671,Robert,Moore,,Canada,2024-03-19
1672,Barbara,Miller,barbara.miller1672@example.com,Germany,2023-11-21
1673,Robert,Brown,robert.brown1673@example.com,United States,2023-05-29
1674,Olivia,Moore,olivia.moore1674@example.com,France,2023-01-23
1675,Barbara,Williams,barbara.williams1675@example.com,United Kingdom,2024-07-04
1676,Yuki,Jones,yuki.jones1676@example.com,United States,2024-10-04
1677,Elizabeth,Miller,elizabeth.miller1677@example.com,  United States  ,2023-08-17
1678,Hans,Johnson,hans.johnson1678@example.com,  United Kingdom  ,2023-10-04
1679,James,Davis,james.davis1679@example.com,United States,2024-08-11
1680,Yuki,Lee,,United States,2024-08-27
1681,Barbara,Tanaka,,  United Kingdom  ,2024-11-10
1682,Olivia,Mueller,,Canada,2023-05-10
1683,Elizabeth,Garcia,elizabeth.garcia1683@example.com,United Kingdom,2024-11-01
1684,David,Wilson,david.wilson1684@example.com,United States,2023-07-28
1685,John,Dubois,john.dubois1685@example.com,United Kingdom,2024-09-19
1686,James,Lee,james.lee1686@example.com,Japan,2024-08-18
1687,John,Johnson,john.johnson1687@example.com,Germany,2023-07-08
1688,Linda,Davis,linda.davis1688@example.com,United States,2023-07-21
1689,Yuki,Mueller,yuki.mueller1689@example.com,Australia,2023-06-02
1690,Elizabeth,Mueller,elizabeth.mueller1690@example.com,Canada,2023-12-17
1691,David,Mueller,david.mueller1691@example.com,France,2023-11-14
1692,Yuki,Moore,yuki.moore1692@example.com,Japan,2024-03-07
1693,Wei,Mueller,wei.mueller1693@example.com,United States,2023-11-29
1694,Jennifer,Smith,jennifer.smith1694@example.com,Germany,2023-12-08
1695,Linda,Williams,,Canada,2024-12-14
1696,Marie,Dubois,marie.dubois1696@example.com,UNITED STATES,2024-05-23
1697,Hans,Jones,hans.jones1697@example.com,United States,2024-09-26
1698,Robert,Dubois,robert.dubois1698@example.com,Canada,2024-01-04
1699,Jennifer,Wilson,jennifer.wilson1699@example.com,United Kingdom,2024-10-26
1700,William,Chen,william.chen1700@example.com,Canada,2023-06-22
1701,Marie,Williams,marie.williams1701@example.com,Germany,2023-06-10
1702,Barbara,Davis,barbara.davis1702@example.com,Canada,2023-11-20
1703,Marie,Lee,marie.lee1703@example.com,France,2024-03-20
1704,James,Chen,james.chen1704@example.com,United States,2024-10-11
1705,David,Lee,david.lee1705@example.com,France,2024-11-07
1706,Elizabeth,Moore,elizabeth.moore1706@example.com,United States,2024-11-06
1707,Patricia,Wilson,patricia.wilson1707@example.com,Canada,2023-11-25
1708,David,Dubois,david.dubois1708@example.com,United Kingdom,2023-09-25
1709,Yuki,Tanaka,yuki.tanaka1709@example.com,  UNITED STATES  ,2023-07-02
1710,Marie,Miller,marie.miller1710@example.com,United Kingdom,2024-11-28
1711,Liam,Brown,liam.brown1711@example.com,  Germany  ,2023-10-17
1712,James,Jones,james.jones1712@example.com,United States,2023-04-16
1713,Elizabeth,Miller,elizabeth.miller1713@example.com,Japan,2023-02-08
1714,John,Dubois,john.dubois1714@example.com,  Australia  ,2024-02-04
1715,James,Brown,,Japan,2023-12-07
1716,Hans,Wilson,hans.wilson1716@example.com,Australia,2024-05-30
1717,Barbara,Miller,barbara.miller1717@example.com,Germany,2024-05-11
1718,Yuki,Lee,yuki.lee1718@example.com,Germany,2024-01-24
1719,Olivia,Miller,olivia.miller1719@example.com,United Kingdom,2024-06-03
1720,James,Brown,james.brown1720@example.com,Canada,2024-07-10
1721,Olivia,Wilson,olivia.wilson1721@example.com,United States,2023-11-26
1722,John,Taylor,john.taylor1722@example.com,Australia,2023-09-27
1723,Yuki,Lee,yuki.lee1723@example.com,United States,2023-04-19
1724,David,Jones,david.jones1724@example.com,United States,2023-05-20
1725,Yuki,Mueller,yuki.mueller1725@example.com,United States,2023-11-18
1726,Hans,Miller,hans.miller1726@example.com,Canada,2024-06-10
1727,John,Lee,john.lee1727@example.com,Australia,2024-09-12
1728,David,Johnson,david.johnson1728@example.com,FRANCE,2023-04-05
1729,William,Jones,william.jones1729@example.com,United States,2024-05-10
1730,Jennifer,Johnson,jennifer.johnson1730@example.com,United States,2024-12-03
1731,Marie,Lee,marie.lee1731@example.com,United States,2024-09-29
1732,Patricia,Lee,patricia.lee1732@example.com,United States,2024-05-27
1733,Michael,Lee,michael.lee1733@example.com,FRANCE,2023-05-06
1734,Michael,Chen,michael.chen1734@example.com,United States,2024-06-13
1735,Robert,Brown,robert.brown1735@example.com,United States,2024-01-16
1736,David,Davis,david.davis1736@example.com,Japan,2024-05-05
1737,Barbara,Dubois,barbara.dubois1737@example.com,Canada,2023-08-24
1738,James,Davis,james.davis1738@example.com,Canada,2023-07-27
1739,Liam,Dubois,liam.dubois1739@example.com,United States,2024-08-05
1740,Mary,Smith,mary.smith1740@example.com,  Canada  ,2024-04-10
1741,Barbara,Jones,barbara.jones1741@example.com,Australia,2023-02-10
1742,Liam,Garcia,liam.garcia1742@example.com,Australia,2023-07-05
1743,Michael,Garcia,michael.garcia1743@example.com,Canada,2024-01-11
1744,James,Garcia,james.garcia1744@example.com,Japan,2023-09-12
1745,Liam,Moore,liam.moore1745@example.com,Australia,2024-08-18
1746,Liam,Moore,liam.moore1746@example.com,United Kingdom,2023-03-20
1747,John,Wilson,john.wilson1747@example.com,Canada,2024-09-18
1748,Linda,Lee,linda.lee1748@example.com,Germany,2024-04-12
1749,Mary,Smith,mary.smith1749@example.com,Germany,2024-01-22
1750,Olivia,Davis,olivia.davis1750@example.com,United States,2024-06-10
1751,Mary,Johnson,mary.johnson1751@example.com,United States,2024-12-20
1752,Robert,Wilson,robert.wilson1752@example.com,  Australia  ,2024-03-16
1753,Yuki,Wilson,yuki.wilson1753@example.com,Germany,2024-06-20
1754,Hans,Chen,hans.chen1754@example.com,France,2024-10-23
1755,Marie,Brown,marie.brown1755@example.com,JAPAN,2024-01-05
1756,Elizabeth,Chen,elizabeth.chen1756@example.com,Canada,2023-12-29
1757,Wei,Williams,wei.williams1757@example.com,United States,2024-07-07
1758,Marie,Jones,marie.jones1758@example.com,United States,2024-10-27
1759,Mary,Mueller,mary.mueller1759@example.com,Australia,2023-08-09
1760,Wei,Johnson,wei.johnson1760@example.com,United States,2023-06-18
1761,Barbara,Taylor,barbara.taylor1761@example.com,United States,2024-08-25
1762,Jennifer,Tanaka,jennifer.tanaka1762@example.com,GERMANY,2024-04-22
1763,Patricia,Wilson,patricia.wilson1763@example.com,United States,2024-11-05
1764,David,Smith,david.smith1764@example.com,  Canada  ,2023-08-01
1765,Patricia,Davis,patricia.davis1765@example.com,  United States  ,2024-02-23
1766,Mary,Lee,mary.lee1766@example.com,France,2024-11-25
1767,David,Garcia,david.garcia1767@example.com,United States,2024-10-16
1768,James,Johnson,james.johnson1768@example.com,Japan,2024-10-16
1769,Olivia,Garcia,olivia.garcia1769@example.com,France,2024-10-16
1770,William,Mueller,,  United States  ,2024-10-26
1771,Jennifer,Smith,jennifer.smith1771@example.com,United States,2024-01-23
1772,Liam,Garcia,liam.garcia1772@example.com,United Kingdom,2024-08-29
1773,Hans,Jones,hans.jones1773@example.com,France,2023-12-05
1774,Robert,Miller,robert.miller1774@example.com,United States,2024-08-18
1775,Robert,Davis,robert.davis1775@example.com,United Kingdom,2023-04-16
1776,Hans,Miller,hans.miller1776@example.com,Australia,2024-09-11
1777,Marie,Lee,marie.lee1777@example.com,United States,2024-05-10
1778,Hans,Miller,hans.miller1778@example.com,United States,2023-06-02
1779,Liam,Garcia,liam.garcia1779@example.com,United Kingdom,2023-06-26
1780,David,Chen,david.chen1780@example.com,United States,2024-06-08
1781,Yuki,Miller,yuki.miller1781@example.com,United States,2024-09-24
1782,Barbara,Chen,barbara.chen1782@example.com,Canada,2024-12-16
1783,Yuki,Dubois,yuki.dubois1783@example.com,Canada,2024-07-11
1784,Linda,Chen,linda.chen1784@example.com,United States,2024-07-14
1785,Liam,Davis,liam.davis1785@example.com,Australia,2023-11-18
1786,Yuki,Mueller,yuki.mueller1786@example.com,United Kingdom,2024-08-06
1787,Robert,Mueller,,United Kingdom,2023-10-03
1788,William,Chen,william.chen1788@example.com,United States,2024-01-06
1789,David,Chen,david.chen1789@example.com,United Kingdom,2024-09-22
1790,Liam,Taylor,liam.taylor1790@example.com,Canada,2024-10-03
1791,Michael,Taylor,michael.taylor1791@example.com,Canada,2024-06-14
1792,Michael,Taylor,michael.taylor1792@example.com,United States,2023-08-23
1793,Elizabeth,Williams,elizabeth.williams1793@example.com,France,2023-07-26
1794,Mary,Miller,mary.miller1794@example.com,United States,2023-12-23
1795,James,Wilson,james.wilson1795@example.com,UNITED KINGDOM,2024-04-21
1796,Yuki,Moore,yuki.moore1796@example.com,France,2024-08-06
1797,Linda,Smith,linda.smith1797@example.com,  Canada  ,2023-04-10
1798,Robert,Smith,robert.smith1798@example.com,United States,2024-05-18
1799,David,Mueller,david.mueller1799@example.com,Australia,2023-04-29
1800,John,Wilson,john.wilson1800@example.com,France,2024-06-28
1801,Robert,Davis,robert.davis1801@example.com,Australia,2024-11-19
1802,Liam,Miller,liam.miller1802@example.com,United States,2024-10-16
1803,Elizabeth,Dubois,elizabeth.dubois1803@example.com,Japan,2024-06-15
1804,John,Chen,john.chen1804@example.com,Canada,2023-07-07
1805,Elizabeth,Brown,elizabeth.brown1805@example.com,Japan,2023-11-10
1806,Michael,Moore,michael.moore1806@example.com,Japan,2024-02-21
1807,William,Taylor,,Germany,2023-08-05
1808,Linda,Lee,linda.lee1808@example.com,Australia,2024-02-05
1809,Marie,Moore,marie.moore1809@example.com,United States,2024-09-06
1810,Michael,Dubois,,United States,2024-01-07
1811,David,Brown,david.brown1811@example.com,Canada,2024-05-12
1812,Yuki,Davis,yuki.davis1812@example.com,CANADA,2024-01-14
1813,Yuki,Wilson,yuki.wilson1813@example.com,United Kingdom,2024-12-20
1814,Wei,Smith,wei.smith1814@example.com,Australia,2023-06-20
1815,Linda,Garcia,linda.garcia1815@example.com,Germany,2023-07-15
1816,David,Smith,,Germany,2024-02-26
1817,Yuki,Dubois,yuki.dubois1817@example.com,United States,2023-04-06
1818,Hans,Williams,hans.williams1818@example.com,  France  ,2023-09-22
1819,Barbara,Lee,barbara.lee1819@example.com,United States,2024-07-14
1820,James,Brown,james.brown1820@example.com,France,2023-09-24
1821,Patricia,Johnson,patricia.johnson1821@example.com,Australia,2023-08-26
1822,Robert,Mueller,,Australia,2024-09-20
1823,Liam,Chen,liam.chen1823@example.com,  Germany  ,2023-10-19
1824,David,Wilson,david.wilson1824@example.com,United States,2024-12-08
1825,William,Miller,william.miller1825@example.com,United States,2024-08-29
1826,Mary,Brown,mary.brown1826@example.com,Canada,2023-05-12
1827,John,Moore,john.moore1827@example.com,United States,2024-01-21
1828,James,Chen,james.chen1828@example.com,United Kingdom,2023-12-23
1829,David,Johnson,david.johnson1829@example.com,United States,2024-11-18
1830,Wei,Garcia,wei.garcia1830@example.com,Canada,2024-01-13
1831,Hans,Garcia,hans.garcia1831@example.com,Japan,2024-07-18
1832,Robert,Moore,robert.moore1832@example.com,Canada,2023-02-10
1833,Jennifer,Brown,jennifer.brown1833@example.com,Australia,2023-11-12
1834,Linda,Chen,linda.chen1834@example.com,United States,2023-03-01
1835,Mary,Dubois,mary.dubois1835@example.com,United States,2024-09-27
1836,Barbara,Dubois,,United Kingdom,2024-08-03
1837,Linda,Johnson,linda.johnson1837@example.com,Canada,2024-04-30
1838,Patricia,Moore,patricia.moore1838@example.com,Japan,2023-09-30
1839,Barbara,Tanaka,,United States,2024-01-24
1840,Michael,Dubois,michael.dubois1840@example.com,United States,2024-07-24
1841,Liam,Garcia,liam.garcia1841@example.com,United States,2024-01-14
1842,Barbara,Mueller,barbara.mueller1842@example.com,  United States  ,2024-07-23
1843,James,Miller,james.miller1843@example.com,United States,2024-06-13
1844,Marie,Taylor,marie.taylor1844@example.com,United States,2024-11-06
1845,James,Chen,,Australia,2024-06-28
1846,Wei,Johnson,wei.johnson1846@example.com,United States,2024-02-05
1847,Elizabeth,Brown,elizabeth.brown1847@example.com,France,2023-12-12
1848,Robert,Miller,robert.miller1848@example.com,UNITED STATES,2024-05-14
1849,William,Jones,william.jones1849@example.com,United Kingdom,2023-09-13
1850,Patricia,Smith,,United States,2023-12-27
1851,Jennifer,Davis,jennifer.davis1851@example.com,United Kingdom,2024-01-17
1852,James,Davis,james.davis1852@example.com,Australia,2024-10-23
1853,Mary,Tanaka,mary.tanaka1853@example.com,JAPAN,2024-01-30
1854,William,Moore,william.moore1854@example.com,France,2024-10-06
1855,Patricia,Brown,,United States,2023-02-27
1856,James,Davis,james.davis1856@example.com,UNITED STATES,2023-11-04
1857,Linda,Taylor,linda.taylor1857@example.com,Australia,2024-02-15
1858,Olivia,Jones,olivia.jones1858@example.com,France,2023-01-13
1859,Marie,Dubois,marie.dubois1859@example.com,FRANCE,2023-07-17
1860,Yuki,Lee,yuki.lee1860@example.com,United States,2023-06-14
1861,Michael,Jones,michael.jones1861@example.com,Japan,2024-01-11
1862,Olivia,Lee,olivia.lee1862@example.com,United States,2024-04-30
1863,Elizabeth,Tanaka,elizabeth.tanaka1863@example.com,United States,2024-07-10
1864,Linda,Dubois,linda.dubois1864@example.com,Germany,2023-11-06
1865,Mary,Brown,mary.brown1865@example.com,United Kingdom,2023-05-24
1866,Patricia,Wilson,patricia.wilson1866@example.com,United States,2023-05-25
1867,Elizabeth,Smith,elizabeth.smith1867@example.com,United States,2023-11-08
1868,Hans,Taylor,hans.taylor1868@example.com,United Kingdom,2024-08-26
1869,Jennifer,Dubois,jennifer.dubois1869@example.com,United States,2024-10-04
1870,Patricia,Williams,patricia.williams1870@example.com,United States,2023-10-12
1871,William,Johnson,william.johnson1871@example.com,United States,2024-02-24
1872,Elizabeth,Tanaka,elizabeth.tanaka1872@example.com,Canada,2024-04-16
1873,Elizabeth,Tanaka,elizabeth.tanaka1873@example.com,France,2024-06-30
1874,James,Lee,james.lee1874@example.com,United States,2024-07-08
1875,Mary,Johnson,mary.johnson1875@example.com,United Kingdom,2023-09-30
1876,Barbara,Brown,barbara.brown1876@example.com,United States,2023-05-19
1877,Linda,Smith,linda.smith1877@example.com,United Kingdom,2023-10-29
1878,Mary,Brown,mary.brown1878@example.com,United States,2023-09-17
1879,Mary,Lee,mary.lee1879@example.com,France,2024-07-13
1880,William,Williams,william.williams1880@example.com,Japan,2024-05-16
1881,James,Miller,james.miller1881@example.com,France,2024-10-25
1882,William,Miller,william.miller1882@example.com,United States,2024-02-29
1883,Patricia,Garcia,patricia.garcia1883@example.com,United Kingdom,2024-05-23
1884,Elizabeth,Garcia,elizabeth.garcia1884@example.com,France,2023-08-01
1885,Barbara,Tanaka,,  United Kingdom  ,2024-09-03
1886,Marie,Chen,marie.chen1886@example.com,United Kingdom,2024-04-03
1887,Michael,Brown,michael.brown1887@example.com,United States,2024-01-21
1888,Marie,Davis,marie.davis1888@example.com,Japan,2024-08-20
1889,Wei,Dubois,wei.dubois1889@example.com,United States,2024-04-09
1890,James,Davis,james.davis1890@example.com,United States,2023-07-07
1891,Olivia,Davis,olivia.davis1891@example.com,United Kingdom,2023-08-10
1892,Elizabeth,Dubois,elizabeth.dubois1892@example.com,United Kingdom,2024-04-16
1893,Olivia,Brown,olivia.brown1893@example.com,United States,2023-12-11
1894,Barbara,Tanaka,barbara.tanaka1894@example.com,United States,2024-01-30
1895,Robert,Tanaka,robert.tanaka1895@example.com,United States,2023-01-27
1896,Wei,Brown,wei.brown1896@example.com,United States,2023-06-26
1897,Hans,Mueller,hans.mueller1897@example.com,United Kingdom,2023-06-25
1898,Elizabeth,Dubois,elizabeth.dubois1898@example.com,United States,2024-03-25
1899,David,Moore,david.moore1899@example.com,Canada,2024-07-15
1900,William,Moore,william.moore1900@example.com,United Kingdom,2024-09-30
1901,Jennifer,Chen,jennifer.chen1901@example.com,United States,2024-05-22
1902,James,Miller,james.miller1902@example.com,France,2024-08-25
1903,Hans,Davis,hans.davis1903@example.com,Canada,2024-12-17
1904,Marie,Dubois,marie.dubois1904@example.com,Australia,2023-06-30
1905,Mary,Mueller,mary.mueller1905@example.com,France,2023-10-11
1906,Barbara,Taylor,,United States,2024-10-20
1907,William,Wilson,william.wilson1907@example.com,Germany,2024-07-03
1908,William,Lee,william.lee1908@example.com,Japan,2024-03-12
1909,Barbara,Wilson,barbara.wilson1909@example.com,United States,2024-03-09
1910,Mary,Lee,mary.lee1910@example.com,United Kingdom,2024-06-17
1911,Yuki,Taylor,yuki.taylor1911@example.com,United Kingdom,2023-09-13
1912,Michael,Miller,michael.miller1912@example.com,United States,2024-11-19
1913,Liam,Chen,liam.chen1913@example.com,United States,2024-06-03
1914,Yuki,Taylor,yuki.taylor1914@example.com,Japan,2023-11-03
1915,Yuki,Wilson,yuki.wilson1915@example.com,Canada,2024-05-03
1916,Jennifer,Chen,jennifer.chen1916@example.com,United States,2024-10-07
1917,Linda,Tanaka,linda.tanaka1917@example.com,  Japan  ,2023-07-20
1918,Wei,Mueller,wei.mueller1918@example.com,Australia,2024-07-01
1919,Marie,Tanaka,marie.tanaka1919@example.com,Australia,2023-10-20
1920,Robert,Johnson,robert.johnson1920@example.com,United States,2023-11-14
1921,Michael,Miller,michael.miller1921@example.com,Canada,2024-11-10
1922,David,Tanaka,david.tanaka1922@example.com,United States,2024-07-04
1923,Marie,Smith,marie.smith1923@example.com,United Kingdom,2024-04-22
1924,Elizabeth,Taylor,elizabeth.taylor1924@example.com,  United States  ,2023-12-31
1925,James,Williams,,United States,2024-02-10
1926,Patricia,Dubois,patricia.dubois1926@example.com,Germany,2024-10-21
1927,James,Miller,james.miller1927@example.com,United Kingdom,2024-11-17
1928,Yuki,Lee,yuki.lee1928@example.com,Germany,2023-11-05
1929,Robert,Mueller,robert.mueller1929@example.com,United States,2024-02-02
1930,James,Miller,james.miller1930@example.com,Canada,2023-07-25
1931,Barbara,Moore,barbara.moore1931@example.com,Germany,2023-04-01
1932,Robert,Garcia,robert.garcia1932@example.com,Germany,2023-09-25
1933,Patricia,Jones,patricia.jones1933@example.com,Japan,2024-05-20
1934,Michael,Jones,michael.jones1934@example.com,Japan,2023-12-20
1935,Robert,Jones,robert.jones1935@example.com,  France  ,2024-04-22
1936,Olivia,Davis,olivia.davis1936@example.com,United States,2023-07-08
1937,Barbara,Wilson,barbara.wilson1937@example.com,United States,2024-10-02
1938,David,Taylor,david.taylor1938@example.com,Australia,2023-11-30
1939,Olivia,Jones,olivia.jones1939@example.com,United Kingdom,2024-07-03
1940,Olivia,Taylor,olivia.taylor1940@example.com,United States,2023-10-10
1941,Liam,Johnson,liam.johnson1941@example.com,France,2024-03-10
1942,William,Smith,william.smith1942@example.com,United States,2024-03-09
1943,Robert,Williams,robert.williams1943@example.com,United States,2024-11-03
1944,Liam,Smith,liam.smith1944@example.com,United States,2024-05-19
1945,David,Dubois,david.dubois1945@example.com,Canada,2023-12-03
1946,Barbara,Williams,barbara.williams1946@example.com,France,2023-09-04
1947,Wei,Brown,wei.brown1947@example.com,Australia,2024-03-22
1948,Yuki,Tanaka,yuki.tanaka1948@example.com,United Kingdom,2023-09-06
1949,Robert,Lee,robert.lee1949@example.com,United States,2024-05-31
1950,Marie,Johnson,marie.johnson1950@example.com,UNITED STATES,2023-12-06
1951,Marie,Moore,marie.moore1951@example.com,United Kingdom,2024-09-24
1952,Liam,Dubois,liam.dubois1952@example.com,United States,2023-04-25
1953,Hans,Brown,hans.brown1953@example.com,  United States  ,2024-11-16
1954,Yuki,Garcia,yuki.garcia1954@example.com,United States,2023-09-03
1955,Robert,Chen,robert.chen1955@example.com,United States,2024-10-02
1956,Patricia,Jones,patricia.jones1956@example.com,Germany,2023-11-13
1957,Wei,Jones,wei.jones1957@example.com,Canada,2024-07-07
1958,Liam,Garcia,liam.garcia1958@example.com,UNITED STATES,2024-12-28
1959,Linda,Tanaka,linda.tanaka1959@example.com,United States,2023-11-20
1960,Linda,Lee,linda.lee1960@example.com,United Kingdom,2024-08-03
1961,John,Johnson,john.johnson1961@example.com,United States,2023-10-04
1962,Mary,Johnson,mary.johnson1962@example.com,United States,2024-01-25
1963,Barbara,Davis,barbara.davis1963@example.com,Germany,2023-12-17
1964,Marie,Johnson,,Canada,2024-06-22
1965,Michael,Mueller,michael.mueller1965@example.com,France,2023-10-31
1966,Wei,Taylor,wei.taylor1966@example.com,Japan,2024-03-11
1967,Olivia,Tanaka,olivia.tanaka1967@example.com,United States,2023-10-26
1968,Elizabeth,Moore,elizabeth.moore1968@example.com,United States,2023-05-29
1969,Wei,Moore,wei.moore1969@example.com,Australia,2024-09-11
1970,William,Jones,william.jones1970@example.com,United Kingdom,2024-05-29
1971,Linda,Wilson,linda.wilson1971@example.com,France,2023-09-09
1972,Elizabeth,Mueller,elizabeth.mueller1972@example.com,United States,2023-12-25
1973,James,Williams,james.williams1973@example.com,United States,2024-04-20
1974,David,Taylor,david.taylor1974@example.com,United Kingdom,2024-12-25
1975,Robert,Garcia,robert.garcia1975@example.com,United States,2024-08-01
1976,Michael,Dubois,michael.dubois1976@example.com,Japan,2023-11-01
1977,James,Miller,james.miller1977@example.com,United States,2024-04-24
1978,Mary,Garcia,mary.garcia1978@example.com,United States,2024-02-07
1979,Olivia,Chen,olivia.chen1979@example.com,France,2023-10-01
1980,Elizabeth,Williams,elizabeth.williams1980@example.com,Germany,2024-06-27
1981,Yuki,Dubois,yuki.dubois1981@example.com,United States,2023-07-01
1982,Olivia,Wilson,olivia.wilson1982@example.com,Canada,2023-09-13
1983,Linda,Garcia,linda.garcia1983@example.com,UNITED STATES,2023-05-29
1984,Barbara,Johnson,barbara.johnson1984@example.com,United States,2024-01-16
1985,John,Garcia,john.garcia1985@example.com,UNITED STATES,2023-10-21
1986,Liam,Wilson,liam.wilson1986@example.com,Germany,2024-01-19
1987,Hans,Garcia,hans.garcia1987@example.com,  United States  ,2023-04-29
1988,Wei,Miller,wei.miller1988@example.com,United States,2024-06-05
1989,John,Smith,john.smith1989@example.com,Australia,2024-06-30
1990,Yuki,Dubois,yuki.dubois1990@example.com,United States,2023-11-23
1991,David,Tanaka,david.tanaka1991@example.com,France,2024-09-16
1992,Yuki,Garcia,yuki.garcia1992@example.com,United Kingdom,2023-11-07
1993,Marie,Mueller,marie.mueller1993@example.com,Japan,2024-06-20
1994,Olivia,Smith,olivia.smith1994@example.com,  United Kingdom  ,2024-09-26
1995,Barbara,Garcia,barbara.garcia1995@example.com,Canada,2023-06-05
1996,Michael,Chen,michael.chen1996@example.com,Germany,2023-11-19
1997,Wei,Wilson,wei.wilson1997@example.com,United Kingdom,2024-09-09
1998,Patricia,Williams,patricia.williams1998@example.com,United States,2024-04-05
1999,Olivia,Brown,olivia.brown1999@example.com,UNITED KINGDOM,2024-04-13
2000,Linda,Brown,linda.brown2000@example.com,Germany,2023-09-20
2001,Marie,Dubois,marie.dubois1073+dup@example.com,United States,2023-12-01
2002,Robert,Lee,robert.lee1049+dup@example.com,United States,2023-05-15
2003,William,Williams,william.williams205+dup@example.com,United States,2024-06-30
2004,Olivia,Johnson,olivia.johnson695+dup@example.com,United States,2023-04-21
2005,Mary,Mueller,mary.mueller1759+dup@example.com,Australia,2023-08-09
2006,Marie,Jones,marie.jones285+dup@example.com,Canada,2024-09-04
2007,Elizabeth,Smith,elizabeth.smith1867+dup@example.com,United States,2023-11-08
2008,James,Miller,james.miller1927+dup@example.com,United Kingdom,2024-11-17
